keyword,title,description,link,start_places,time_of_day,nouns
서울러닝코스,서울 러닝 코스 추천! 잠수교 분수런부터 귀여움 터지는... ,"특별한 러닝을 하고 왔음.  GPS로 그리는 강아지? 서울 도심 댕댕이런 도전기! 코스는 광화문 근처에서... 세운상가 서울 러닝 코스 검색하다 우연히 알게 된 건데, 이거 은근 중독성 있음. 힘들어서 멈추고 싶을... ",https://blog.naver.com/kstevie/224259848914,"센터점,달빛광장,모여,반신반의하며,달빛광장에서",저녁,"잠수교,분수런,강아지,도심,댕댕,도전,광화문,세운상가,검색,은근,중독,발리,요즘,매력,발리,예전,기록,래야,경쟁심,발리"
서울러닝코스,도전기 #6 [서울 러닝 코스]... 무릎이 편안한 힐링 코스 추천),체력증진 #부상복귀 #복귀러닝 #동적스트레칭 #하프마라톤준비 #15km완주 #러닝목표 #성북천 #청계천 #중랑천 #러닝코스추천 #서울달리기 #성북천러닝 #한성대입구역 #석계역러닝 #서울러닝코스 #물길따라달리기,https://blog.naver.com/dudgmlqo/224265882257,"발바닥,입구,성북천,루트","오전,오후,밤","도전,무릎,힐링,체력,증진,부상,강제,휴식,다시,운동화,위로,평균,평균,심박,평균,케이,던스,복귀,가장,신경"
서울러닝코스,"서울 러닝코스 추천, 처음 시작하기 좋은 구간은 어디일까",이 점이 러닝을 꾸준히 이어가기 좋은 이유가 됩니다. 오늘은 서울 러닝코스 추천해드리도록... 서울에서 러닝코스로 자주 언급되는 장소는 어디일까 여의도 한강공원은 러닝 인구가 특히 많은 곳입니다. 평지... ,https://blog.naver.com/fing3rscompany/224122802761,,"저녁,밤","처음,어디,이유,자주,언급,장소,어디,여의도,한강,인구,평지,여러분,골프,핑골,생활,선택,점점,헬스장,바깥,공기"
서울러닝코스,접수 일정 참가비 기념품 서울 러닝 코스 10km 5k 달리기,2026 버킷런 마라톤 접수 일정 참가비 기념품 서울 러닝 코스 10km 5k 달리기 버킷런으로 계속... #2026버킷런 #버킷런 #한강러닝대회 #잠실한강공원 #서울러닝 #5km달리기 #10km달리기#러닝 #러닝대회정보... ,https://blog.naver.com/qhadldhaus98/224135966215,"모래사장,되돌아와,동일하게,다시","아침,오전,오후,밤","접수,일정,참가,기념품,버킷,접수,일정,참가,기념품,버킷런,계속,버킷,접수,일정,참가,기념품,버킷런,계속,작년,일정"
서울러닝코스,서울 송파 러닝 코스 빵런! - 문정 플루엣 &amp; 룰루 베이글,서울 송파 러닝 코스 빵런! 플루엣 &amp; 룰루베이글 2025년 가장 열심히 했던거 중에 하나가 바로... #서울러닝 #송파러닝 #플루엣송파본점 #룰루베이글 #문정동베이커피 #송파빵집 #빵런 #서울러닝코스,https://blog.naver.com/bigway22/224131445215,석촌호수,"아침,오전","송파,빵런,문정,플루,룰루,베이글,송파,빵런,플루,룰루,베이글,가장,하나,바로,송파,빵런,플루,룰루,베이글,가장"
서울러닝코스,2026 서울유아차런 훈련 고양시 러닝코스 성사체육공원 추천,1km 구간 중 초반 200m 및 후반 150m 그러니까 약 350m 구간이 업힐이며 나머지는 평지와 내리막으로 되어 훈련하기 딱 좋은 고양시 러닝코스이죠. 금번 2026 서울유아차런은 8km 러닝이 예정되어 있기에 비슷한... ,https://blog.naver.com/enterside/224225035937,,"오전,오후","유아차,고양시,성사,체육,초반,후반,업힐,나머지,평지,내리막,고양시,금번,유아차,예정,고저,순환,미스터,유아차,주일,방문"
서울러닝코스,티켓팅 신청 예매 방법 서울 러닝 잉어킹 마라톤 코스,"오늘은 2026 포켓몬런 서울 일정과 티켓 예매 방법, 코스 정보를 한 번에 정리해볼게요. 포켓몬런 행사 정보 포켓몬런은 포켓몬 IP를 활용한 테마형 러닝 이벤트예요. 기록 경쟁 중심 마라톤이라기보다 캐릭터... ",https://blog.naver.com/jini4998/224202408668,,"아침,오전,오후,저녁,밤","티켓팅,신청,예매,잉어킹,포켓몬,일정,티켓,예매,정리,포켓몬,행사,포켓몬,포켓몬,활용,테마,이벤트,기록,경쟁,중심,캐릭터"
서울러닝코스,서울 초보 러닝 코스 추천 어린이대공원 붕어빵런 5KM 달리기,오늘 소개해 드릴 곳은 서울 러닝 코스 중 초보자들이 뛰기 좋은 '어린이대공원'을 소개해 드리려고 합니다! :) 완주하면 붕어빵 모양으로 뛸 수 있어서 '붕어빵런'으로도 유명해요! [서울 초보 러닝 코스... ,https://blog.naver.com/sinnyarea/224131004045,"후문,정문",밤,"초보,어린이,붕어빵,드릴,초보자,어린이,완주,붕어빵,모양,붕어빵,초보,초보,어린이,붕어빵,산시,요즘,노력,드릴,초보자,어린이"
서울러닝코스,예방하는 회복 러닝? 서울 5km 벚꽃 러닝코스와 골반 밀기,회복 러닝을 하며 자세를 교정하기에 서울 내에서 이만한 연습실이 또 있을까 싶습니다. 다만... 운동화끈묶는법 #서울러닝코스 #벚꽃러닝코스 #성내천러닝 #올림픽공원러닝 #송파러닝 #2주챌린지... ,https://blog.naver.com/dee7781/224241958154,,아침,"예방,회복,벚꽃,골반,회복,자세,교정,이만,연습실,다만,화끈,연속,아침,다리,근육,평소,건강검진,목표,눈앞,질주"
서울러닝코스,2026 포켓몬런 마라톤 신청 서울 러닝 코스 접수 예매 티켓팅... ,"2026 포켓몬런 마라톤 신청 서울 러닝 코스 접수 예매 티켓팅 방법 어린이날 행사 굿즈 참가상품 뚝섬... 테마 러닝 이벤트로, 서울 광진구 뚝섬 한강공원 수변무대(강변북로 139)에서 진행됩니다. 비경쟁... ",https://blog.naver.com/miha1023/224201547581,,"아침,오전,저녁","포켓몬,신청,접수,예매,티켓팅,포켓몬,신청,접수,예매,티켓팅,어린이날,행사,참가,상품,뚝섬,테마,이벤트,광진구,뚝섬,한강"
서울러닝코스,서울러닝코스 장한평 맛집 각식당 LA갈비 맛있는 곳,장한평 맛집 @각식당LA갈비 장한평 - 군자가 서울 마라톤 코스라서 주말에 자주 집 앞에 통제하고... 담에는 러닝 인증하고 이벤트 사이드 받아야지…! &gt;_&lt;  장한평 맛집 각식당LA갈비 서울 러닝 코스  저는... ,https://blog.naver.com/rtldmsql11/224264627565,,오후,"장한평,맛집,식당,갈비,장한평,맛집,식당,갈비,장한평,군자,주말,자주,통제,인증,이벤트,사이드,장한평,맛집,식당,갈비"
서울러닝코스,서울 힐링 러닝 코스! 한양도성길 트레일 러닝 후기,서울 힐링 러닝 코스! 한양도성길 트레일 러닝 후기 서울 힐링 러닝 코스! 한양도성길 트레일 러닝 후기... 한양도성길은 단순히 서울 러닝 코스라고 생각하고 접근하면 생각보다 훨씬 힘들게 느껴질 수 있습니다.... ,https://blog.naver.com/sjsg0079/224257365254,"서울역,시에","아침,오전","힐링,한양도성,트레일,힐링,한양도성,트레일,힐링,한양도성,트레일,한양도성,접근,힐링,한양도성,트레일,힐링,한양도성,트레일,숭례문,서울특별시,중구"
서울러닝코스,서울 러닝코스 추천 (남산공원•위례호수공원 +포천산정호수),새로운 러닝코스 추천입니다 :-)/ 서울 • 서울 근교 러닝하기 좋은 곳  첫번째는 #남산둘레길 #남산 조금... 갑니당 ⬇️⬇️⬇️⬇️⬇️ #러닝코스 #서울러닝코스 #러닝코스추천 #서울러닝코스추천... ,https://blog.naver.com/dmsal217/224065126599,,아침,"남산,위례,호수,포천,산정호수,근교,조금,요즘,회사,일이,실내,야외,선호,신랑,하나,취미,이자,데이트,이유,포천"
서울러닝코스,[서울 러닝 코스] 한강 러닝 코스 추천 | 당산역... ,요즘 주말 나의 낙 서울 러닝 명소 찾아다니기 지하철역이랑 바로 이어져서 한강 러닝 할 수 있는 코스가 있다길래 토요일 눈 뜨자마자 출바알 ✨ 당산역 4번 출구로 나오면 바로 한강공원 가는 길이... ,https://blog.naver.com/ju_hyun1031/224238803137,"표지판,표지판에서",오전,"한강,당산역,요즘,주말,명소,지하철역,바로,한강,토요일,바알,당산역,출구,바로,한강,길이,요즘,주말,명소,지하철역,바로"
서울러닝코스,[서울 러닝 코스 추천] 영상 5도~10도 러닝 옷차림 완벽... ,드린 서울의 예쁜 코스들 중 마음에 드는 곳을 골라 이번 주말 가볍게 5km부터 시작해 보는 건 어떨까요? 안전하고 즐거운 러닝 되시길 응원합니다! #영상5도러닝 #영상10도옷차림 #러닝복장추천 #서울러닝코스... ,https://blog.naver.com/yeepi01/224214350293,,"저녁,밤","옷차림,완벽,마음,주말,부터,응원,업힐,서녕,요즘,기온,사이,날씨,정말,계륵,겉옷,막상,금방,뻘뻘,처치,곤란"
서울러닝코스,"1/4 서울 러닝코스, 여의도공원 8km 러닝, 더현대서울 구경... ",13km 기록 확실히 러닝을 처음 시작했을때보다 빨라졌다. 초반에는 5분 페이스대로 달리기도 하고 전체적으로 6분 초반대로 가능한 상황 체력이 확실히 좋아졌어 :) 여의나루역에 나온김에 더현대서울 구경을... ,https://blog.naver.com/najilong5027/223715067902,여의나루,"아침,오전,오후,저녁","여의도,현대,구경,기록,처음,초반,전체,초반,상황,체력,여의나루역,현대,구경,신랑,아침,저녁,햇살,여의도,예정,지하철"
서울러닝코스,2026 서울 하프 마라톤 일정 러닝 코스 하프 10km 달리기,2026 서울 하프 마라톤 일정 러닝 코스 하프 10km 달리기 2026 서울하프마라톤은 4월 26일 서울 도심 일대에서 개최됩니다. 광화문광장에서 출발하여 여의도와 상암동을 잇는 이번 대회는 하프마라톤... ,https://blog.naver.com/qhadldhaus98/224258685947,"광화문광장,화문광장에서,광화문",오전,"하프,일정,하프,하프,일정,하프,하프마라톤,도심,일대,개최,광화문,광장,여의도,상암동,대회,하프마라톤,하프,일정,하프,하프마라톤"
서울러닝코스,서울 러닝 코스 여의도 고구마런 후기,해결되는 서울 러닝 코스를 찾는 분들께 이번 여의도 고구마런 후기가 꽤 도움이 될 것 같아요. 이날은 여의나루역 러너스테이션에서 출발해서 여의도 한강공원 쪽으로 이어지는 약 8km 코스를 달렸습니다. 러닝... ,https://blog.naver.com/feed_pocket/224251023037,"스테이션에서,러너스테이션,풀고,좋게",시간미상,"여의도,고구마,해결,여의도,고구마,도움,여의나루역,러너,스테이션,여의도,한강,피드입니,샤워,해결,여의도,고구마,도움,여의나루역,러너,스테이션"
서울러닝코스,서울 한강 러닝 코스 &amp;  한강버스 잠실선착장 테라로사 카페... ,서울 한강 러닝 코스 테라로사 카페 &amp; 한강공원 모래놀이터 요즘 러닝 하기 너무 좋은 계절인데요! 오늘은 서울 한강 러닝 코스와 러닝 후 가기 좋은 테라로사 카페 자세히 소개해 드릴게요:) 한강러닝 코스 1.... ,https://blog.naver.com/bigway22/224256698423,"한강공원,탄천,탄천에서","오전,저녁,밤","한강,한강,버스,잠실,선착장,테라로사,카페,한강,테라로사,카페,한강,모래,놀이터,요즘,계절,한강,가기,테라로사,카페,한강"
서울러닝코스,일산 서울 한강 러닝 코스 27km lsd 러닝 코스 GPX첨부,마포에서 일산호공 서울에서 일산 LSD 러닝 코스 단톡방에도 물어보고 인터넷도 뒤져보고 조금의 정보는 있었지만 코스가 별로라거나 자세한 정보를 알 수 없어서 직접 달려봤습니다. 대략 가양대교에서... ,https://blog.naver.com/kaeback2/224109072674,,저녁,"일산,한강,첨부,마포,일산,호공,일산,톡방,인터넷,보고,조금,로라,거나,직접,대략,가양대교,마포,일산,호공,일산"
서울러닝코스,서울 5KM 달리기 러닝 코스 추천 어린이대공원 붕어빵런,서울 5km 달리기 러닝 코스 어린이대공원 붕어빵런 안녕하세요! 광진구 SNS 서포터즈 산시니입니다... 이색적인 서울 러닝 코스 꼭 코스를 고정하지 않고 귀여운 동물 친구들이 있는 동물원을 가로질러 뛰거나... ,https://blog.naver.com/sinnyarea/224199498633,,"오전,밤","어린이,붕어빵,어린이,붕어빵,광진구,서포터즈,산시,이색,고정,동물,동물원,어린이,붕어빵,광진구,서포터즈,산시,요즘,날씨,바로,광진구"
서울러닝코스,성북천 산책로 서울 혼자여행 러닝코스 추천,"서울혼자여행이나 러닝코스, 산책할 곳을 찾고 계신다면 여기는 꼭 한 번 걸어보시길 추천드릴게요! 다음에도 또 다른 장소로 찾아올게요. 감사합니다 :) 도움이 되셨다면 팬 하기 눌러주세요 ♥️",https://blog.naver.com/who_u_who/223919691513,,오전,"성북천,산책로,여행,여행,산책,다음,다른,장소,도움,성북천,여행,산책로,모리,전국,방방곡곡,여행,플루,모리,뜻밖,장소"
서울러닝코스,자연과 함께하는 서울 러닝코스 추천해요!,"탁 트인 하늘과 바람이 함께 해주는 이 출발 지점은 서울 러닝 코스 중에서도 손에 꼽고 싶을... 길이라 러닝 초보자도 속도내기 좋아요 • 흙길+자연+조용함+서울 시내 뷰+ 한강 → 이 조합, 대체 불가능 코스... ",https://blog.naver.com/prmapo77/223966897335,가양대교,오전,"자연,하늘,바람,지점,길이,초보자,속도,내기,흙길,자연,시내,한강,조합,대체,불가능,이제,일상,노을,하늘,원래"
서울러닝코스,[서울 러닝 코스 추천 7탄]... 받고 8km 러닝 후기[feat.첵스 초코],&lt;서울 러닝 추천 코스 모음&gt; 1.경희대학교 러닝 https://m.blog.naver.com/PostView.naver?blogId=gunbbang930&amp;logNo... 보라매공원 러닝 https://m.blog.naver.com/gunbbang930/224179177895 #러닝후기 #러닝 #서울러닝코스 #서울런... ,https://blog.naver.com/gunbbang930/224213868016,시점,밤,"첵스,초코,모음,경희대학교,보라매,국내,여행,러너,채피,여름,일본,여행,마음,신청,여권,발급,당장,꾸욱,참고,마음"
서울러닝코스,7979 서울 러닝크루 모집 수준별 야간 러닝 코스 정보,"10월까지 매주 목요일 저녁에 운영되는 7979 서울 러닝크루가 진행됩니다. 광화문, 반포, 여의도 등 수준별 코스와 전문가의 코칭, 안전한 런티켓 캠페인 정보를 정리합니다. 바쁜 일상 속에서 건강을 챙기기란... ",https://blog.naver.com/dysnomia/224256209216,,"저녁,밤","크루,모집,수준별,야간,목요일,저녁,운영,크루,진행,광화문,반포,여의도,수준별,전문가,코칭,티켓,캠페인,정리,일상,건강"
서울러닝코스,시 무릎 통증&quot; 잡는 상체 이완법? 서울 5km 벚꽃 러닝코스 추천,특히 성내천에서 올림픽공원을 잇는 이 벚꽃 러닝코스는 서울 내에서 보기 드문 '고저 차가 적은... 상체이완 #러닝자세 #달리기자세 #운동화끈묶는법 #러닝화추천 #서울러닝코스 #벚꽃러닝코스 #성내천러닝... ,https://blog.naver.com/dee7781/224238913094,,아침,"무릎,통증,상체,이완,벚꽃,성내천,올림픽,벚꽃,보기,고저,상체,이완,벚꽃,건강검진,목표,벌써,사실,침대,평소,조금"
서울러닝코스,서울 트레일러닝 코스 추천 BEST 7: 입문부터 서울트레일런... ,"서울 트레일러닝 코스 추천 BEST 7: 입문부터 서울트레일런 대회 준비까지 난이도별 완벽 정리! 산과 도심을 넘나들며 달리는 매력, 트레일러닝(Trail Running)의 계절이 돌아오고 있습니다. 단순히 평지를 달리는... ",https://blog.naver.com/ohayo11/224192536824,"독립문,구파발,독립문역,수서","새벽,밤","트레일,입문,트레일,트레일,입문,트레일,대회,난이도,완벽,정리,도심,매력,트레일,계절,평지,트레일,입문,트레일,대회,난이도"
서울러닝코스,서울 마포구 상암 하늘공원·노을공원 추천 러닝 코스 후기,러닝이 아니라 힐링 그 자체…  다음에는 시계반대방향으로도 한번 달려보고 싶네요 ^^ #상암러닝 #하늘공원러닝 #노을공원러닝 #상암러닝코스 #서울러닝코스 #마포러닝 #러닝성지 #도심러닝 #일몰러닝 #서울러닝... ,https://blog.naver.com/yeepi01/224077996644,,"저녁,밤","마포구,상암,하늘,노을,힐링,자체,다음,시계,한번,보고,업힐,서녕,요즘,날씨,상암,하늘,노을,마포,주민,러너"
서울러닝코스,“서울 한복판에서 10K 트레일러닝?” 한양도성길 남산·낙산... ,https://naver.me/xIFvi2sH https://naver.me/xm0g4tka https://naver.me/Fdo6oPGk #한양도성길 #트레일러닝 #서울트레일러닝 #남산러닝 #낙산러닝 #서울러닝코스 #트레일러닝코스 #서울등산코스 #러너추천코스 #러닝기록,https://blog.naver.com/nan0709/224206572549,남산,시간미상,"복판,트레일,한양도성,남산,낙산,러니윤,희윤,비비드,동영상,팔로워,팔로잉,게시,희윤,비비드,동영상,보기,도심,트레일,한양도성,복판"
서울러닝코스,2026 더레이스 서울 21K... 하프마라톤 10km달리기 러닝 코스,2026 더레이스 서울 21k 마라톤 일정 추가접수 하프마라톤 10km 달리기 러닝 코스 서울 도심을 달리는 러닝 대회는 매년 경쟁이 치열합니다. 정규 접수가 마감된 뒤 취소 및 환불로 발생한 잔여 좌석을... ,https://blog.naver.com/qhadldhaus98/224199727829,"광화문,광장,환경에서,광화문광장,화문광장에서,환경","아침,오전","레이스,하프마라톤,레이스,일정,추가,접수,하프마라톤,도심,대회,매년,경쟁,정규,접수,마감,취소,환불,발생,좌석,레이스,일정"
서울러닝코스,"양재천 벚꽃 러닝 후기, 서울 봄 산책 러닝코스 여기 하나면 끝!",#양재천러닝 #양재천벚꽃 #서울러닝코스 #벚꽃러닝 #서울벚꽃명소 #러닝코스추천 #서울달리기 #봄러닝 #러닝일상 #런스타그램 #러닝기록 #서울운동 #야외운동 #러닝스타그램 #벚꽃명소 #서울산책코스 #운동기록... ,https://blog.naver.com/minsanity-/224241559588,"매봉,대청,매봉에서",시간미상,"양재천,벚꽃,산책,여기,하나,벚꽃,시즌,여윽시,양재천,산책,정말,양재천,전체,길이,정비,대부분,평지,초보자,유지,환경"
서울러닝코스,서울 강변역 러닝코스 20km lsd훈련 후기,서울 강변역 러닝코스 20km lsd훈련 후기 4/26 일요일 일주일의 마지막은 장거리 lsd를 한다 코스는 그날그날 마음대로 월요병 없애는 팁이다.ㅋㅋ 시작전 백만년만에 먹어보는 아아.. 바쁘게 놀다가 주말에... ,https://blog.naver.com/1manbo/224265968527,"어쨋든,날씨에",시간미상,"강변역,강변역,일요일,일주일,마지막,장거리,그날그날,마음대로,월요병,작전,만년,아아,주말,강변역,일요일,일주일,마지막,장거리,그날그날,마음대로"
서울러닝코스,"서울 러닝코스 추천 (서울숲, 뚝섬한강, 반포 등)",다음주는 속초룰 달려볼게요! 공감/댓글은 컨텐츠 제작에 힘이 됩니다. 감사해요 #서울러닝코스 #남산러닝코스 #반포러닝 #한강러닝 #서울숲러닝 #서울숲한강 #붕어빵런,https://blog.naver.com/yellownoda/223981802252,후문,"새벽,저녁","서울숲,뚝섬,한강,반포,다음주,속초,컨텐츠,제작,장점,하나,다리,달리,풍경,보통,누군가,가장,자주,달리,어디,장소"
서울러닝코스,서울 러닝 코스 장소 5km 달리기 옥수나들목 가는 법 짐 보관 팁,"오늘은 옥수나들목까지 가는 법부터, 5km 달리기 코스, 짐 보관 꿀팁까지 한 번에 정리해 드릴게요... 바로 서울 사는 재미구나’ 싶더라고요. 특히 잠수교는 서울 러닝 코스 명소로도 유명해서 많은 러닝... ",https://blog.naver.com/sinnyarea/224059427977,"본격적으로,옥수",저녁,"장소,옥수,나들목,보관,옥수,나들목,보관,꿀팁,정리,바로,재미,구나,잠수교,명소,옥수,나들목,요즘,날씨,등산,대신"
서울러닝코스,서울 봄 러닝 코스 추천 5 - 마이 웰니스 로그로 나만의 러닝... ,"❺ 남산 순환 + 한강 연계 코스 상급 러닝 코스, 10km, 업힐 포함, 장거리 대비 훈련 *출처: 서울특별시 내 손안에 서울 서울 러닝 코스 중 고도감이 가장 뚜렷한 루트예요. 남산 정상에서 내려다보는 봄 서울 뷰는... ",https://blog.naver.com/indigo_store/224253249340,"의나루역에서,여의나루,여의나루역","아침,오전","마이,웰니스,로그,남산,순환,한강,상급,업힐,포함,장거리,대비,출처,서울특별시,손안,도감,가장,루트,남산,정상,겨울"
서울러닝코스,서울 러닝코스 추천 3.5km 자전거없는 남산둘레길 가는법,"길, 서울 런닝하기 좋은 곳 등 다양하게 즐길 수 있는 서울 러닝코스 추천 장소 소개해 봅니다. 서울... 코스도 서울 런닝하기 좋은 곳 중 하나로 러닝코스 추천 3.5km 구간이라 나름 뛰는 재미가 있습니다.",https://blog.naver.com/oisuloi/224045210314,,시간미상,"자전거,남산,둘레길,런닝,장소,런닝,하나로,나름,재미,요즘,대세,스포츠,브랜드,나이키,가도,주력,운동화,런닝화,개인,건강"
서울러닝코스,[서울 러닝코스 추천 6탄]경희대학교 업힐런 러닝 후기,정릉천-성북천 https://m.blog.naver.com/gunbbang930/224187444720 #경희대러닝#서울러닝 #서울러닝코스 #러닝코스 #운동 #다이어트 #행복 #뛰기 #걷기 #대학교러닝 #러너 #기안84 #행복 #사랑 #정릉천 #경희대학교 #낭만,https://blog.naver.com/gunbbang930/224203215517,,저녁,"경희대학교,업힐런,정릉천,성북천,여러분,삼겹살,데이,바로,모든,학교,입학식,진행,전국,선생님,화이팅,이제,입학,마음,경희대,정릉천"
서울러닝코스,"잠실 팝업 롯데월드몰 서울 놀거리 석촌호수 러닝 코스, 무조건... ","잠실 팝업 롯데월드몰 서울 놀거리 석촌호수 러닝 코스, 무조건 달려가세요! 글 · 사진 | 모리송 요즘 날씨가 부쩍 따뜻해지면서 가벼운 옷차림으로 마라톤이나 러닝 뛰러 나가시는 분들 정말 많으시죠? 마침... ",https://blog.naver.com/who_u_who/224254668120,,시간미상,"잠실,팝업,롯데,월드,석촌호수,무조건,잠실,팝업,롯데,월드,석촌호수,무조건,모리,요즘,날씨,부쩍,옷차림,나가시,정말,마침"
서울러닝코스,서울 러닝코스 댕댕런 강아지런 코스 지도 gpx 8.7km 완주,왕크왕귀 댕댕이와 함께 서울 러닝코스 강아지런 코스 지도를 따라서 산책을 하고 왔어요! 저는 아래와... 강아지런 코스 시간으로 러닝을 감안하자면... 초보자는 1시간 좀 넘게 걸릴거 같구요~ 러닝을 좀... ,https://blog.naver.com/goldendaebak/224134628217,"거기,거기부터,시작점부터,시작점",오전,"댕댕,강아지,완주,왕귀,댕댕,강아지,따라서,산책,아래,강아지,감안,초보자,왕귀,댕댕,강아지,따라서,산책,아래,댕댕,모양"
서울러닝코스,"[서울 러닝 코스] GPS 아트런... ㅣ서울식물원 러닝, gpx파일... ",서울식물원 러닝 코스 - 마곡 카피바라런 마곡 카피바라런의 출발과 도착지 곰돌이 앞에서 스테프 핫도그 쪽으로 직진합니다. 서울식물원 스테프 핫도그 앞 옆으로 돗자리 깔고 앉아 피크닉을 즐기는 사람들도... ,https://blog.naver.com/pila_writer/224267059860,"카피바라런의,마곡나루,마곡나루역,곡나루역에서,에서","아침,오전,오후,저녁","아트,식물원,파일,식물원,마곡,카피바라,마곡,카피바라,곰돌이,테프,핫도그,직진,식물원,테프,핫도그,돗자리,피크닉,재미,추구,조금"
서울러닝코스,2026년 4월 3주차 서울 마라톤 대회 총정리! (+러닝 코스 주말... ,"러닝, 라이딩하기 딱 좋은 따뜻한 봄날, 4월 셋째 주 주말을 뜨겁게 달굴 서울 지역 마라톤 및 러닝 대회 소식에 실전 러닝을 위한 코스별 자전거 도로(자도) 주의사항까지 꽉꽉 채워 정리해 왔어요!... ",https://blog.naver.com/yeepi01/224253190896,"인근에서,인근,돌담길","오전,저녁,밤","주차,대회,정리,주말,라이딩,봄날,주말,지역,대회,소식,실전,자전거,도로,자도,주의,사항,정리,업힐,서녕,라이딩"
서울러닝코스,제23회 동계국제마라톤대회 서울 마라톤 일정 러닝 코스 풀... ,"제23회 동계국제마라톤대회 서울 마라톤 일정 러닝 코스 풀 하프마라톤 10km 5km 달리기 겨울 러닝 시즌을 상징하는 대회는 많지 않습니다. 차가운 공기와 단단한 노면, 그리고 페이스 관리가 더 중요해지는... ",https://blog.naver.com/qhadldhaus98/224148396201,남측,"아침,오전","동계,국제,대회,일정,동계,국제,대회,일정,하프마라톤,겨울,시즌,상징,대회,공기,노면,관리,동계,국제,대회,일정"
서울러닝코스,서울러닝코스 잠수교 5km 10km 러닝코스 공영주차장,싶더라구요 서울러닝코스를 찾아보던 중 러너들이 여름에 자주 뛰는 인스타에서 많이 본 잠수교러닝코스가 눈에 띄더라구요 잠수교 - 동호대교 (약 10km) 코스로 뛰려했으나 동작대교(약 5km) 로 뛰고 왔지만 뭐... ,https://blog.naver.com/gkdmsgkfn/224210909066,,시간미상,"잠수교,공영,주차장,러너,여름,자주,인스타,잠수교,잠수교,동호대교,동작대교,잠수교,서울특별시,서초구,반포동,하루,발꼬락,슬슬,주말,러너"
서울러닝코스,서울 러닝 코스 올림픽공원 러닝 &amp; 단풍 -빵집 추천... ,오늘은 서울 러닝코스로 좋은 올림픽공원 단풍과 근처 함께 가면 좋은 베이커리 카페인 르보마리아쥬 소개해 볼게요! 올림픽공원으로 뛰는 러닝코스의 시작은 석촌호수였어요. 제가 가장 많이 뛰는곳이... ,https://blog.naver.com/bigway22/224084412055,"소마미술관,동호,동호에서,석촌호수","아침,오전","올림픽,단풍,빵집,올림픽,단풍,가면,베이커리,카페인,르보마리아쥬,올림픽,석촌호수,가장,토요일,모습,올림픽,단풍,르봉,마리아,베이커리,모리"
서울러닝코스,서울에서 뛰기 좋은 야간러닝코스 (나이트런) 추천,선선한 밤바람을 맞으며 달려보는 것은 어떠신가요? #러닝 #러닝코스 #서울러닝코스 #러닝명소 #서울러닝명소 #러닝하기좋은장소 #러닝하기좋은한강 #러닝명소추천 #러닝코스추천 #서울러닝코스추천,https://blog.naver.com/haionnet2020/224233938110,한강공원,밤,"야간,나이트런,선선,밤바람,가요,출처,분위기,마천루,불빛,한강,윤슬,고궁,정취,만끽,야간,야간,출처,명소,반포,한강"
서울러닝코스,서울 러닝코스 추천 사당역부터 예술의전당까지,서울 러닝 코스로 사당역 예술의전당 코스에서 얼마 없는 평지코스다. 잠깐이지만 몸이 회복되는 구간이다. 오랜만에 보는 서울 둘레길 팻말. 작년에 둘레길 다 돌고 벌써 1년이 돼버렸다. 잠깐의 평지 길을... ,https://blog.naver.com/1manbo/224061568919,사당,시간미상,"사당역,예술의전당,사당역,예술의전당,얼마,평지,잠깐,회복,둘레길,팻말,작년,둘레길,벌써,잠깐,평지,사당역,예술의전당,무릎,부상,상태"
서울러닝코스,"주말 서울러닝코스, 한강 마곡나들목 ~ 가양대교 6km 러닝... ","전일 매봉산~남산 트래킹을 해서 쉴까했으나, 코스가 너무 쉬었던걸까? 타격감이 없어서 러닝을 하러... 서울식물원 제2공영주차장에 주차하고, 한강공원 마곡나들목에서 왕복 6km 정도 뛰기로 했다. 편도 3km 되는... ",https://blog.naver.com/najilong5027/223747941106,,시간미상,"주말,한강,마곡,나들목,가양대교,전일,매봉산,남산,트래킹,격감,식물원,주차장,주차,한강,마곡,나들목,왕복,편도,전일,매봉산"
서울러닝코스,서울 8km 야간 러닝 코스: 경복궁-종로 댕댕런 GPX 공유... ,"요즘 같은 날씨에는 사람이 많긴 하지만, 밤에는 그나마 보행자가 줄어들어 서울 도심의 야경을... #댕댕런 #강아지코스 #서울러닝코스 #GPX공유 #뉴발란스북촌점 #경복궁러닝 #야간러닝 #나혼자산다전현무... ",https://blog.naver.com/haosrwqae01/224264700820,"바로,경복궁역","저녁,밤","야간,경복궁,종로,댕댕,공유,요즘,날씨,보행자,도심,야경,러너,사이,이자,산다,전현무,도전,댕댕,강아지,완주,강아지"
서울러닝코스,서울 벚꽃런 몽마르뜨공원 러닝 코스,없이 마라톤을 할 수 있음 관심 있는 분들은 뛰뛰ㄱㄱㄱ  기간: 3월 21일 ~ 4월 30일  참가비: 3만원  코스: 4.5km / 9.5km 선택 가능 #서울벚꽃 #벚꽃러닝 #서리풀공원 #몽마르뜨공원 #벚꽃런 #서울러닝코스 #랭킹마라톤,https://blog.naver.com/ddmjk/224256284744,,시간미상,"벚꽃,몽마,르뜨,관심,기간,참가,선택,가능,벚꽃,몽마,르뜨,재미,비대,랭킹,댕댕,레이스,정기,배송,서비스,제공"
서울러닝코스,러닝크루 주목! 제이엘브 이벤트 서울 러닝코스 정보,"그런데 이번에는 대표적인 서울 러닝코스를 완주하면서, 동시에 특별한 선물까지 받을 수 있는... 있어 서울 나들이를 겸한 러닝코스로 추천합니다. 서울의 랜드마크와 자연이 어우러진 5개 러닝 코스... ",https://blog.naver.com/nicenet/224023619006,,저녁,"크루,주목,제이,이벤트,대표,완주,동시,선물,나들이,랜드마크,자연,일상,리프,레시,스스로,레저,활동,대표,완주,동시"
서울러닝코스,[서울 러닝 코스 추천 2탄] 보라매공원 약 6.2km  우중런 후기,서울에 있는 러닝 코스라면 다 가고 싶은 서울 러닝 러버..러닝보다 러닝 장소 구경버라는..... 러닝 후에 먹는 im your energy -서울 러닝 코스 추천- 0.겨울철 서울 러닝 코스 1탄 서울과기대 https://m.blog.... ,https://blog.naver.com/gunbbang930/224179177895,신대방,"오후,저녁","보라매,우중,라면,러버,장소,겨울철,과기대,채피,니스,라면,러버,장소,보라매,어린이,올림픽,거구,보라매로,보라매,출신,공군"
서울러닝코스,서울러닝코스 추천 뚝섬역 서울숲 연남동 효창공원역... ,서울 러닝 코스 추천: 초보자부터 고급자까지 수준별 완벽 정리 서울 도심 한가운데에서도 상쾌한... 서울숲 공원 러닝 코스 (초보자 추천) 위치: 성동구 | 지하철 2호선 뚝섬역 또는 분당선 서울숲역 거리: 약 3~4km... ,https://blog.naver.com/roh339/223890541798,,"아침,저녁","뚝섬역,서울숲,연남동,효창공원역,초보자,고급,수준별,완벽,정리,도심,한가운데,서울숲,초보자,위치,성동구,지하철,호선,뚝섬역,분당선,서울숲"
서울러닝코스,"마곡식물원, 서울러닝코스 추천_튤립, 수선화가 예쁜 러닝코스... ",오늘은 봄날 뛰기 좋은 서울 러닝 코스를 추천해드리려고 합니당 퇴근하고 마곡식물원으로 러닝... 행복 러닝을 할 수 있어요! 요기는 수선화 밭 에서 뛰는 나 한강까지 이어지는 코스 서울식물원을 뛰는 방법은... ,https://blog.naver.com/hyeon73dc/224255514964,,저녁,"마곡,식물원,튤립,수선화,봄날,퇴근,마곡,식물원,행복,요기,수선화,한강,식물원,라미,봄날,퇴근,마곡,식물원,식물원,서울특별시"
서울러닝코스,2025 서울 라이프 마라톤 일정 하프마라톤 10K·5K 러닝 코스,"2025 서울 라이프 마라톤 일정 하프마라톤 10K·5K 러닝 코스 서울 라이프마라톤은 상암 평화의공원 일대에서 진행되며, 하프·10K·5K 세 종목으로 운영됩니다. 각 코스는 별도의 반환점을 기준으로... ",https://blog.naver.com/qhadldhaus98/224076648373,"동시에,하프,행사장에서,연결되어,행사장,행사장을","오전,밤","일정,하프마라톤,일정,하프마라톤,상암,평화,일대,진행,하프,종목,운영,별도,반환,일정,하프마라톤,상암,평화,일대,진행,하프"
서울러닝코스,"러닝 후기, 도심 속 호수뷰 서울 달리기 명소 러닝코스 추천",#석촌호수 #석촌호수러닝 #석촌호수코스 #서울러닝코스 #잠실러닝 #서울달리기 #러닝코스추천 #서울러너 #호수뷰러닝 #도심러닝 **종아리 압박 회복에 최고! 러닝용품 추천,https://blog.naver.com/yeepi01/223999691424,러닝을,"저녁,밤","도심,호수,명소,종아리,압박,회복,최고,용품,업힐,서녕,얼마,저녁,지인,석촌호수,도심,한가운데,호수,만족도,여러분,석촌호수"
서울러닝코스,서울 러닝코스 과기대 트랙 깔끔하게 1시간에 10km,#서울러닝코스 #서울과기대트랙 16시 56분 소나기가 내린 직후라 트랙이 조금 젖어있고 공기는 살짝... 깔끔하게 러닝을 마친다 ㅎㅎ 간만에 10km를 뛰었는데 역시나 쉽지는 않다 땀도 많이 나고 수분도... ,https://blog.naver.com/layups/223564714467,,오전,"과기대,트랙,소나기,직후,트랙,조금,공기,살짝,간만,역시,수분,날씨,갑자기,소나기,동안,버스,타고,과기대,목표,치인"
서울러닝코스,서울 러닝 코스 추천 | 여의도  고구마런 (코스 안내 + GPX 공유),서울 러닝 코스 추천 1 : 여의도 고구마런 8km 후기 + gpx 공유 2026. 4. 7 (화) 저녁 달리기 안녕하세요 지난... 앞으로 서울의 러닝코스 많이 소개할게요 ! #여의도러닝 #서울러닝 #벚꽃러닝 #러닝코스 #달리기... ,https://blog.naver.com/mychsworld/224246502327,가을,저녁,"여의도,고구마,안내,공유,여의도,고구마,공유,저녁,여의도,고구마,공유,저녁,가을,한지,왕초보,인사,요즘,다시,요즘,아트"
서울러닝코스,서울 동작러닝코스 추천｜동작역-이촌-국립중앙박물관 6~7km... ,서울 동작러닝코스 추천｜동작역-이촌-국립중앙박물관 6~7km 한강 겨울 러닝 후기 안녕하세요. 다시... #동작역러닝#한강러닝코스#반포한강공원 #잠수교러닝#이촌한강공원 #국립중앙박물관러닝#서울러닝코스... ,https://blog.naver.com/nan0709/224176014190,"건너,동작역,동작,동작역에서","아침,오전,저녁","동작,동작역,이촌,국립,중앙,박물관,동작,동작역,이촌,국립,중앙,박물관,한강,겨울,다시,한강,반포,한강,이촌,한강"
서울러닝코스,트레일러닝 :: 서울 벚꽃 러닝명소  / 서울 둘레길 트레킹코스,재밌게 잘 훈련했습니다  #구로올레길 #구로둘레길 #구로올레길 #천왕산 #개웅산 #매봉산 #트레일러닝 #서울트레일러닝 #구로올레길트레일러닝 #트레일러닝훈련 #서울둘레길 #구로둘레길코스 #서울트레일러닝코스,https://blog.naver.com/chita000/224250307624,"늦게,시에",시간미상,"트레일,벚꽃,명소,둘레길,트레킹,주말,트레일,구로,올레길,보기,길이,난이도,구로,올레길,산림,양천구청역,광명,사거리역,구로,산들"
서울러닝코스,서울 러닝 코스 추천 북촌 런허브 러닝화 대여하고 댕댕런 안암... ,#북촌러닝 #댕댕런 #나혼자산다댕댕런 #서울러닝코스 #이색러닝코스 #뉴발란스런허브 #런허브북촌 #러닝화대여 #퓨어셀레벨v5 #북촌안암 #미슐랭돼지국밥 #굿러너컴퍼니 #굿러너컴퍼니북촌 #삼청동호떡,https://blog.naver.com/kirruazz/224231482511,"북촌,북촌에서","오전,오후","북촌,허브,대여,댕댕,안암,날씨,대여,댕댕,음식,용품,쇼핑,서울특별시,교육청,정독,도서관,서울특별시,종로구,북촌로,정독,도서관"
서울러닝코스,2026 서울 마라톤 일정 러닝 코스 기념품 셔틀버스 총정리... ,청계천을 지나고 성수를 지나 잠실까지 이어지는 길. 그 길 위에서 수만 명의 러너들이 같은 방향으로 달립니다. #2026서울마라톤 #서울마라톤코스 #러닝대회 #러닝 #마라톤 #서울마라톤일정 #러닝 #10km달리기,https://blog.naver.com/qhadldhaus98/224207019901,"합운동장에서,광화문,광화문에서,광장,중심부,광장에서,실종합운동장,중심부에서,다시","아침,오전","일정,기념품,셔틀버스,정리,청계천,성수,지나,잠실,수만,명의,러너,일정,기념품,셔틀버스,정리,동아마라톤,동아마라톤,도심,개최,동아마라톤"
서울러닝코스,서울 K 마라톤 대회 일정 러닝 코스 하프마라톤 10km 달리기,#서울K마라톤 #서울마라톤 #마라톤대회 #러닝대회 #하프마라톤 #10km러닝 #광화문마라톤 #서울러닝 #러닝코스 #마라톤일정 #러닝정보 #국내마라톤 #서울마라톤일정,https://blog.naver.com/qhadldhaus98/224222913307,"교통통제,광화문을,동일,광화문광장,화문광장에서",오전,"대회,일정,하프마라톤,대회,일정,하프마라톤,도심,대회,매년,관심,대회,원래,일정,예정,콘서트,일정,치면,연기,일정,진행"
서울러닝코스,서울 마라톤 일정 한강시민 마라톤 대회 러닝 코스... ,제22회 한강시민 마라톤 대회 서울 마라톤 일정 러닝 코스 하프마라톤 5KM 10KM 달리기 추운 날씨에도 달리기를 멈추지 않는 사람들이 있습니다. 계절과 상관없이 한강변에서 러닝을 이어가는 분들이... ,https://blog.naver.com/qhadldhaus98/224093296548,"있으니,시간에,물빛무대,모여","아침,오전","일정,한강,시민,대회,한강,시민,대회,일정,하프마라톤,날씨,계절,강변,어가,한강,시민,대회,일정,하프마라톤,날씨,계절"
서울러닝코스,2026 새해일출런 접수중 서울 마라톤 일정 러닝 코스 기념품... ,"2026 새해일출런 접수중 서울 마라톤 일정 러닝 코스 기념품 안내 2026 새해일출런 접수가 15일 마감됩니다. 새해 첫날 진행되는 러닝 행사로, 10km와 5km 두 가지 종목으로 나뉘어 있습니다. 2026년의 첫... ",https://blog.naver.com/qhadldhaus98/224101023861,복귀,"아침,오전","새해,일출,접수,일정,기념품,새해,일출,접수,일정,기념품,안내,새해,일출,접수,마감,새해,첫날,진행,행사,가지"
서울러닝코스,제11회 서울트레일런 대회 접수 일정 코스 [산악 트레일러닝],"제11회 서울트레일런 대회 접수 일정 코스 [산악 트레일러닝] 2026년 4월, 서울 도심과 북한산 능선, 그리고 6개의 산을 연결하는 제11회 서울트레일런대회가 열립니다. 단순한 트레일러닝 이벤트가... ",https://blog.naver.com/qhadldhaus98/224180830003,"코스별,정문,하고,주민센터,한일교,종목별,돌담길","오전,밤","트레일,대회,접수,일정,산악,트레일,트레일,대회,접수,일정,산악,트레일,도심,북한,능선,트레일,대회,트레일,이벤트,트레일"
서울러닝코스,한강 서울 하프마라톤 일정... 10km 5km 달리기 러닝 코스,한강 서울 하프마라톤 일정 접수 기념품 10km 5km 달리기 러닝 코스 제2회 한강 서울 하프 마라톤 접수가 진행 중입니다. 이번 대회는 2026년 1월 25일 일요일 오전 9시에 출발하며 출발과 도착은 모두 상암... ,https://blog.naver.com/qhadldhaus98/224112406392,"하며,챙기고,시에","아침,오전","한강,하프마라톤,일정,한강,하프마라톤,일정,접수,기념품,한강,하프,접수,진행,대회,일요일,오전,모두,상암,한강,하프마라톤,일정"
서울러닝코스,[서울 러닝 코스 추천 4탄]정릉천-성북천 10km 러닝 후기,-서울 하천 러닝 코스 추천 모음- 1.홍 제 천 https://m.blog.naver.com/gunbbang930/223897230234 2.중 랑 천 https://m.blog.naver.com/gunbbang930/223752011289 3.청 계 천 https://m.blog.naver.com/gunbbang930/224184682897 #서울하천러닝... ,https://blog.naver.com/gunbbang930/224187444720,,시간미상,"정릉천,성북천,하천,모음,요새,진짜,러너,러너,채피,요새,위해,노력,여러분,성북구,성북천,설날,여러분,반성,브이,그냥"
서울러닝코스,기부런 서울 마라톤 일정 기념품 러닝 코스 하프마라톤 10km... ,"스타와 함께하는 기부런 서울 마라톤 일정 기념품 러닝 코스 하프마라톤 10km 5km 달리기 달리기에 기부가 더해지면 운동은 누군가의 희망이 됩니다. 11월, 뚝섬 한강공원에서 열리는 제1회 스타와 함께하는... ",https://blog.naver.com/qhadldhaus98/224065941295,"수변무대에서,수변무대,반환,복귀","아침,오전","일정,기념품,하프마라톤,스타,일정,기념품,하프마라톤,기부,누군가,희망이,뚝섬,한강,스타,스타,일정,기념품,하프마라톤,기부,누군가,희망이"
서울러닝코스,[서울러닝 코스 추천 8탄]... 6km 한강러닝 후기[feat.봄 봄 봄],-러닝코스 추천 1탄- https://m.blog.naver.com/PostView.naver?blogId=gunbbang930&amp;logNo=224187444720&amp;navType=by -러닝코스 추천 2탄- https://m.blog.naver.com/PostView.naver?blogId=gunbbang930&amp;logNo=224184682897&amp;navType=by #운동 #다이어트... ,https://blog.naver.com/gunbbang930/224256071230,,시간미상,"한강,러너,채피,중순,언제,여름,뱃살,제거,날씨,정릉천,중간,리릭,구름,구름,층층,느낌,철쭉,빼꼼,중랑천,빼꼼"
서울러닝코스,가을에 달리기 좋은 서울 러닝코스 추천,"웰라이프 매거진에서 서울 도심 속에서 가볍게 달리기 좋은 러닝코스를 추천해 드릴게요. 추천 러닝코스 1. 노들섬 코스 노들섬은 한강에 위치한 인공섬으로, 섬을 한 바퀴 돌며 한강의 탁 트인 전경을 감상할... ",https://blog.naver.com/wellifeblog/223610091078,"백범광장,백범광장에서",시간미상,"가을,도심,노들섬,노들섬,한강,위치,인공,바퀴,한강,전경,감상,선선,바람,가을,계절,가을,대회,도전,거나,자연"
서울러닝코스,서울 한강 러닝 코스 추천 10km 여의도공원... ,"있죠 ,,,,,,,,,, 서울 스프링 페스티벌이라고 먹거리도 엄청 많아요 여의도 한강공원에 크루즈도 있고... 소통해요  #한강러닝코스 #서울러닝코스 #10km러닝 #여의도러닝 #러닝코스추천 #한강운동 #러닝일기... ",https://blog.naver.com/blue_wish_/224253501513,"동작,이제","아침,저녁","한강,여의도,스프링,페스티벌,먹거리,여의도,한강,크루즈,소통,날씨,분명,지금,소매,감기,기온,벚꽃,야외,활동,기분,날씨"
서울러닝코스,도림천 러닝코스 평지 위주 편하게 뛰기 좋은 서울 러닝 코스,도림천 러닝코스 평지 위주 편하게 뛰기 좋은 서울 러닝 코스 안녕하세요. 서울에서 부담 없이 꾸준히 달리기 좋은 러닝 코스 찾고 계신 분들 많으시죠. 오늘은 제가 속한 러닝크루 서울뜀박질 5주년을 맞아 함께... ,https://blog.naver.com/nan0709/224143966508,"신대방,신도림역,신도림,신도림역에서",저녁,"도림천,평지,위주,도림천,평지,위주,부담,크루,주년,도림천,평지,위주,부담,크루,주년,도림천,도림천,개인,크루,자주"
서울러닝코스,러닝코스 예쁜 서울 마라톤 찾는다면? 잠실 롯데백화점... ,"오늘은 러닝 코스까지 예쁜 서울 잠실마라톤 스타일런 2025에 대해 소개해 볼게요 1. 롯데백화점 2025... 도는 코스 한강뷰, 공원, 도심이 모두 어우러진 서울러닝코스 / 러닝코스추천 / 잠실가볼만한곳으로도... ",https://blog.naver.com/pdmho92/223978007243,,오전,"잠실,롯데,백화점,잠실,스타일,대해,롯데,백화점,한강,도심,모두,잠실,분위기,슬슬,조금,감각,발견,바로,롯데,백화점"
서울러닝코스,[올림픽공원러닝/서울러닝코스추천] 올림픽공원 한바퀴... ,#올림픽공원러닝 #러닝코스추천 #올림픽공원몇키로인가요 #올림픽공원한바퀴몇키로 #올림픽공원한바퀴 #올림픽공원 #서울러닝코스추천 #케이던스180 #180bpm 올림픽공원 한바퀴 몇 키로 인가요??... ,https://blog.naver.com/muckzza/224037151734,,시간미상,"올림픽,올림픽,바퀴,올림픽,바퀴,올림픽,바퀴,안쪽,최근,올림픽,마지막,주전,석촌호수,별로,올림픽,도로,아주,처음,요즘,케이"
서울러닝코스,서울 성수동 살곶이다리... 뚝방길에서 한강 가는 길 러닝코스,2025년 11월 2일 일요일 오후 기록 #중랑천러닝코스 중랑천 살곶이 다리 예전엔 둘이 곧잘 뛰곤 했던... 뜻하지 않게 만보 걸은 주말 오후. #서울러닝코스 #중랑천뚝방산책로 By #직각어깨빈어스,https://blog.naver.com/toricoya/224062259778,,저녁,"성수동,살곶,다리,뚝방길,한강,일요일,오후,기록,중랑천,살곶,다리,예전,곧잘,주말,오후,하루,종일,꼼짝,려고,흰둥이"
서울러닝코스,서울 제4회 밤섬 마라톤 대회 서울러닝 코스 총정리,"하프 코스, 10km, 5km 공식홈페이지 : 하기 링크 참조 2. 접수 제4회 밤섬 마라톤 대회 접수안내 신청... 마일드케어 #서울마라톤 #서울러닝대회 #서울마라톤대회 #서울러닝 #러닝대회 #마라톤대회 #마라톤가격... ",https://blog.naver.com/choismong/224260438232,섬마라톤대회,"오전,밤","밤섬,대회,정리,하프,공식,홈페이지,링크,참조,접수,밤섬,대회,접수,안내,신청,일드,케어,밤섬,대회,밤섬,대회"
서울러닝코스,서울 남산 러닝코스 6.5km 하트런 북측순환로 탈의실 위치,걷기 좋은길이라 자주 산책을 가는 곳으로 서울 남산 러닝코스로도 좋은 하트런 중 남산둘레길 북측순환로에는 러너들을 위한 탈의실이 마련되어 있더라구요. 요즘 아트러닝 많이들 하시는것 같더라구요.... ,https://blog.naver.com/smcool7/224068556801,,오전,"남산,하트,순환로,탈의실,위치,걷기,길이,자주,산책,남산,하트,남산,둘레길,순환로,러너,탈의실,마련,요즘,아트,걷기"
서울러닝코스,남산 러닝코스 후기 북측순환로 6.5km 업힐&amp;다운힐 반복되는... ,안녕하세요 러닝도 하는 업힐왔서녕입니다. 서울 도심 속에서 자연을 느끼며 오르막 러닝 훈련까지... #남산러닝코스 #남산북측순환로 #오르막러닝 #도심속러닝 #서울러닝코스 #남산둘레길 #브롬톤라이딩... ,https://blog.naver.com/yeepi01/224062694315,약수터,"저녁,밤","남산,순환로,업힐,다운,반복,업힐,서녕,도심,자연,오르막,업힐,서녕,도심,자연,오르막,바로,남산,순환로,평소,자전거"
서울러닝코스,2025 서울 달리기 마라톤 일정 기념품 러닝 코스... ,"2025 서울 달리기 마라톤 일정 기념품 러닝 코스 하프마라톤 11km 2025 서울달리기(Seoul Race)는 10월 12일(일) 오전 8시, 청계광장에서 출발해 무교로에서 피니시를 맞이합니다. 서울의 상징적인 거리인... ",https://blog.naver.com/qhadldhaus98/224030147683,"청계광장에서,세종대로,순차,청계광장","아침,오전","일정,기념품,일정,기념품,하프마라톤,오전,청계,광장,무교로,피니시,맞이,상징,일정,기념품,하프마라톤,오전,청계,광장,무교로,피니시"
서울러닝코스,고구마런 후기 한강·샛강·63빌딩까지 즐기는 8km 러닝 코스,#여의도고구마런 #여의도한강공원 #한강러닝 #서울러닝코스 #러닝인증샷 #고구마런 #러닝스타그램 #서울러닝 #당산역출발러닝 #한강러닝코스 #러닝인증샷 #고구마런 #한강달리기 ** 밝고 안전한 야간... ,https://blog.naver.com/yeepi01/224006604611,"당산,좋아서,여의나루역,보통,보관하고,여의나루,의나루역에서,당산역,당산역에서,다시","아침,저녁,밤","고구마,한강,샛강,빌딩,야간,런린,업힐,서녕,여의도,한강,조금,바로,달리,고구마,모양,러너,사이,여의도,고구마,직접"
서울러닝코스,송정제방길 벚꽃 실시간 서울 숨은 벚꽃 명소 주차 러닝코스,송정제방길 벚꽃 실시간 서울 숨은 벚꽃 명소 주차 러닝코스 송정제방길 벚꽃 실시간 서울 숨은 벚꽃 명소 주차 러닝코스 송정제방길 벚꽃 실시간 서울 숨은 벚꽃 명소 주차 러닝코스 서울 숨은 벚꽃 명소... ,https://blog.naver.com/dailytrip_/224243653255,"송정체육공원,지하철","오전,저녁,밤","송정,제방,벚꽃,실시간,벚꽃,명소,주차,송정,제방,벚꽃,실시간,벚꽃,명소,주차,송정,제방,벚꽃,실시간,벚꽃,명소"
서울러닝코스,2025 서울 10K 챌린지 서울 마라톤 일정 러닝 코스 10km 달리기,챌린지 서울 마라톤 러닝 코스 대회 코스는 한강을 따라 펼쳐지는 여의도 중심 러닝 루트로 구성됩니다. 도심의 빌딩 뷰와 한강의 경치를 함께 즐길 수 있는 구간입니다. START: 여의도공원... ,https://blog.naver.com/qhadldhaus98/224003164942,"그룹별,챌린지,이동,러너들의","아침,오전","린지,일정,린지,대회,한강,여의도,중심,루트,구성,도심,빌딩,한강,경치,여의도,린지,일정,린지,주최,도심,행사"
서울러닝코스,[이벤트] 가장 달리고 싶은 '7979 서울 러닝크루' 코스를... ,7979 서울 러닝크루  달리고 싶은 코스를 골라 그 이유와 함께 인스타그램 이벤트 게시물에 댓글로 남겨 주세요~ 이벤트 참여 방법 ① 핫둘핫둘서울 인스타그램 계정 팔로우 꾸욱! @hot2seoul ② 인스타그램... ,https://blog.naver.com/hot2hot2seoul/224261142975,,"저녁,밤","이벤트,가장,달리,크루,크루,달리,이유,인스타그램,이벤트,게시,이벤트,참여,핫둘핫둘,인스타그램,계정,팔로우,꾸욱,인스타그램,크루,가장"
서울러닝코스,"9/29 평일 저녁 시티런, 광화문 올챙이런 5.1km 서울러닝코스","요즘 러닝이 대세이긴 대세인가보다. 뛰는 사람들 보면 쉬워 보이는데, 왜케 힘든지 몰라.. !! 그래도 가능한만큼 뛰어보자!! 경희궁~광화문~경복궁 한바퀴 뛰고보니 올챙이 모양이라 올챙이런코스라고 이름도... ",https://blog.naver.com/najilong5027/224027554259,,저녁,"평일,저녁,시티,광화문,요즘,대세,왜케,경희궁,광화문,경복궁,바퀴,올챙이,모양,이름,이제,폐가,정상,작동,하나,확인"
서울러닝코스,"6월, 서울 러닝 코스 추천! with 가벼운 야외활동 텀블러 슬로... ","그래서 추천드리는 지금, 뛰기 딱 좋은 서울 러닝코스 추천5 ✨ 코스 거리 난이도 포인트 서울숲 러닝 코스 약 3~4 km 초보자 나무 그늘, 순환 구조 한강 반포지구 약 6~7 km 중급자 노을·강변 야경 경의선 숲길 약... ",https://blog.naver.com/locknlock1978/223909021187,,"아침,저녁","야외,활동,텀블러,슬로,지금,난이도,포인트,서울숲,초보자,나무,그늘,순환,구조,한강,반포,지구,노을,강변,야경,경의선"
서울러닝코스,[서울 러닝코스 추천] 한강진... 한강 러닝 코스 / 서이추 환영,"그래서 서울 러닝코스 5km, 10km 코스를 소개해드릴게요 ! 한강 보면서 달리니까 넘 좋더라구요 〰️ 5km... 다다음주에 또 만나서 뛰기로 했습니다  다른 재밌는 러닝코스 있으면 또 들고올게요 !",https://blog.naver.com/suchae_yeon/224265684478,여기서,"아침,오전","강진,한강,서이추,환영,한강,달리,다다,음주,다른,성창,수연,요즘,날씨,한강,달리,한남역,이촌,한강,잠수교,반포"
서울러닝코스,서울 2026 제16회 여의도 벚꽃... 일정 러닝 코스 기념품... ,서울 2026 제 16회 여의도 벚꽃 마라톤 대회 접수 일정 러닝 코스 기념품 하프마라톤 10km 5km 달리기 벚꽃이 만개한 길을 따라 달릴 때의 느낌은 직접 그 구간을 지나본 사람만 알 수 있습니다. 시선은... ,https://blog.naver.com/qhadldhaus98/224133238886,광장,"아침,오전","여의도,벚꽃,일정,기념품,여의도,벚꽃,대회,접수,일정,기념품,하프마라톤,벚꽃,느낌,직접,나본,시선,여의도,벚꽃,대회,접수"
서울러닝코스,서울 러닝코스 추천 가볍게 7km 조깅,진짜 푹 쉬고 밥먹고 내일은 상황봐서 쉬던가 해야지 러닝이 운동으로써 가성비가 좋은 운동인건지 잘 모르겠다 ㅋㅋㅋㅋ 타코야키 아저씨.. 참자참자.. &lt;주제&gt; 서울 러닝코스 추천 가볍게 7km 조깅 &lt;거리&gt; 7km,https://blog.naver.com/1manbo/224252425125,퍼먹고,저녁,"조깅,진짜,내일,상황,가성,타코야키,아저씨,주제,조깅,조깅,화요일,퇴근,잠시,일어난다,쪼가리,하나,땅콩,버터,숟갈,퍼먹"
서울러닝코스,서울 인기 러닝 코스 어디까지 뛰어봤니? 고구마런부터... ,"있는 코스가 제일 인기가 많은 것 같다. 요즘 서울 러닝 코스로 인기가 있는 5곳을 찾아서 정리를... 서울 인기 러닝 코스 5곳, 얼마나 가보셨나요? 아직 달려보지 않은 곳은 조만간 달려보고, 기록을 또 올려볼... ",https://blog.naver.com/heysan_nature/224263049362,"림픽공원에서,올림픽공원,여의나루","아침,오전,저녁,밤","인기,어디,고구마,제일,인기,요즘,인기,정리,인기,얼마나,보지,조만간,보고,기록,요즘,인기,어디,혹시,인기,곳도"
서울러닝코스,서울 런트립(1) 열린송현... 세운상가 - 서순라길 10km 러닝코스,#서울런 #런트립 #공박위크 #슬로우러닝 #부상없이달리기 #seoultour #runtrip #zone2 #lowheartratetraining #saucony #달리는건축가 #달리는건축가조한 #서울투어 #러닝코스 #서울러닝코스,https://blog.naver.com/jluke313/224093976248,,오전,"런트립,열린송현,세운상가,박물관,브런치,참가,런트립,박물관,박위,브런치,경복궁,투어,광화문역,공간,가방,청계천,세운상가,공중,가로,종묘"
서울러닝코스,서울 한강 러닝 코스 추천 | 양화한강공원 마포대교 여의도... ,서울 한강 러닝 코스 추천 4 : 양화한강공원 - 여의도한강공원 - 마포대교 7.5km 후기 2026. 4. 17 (금) 저녁 달리기 안녕하세요 ! 오랜만에 온 기분이네요..ㅎㅎ 지난 포스팅에 이어서 오늘은 새로운 서울 러닝 코스를... ,https://blog.naver.com/mychsworld/224262707423,"마포대교,마포대교에서",저녁,"한강,양화,한강,마포대교,여의도,한강,양화,한강,여의도,한강,마포대교,저녁,기분,한강,양화,한강,여의도,한강,마포대교,저녁"
서울러닝코스,중랑천~청계천~정릉천 15km 서울 러닝 코스,"새로운 원점 복귀 코스를 발견했다! 30km까지 혼자 뛰어보는 목표를 달성하기 위해,,, 1-2주에 한번씩은... 않아져서^^ 러닝을 마무리하였다.: 근데 언제 롯데리아 생김? 차백도, 대만우육면 대만마라오리 등등... ",https://blog.naver.com/greeenworld/224233955775,,아침,"중랑천,청계천,정릉천,원점,복귀,발견,어보,목표,달성,위해,한번,마무리,언제,롯데리아,백도,우육,대만,등등,원점,복귀"
서울러닝코스,[서울 러닝 코스] 한강 러닝 코스 총정리ㅣ5km·10km 추천 루트,서울식물원 튤립) 반포한강공원 가까운 집 근처에서 러닝 루틴을 만들고 싶다면 서울 지역 하천 러닝 코스를 찾아보세요! 하천 러닝 코스는 아래 글에서 확인할 수 있습니다. ↓↓↓↓↓↓↓↓↓↓↓,https://blog.naver.com/pila_writer/224248867708,"한남,한남역",시간미상,"한강,정리,루트,식물원,튤립,반포,한강,루틴,지역,하천,하천,아래,확인,한강,대표,한강,길이,한강,구성,한강"
서울러닝코스,4월 러닝 기록 - 성동구 중랑천 4km 러닝코스 (성수대교 왕복... ,보기 #초보러닝 #중랑천러닝 #성수대교러닝 #응봉동러닝 #서울러닝코스 #4월러닝 #운동기록 #아침러닝 #중랑천산책 #건강습관 #러닝기록 #성동구중랑천러닝코스 #응봉체육공원 #중랑천놀빛광장 #용비쉼터... ,https://blog.naver.com/iamfree-/224253626428,"크닉정원에서,천피크닉정원","아침,오전,저녁","기록,성동구,중랑천,성수대교,왕복,보기,연습,중랑천,로그,중랑천,피크닉,정원,중랑천,성수대교,왕복,튤립,풍경,중랑천,산책,중랑천"
서울러닝코스,[서울 광진] 뚝섬한강공원 러닝 코스 추천_퇴사한 시골쥐의... ,앞으로도 서울 곳곳을 제 방식대로 천천히 친해져보려고 합니다 #뚝섬한강공원 #자양역러닝 #한강러닝 #서울러닝코스 #서울산책코스 #잠실대교 #잠실철교 #한강산책 #서울봄나들이 #서울혼자놀기 #서울상경일기... ,https://blog.naver.com/hyuniup_/224262903783,한강공원으로,밤,"광진,뚝섬,한강,퇴사,시골,곳곳,방식,광진,뚝섬,한강,자양역,잠실대교,잠실철교,산책,기분,전환,한강,요즘,정말,도움"
서울러닝코스,서울 가을 초급·중급·고급 러닝코스 추천 (Feat. 달리기 매너... ,#러닝 #러닝코스 #서울러닝 #러닝크루 #러닝동호회 #동호회 #코스추천 #코스 #서울 #서울러닝코스 #남산 #남산러닝 #남산북측순환로 #서서울호수공원 #잡수교 #한강 #한강공원 #잠실 #잠실한강공원 #나이트런... ,https://blog.naver.com/pac3083/224005260785,,저녁,"가을,고급,매너,가을,초보,고수,모두,가을,지금,가을,풍경,가지,대표,남산,순환로,남산,가을,단풍,남산,순환로"
서울러닝코스,[서울 러닝 코스] 마곡 식물원 → 한강나들목 코스(5km),없어 따릉이 타고 복귀 주말 러닝 코스로 아주 맘에 들었다 컨디션 좋은 날에 10km 뛰어봐도 좋을듯 러닝 끝나고 마시는 오늘의 첫 코히 얼마나 꿀맛이던지 날도 풀렸으니 서울 이곳저곳 다니면서 즐겨야겠어요,https://blog.naver.com/ju_hyun1031/224225657710,,시간미상,"마곡,식물원,한강,나들목,따릉,타고,복귀,주말,아주,컨디션,얼마나,꿀맛,요즘,시즌,컨디션,바로,마곡,식물원,마곡,이유"
서울러닝코스,[서울 러닝 코스] 잠수교 러닝코스 추천｜잠원한강공원 7km... ,"67] 서울에 러닝 코스는 정말 많죠. 그중에서 한남역에서 시작해서 잠수교, 잠원한강공원까지 이어지는... 10km 러닝코스&gt; 자세히 보기 잠수교 러닝 잠수교 러닝 코스가 서울 러닝 코스 추천에 빠지지 않는... ",https://blog.naver.com/pila_writer/224262975913,"한남,한남역,에서",밤,"잠수교,한강,정말,한남역,잠수교,한강,보기,잠수교,잠수교,정말,한남역,잠수교,한강,루트,반포,한강,강바람,잠수교,이색,경험"
서울러닝코스,한강 러닝 여행. 서울 야경 잠실한강공원 - 잠실철교 코스... ,잠실한강러닝코스 #잠실대교러닝 #러닝여행 #서울러닝여행 #서울러닝코스추천 #서울러닝코스 #여름한강러닝 #서울여행 #국내여행 #러닝여행 #야경여행 #잠실한강공원 #잠실한강공원주차장 #잠실철교야경... ,https://blog.naver.com/habibi__/223535360661,잠실한강공원,"저녁,밤","한강,여행,야경,잠실,한강,잠실철교,잠실,한강,가장,매력,장소,꼽으라,한강,퇴근,한강,잠실,한강,잠실철교,잠실철교,왕복"
서울러닝코스,서울 여의도 고구마러닝 코스 8km 뛰어보기,서울 여의도 고구마러닝 코스 8km 뛰어보기 4월 12일(일요일) 날씨가 좋아서 오늘의 러닝은! 어제도 쉰겸해서 서울 여의고 고구마러닝 코스를 다녀오기로 했다. 고구마런은 8km 가는데까지 왕복으로 7km 총... ,https://blog.naver.com/1manbo/224249756787,"본격적으로,풀고",시간미상,"여의도,고구마,보기,여의도,고구마,보기,일요일,날씨,어제,여의고,고구마,고구마,왕복,여의도,고구마,보기,일요일,날씨,어제,여의고"
서울러닝코스,서울 러닝코스 추천 : 여의도 한강공원에서 용산까지,그리고 다시 러닝!! 잠수교를 뛸때마다 항상 질주하고 싶어진다. 잠수교를 건너 서쪽으로! 이쪽 코스는 정말 낯설었다. 사람도 없고 어둡고 나무도 많아서 서울 한가운데 한강변이라는 느낌과는 거리가 멀었다.... ,https://blog.naver.com/woon2567/223988868767,"공원에서,길고",저녁,"여의도,한강,용산,다시,잠수교,항상,질주,잠수교,건너,서쪽,정말,나무,한가운데,강변,느낌,하프마라톤,대회,나름,역시,더위"
서울러닝코스,[서울 러닝 코스]... 8km 무장애 직선코스ㅣ당산 ~ 마곡 서울식물원,"메뉴 불고기와 우렁쌈밥, 막국수로 당산에서 마곡까지 이어지는 러닝 코스를 마무리합니다. 다른 한강 러닝 코스가 궁금하다면 아래 글에서 한 번에 확인해 보세요. ☞ 서울 한강 러닝 코스 총정리 5km / 10km",https://blog.naver.com/pila_writer/224260251948,"당산,여의도에서,의도한강공원,한강공원에서,당산역,여의도",시간미상,"무장애,직선,당산,마곡,식물원,메뉴,불고기,우렁,쌈밥,막국수,당산,마곡,마무리,다른,한강,아래,확인,한강,정리,한강"
서울러닝코스,[서울 한강 러닝 코스 추천] 옥수에서 뚝섬까지 달리고 스타벅스... ,"서울 한강 러닝 코스 추천 옥수에서 뚝섬까지 꽃길 달리고 스타벅스에서 누리는 안온한 주말 글,사진 데일리비 마라톤이 끝난 후로 왠지 모르게 러닝화에 손이 잘 안 갔던 요즘, 드디어 마음을 다잡고 운동화를... ",https://blog.naver.com/ussu84/224260105085,"점은,우리의,에서",시간미상,"한강,옥수,뚝섬,달리,스타벅스,한강,옥수,뚝섬,꽃길,달리,스타벅스,주말,일리,요즘,마음,운동화,한강,옥수,뚝섬,꽃길"
서울러닝코스,[서울 러닝 코스 추천 1탄]서울과기대 8km 러닝[feat 체력 이슈],여의도 공원 https://m.blog.naver.com/gunbbang930/223769171757 #러닝 #러닝코스 #운동 #소지섭 #눈사람 #서울러닝코스 #러닝크루 #걷기 #뛰기 #다이어트 #마라톤준비 #마라톤연습 #서울과기대운동장 #공릉동맛집,https://blog.naver.com/gunbbang930/224170353048,,시간미상,"과기대,체력,이슈,여의도,가짜,러너,채피,다시,소울푸드,과기대,분명,공릉역,다리,제일,기적,다가,전철,리릭,과일,구매"
서울러닝코스,[서울 러닝코스 추천 5탄]중랑천 월릉교-장안교 9km 러닝  후기,#중랑천러닝 #러너 #마라톤준비 #마라톤 #러닝 #다이어트 #중랑천 #행복 #사랑 #뛰기 #걷기 #기안84 #나혼자산다 서울 러닝 코스 추천 시리즈 1.서 울 과 기 대 https://m.blog.naver.com/gunbbang930/224170353048 2.보 라 매... ,https://blog.naver.com/gunbbang930/224195903849,,"아침,오전,저녁","중랑천,월릉교,장안,시리즈,먹방,러너,채피,항상,동네,태릉입구역,월릉교,리릭,저녁,가면,지옥,감수,여러분,월릉교,출구,전철"
서울러닝코스,815런 2024 서울 러닝 행사 일정 코스 기념품 정보 총정리,"815런 2024 서울 러닝 행사 코스 현재 오프라인 코스의 경우에는 상암월드컵공원이라는 정보만 나와 있으나, 공원 일대와 한강일대를 끼고 8.15km러닝을 할 것으로 판단됩니다. 버추얼 런의 경우에는 원하는... ",https://blog.naver.com/my_life_moment/223516374072,,시간미상,"행사,일정,기념품,정리,행사,현재,오프라인,경우,상암,월드컵,일대,강일,판단,버추,경우,행사,일정,기념품,정리,모멘트"
서울러닝코스,"서울 아침 러닝코스 추천, 양재천~한강","^ mbn마라톤 하프완주 딱 일주일 후, 기분좋은 러닝코스. 서울에서 아침러닝 코스를 찾고있다면 꼭... 서울 러닝코스로 추천하고픈 이 길, 이번 주말에도 한강코스가 생각날것 같다~ #서울러닝코스 #한강러닝... ",https://blog.naver.com/5jun329/224089236901,,"새벽,아침,오전","아침,양재천,한강,하프,완주,일주일,기분,아침,주말,한강,하프마라톤,완주,자신감,뿜뿜,대회,마음,삼일,맥주,집도,클럽"
서울러닝코스,2025 서울 하프 마라톤 일정 러닝 코스 기념품,2025 서울 하프 마라톤 일정 러닝 코스 기념품 달리기 좋은 봄입니다. 슬슬 몸이 근질근질해지는 시기죠. 러닝을 좋아하신다면 4월 말 열리는 서울하프마라톤은 달력에 표시해둘 만한 이벤트입니다.... ,https://blog.naver.com/qhadldhaus98/223834790247,"광화문에서,광화문","아침,오전","하프,일정,기념품,하프,일정,기념품,슬슬,해지,시기,하프마라톤,달력,표시,이벤,하프,일정,기념품,슬슬,해지,시기,하프마라톤"
서울러닝코스,[서울 러닝 코스 추천 3탄] 청계천 완전정복 9km 러닝 후기... ,다음 서울 러닝 코스 후기로 돌아올게요!! &lt;오늘의 시&gt; 낙 엽 내 출신은 황학동 꼬마의 손길에 나는... 가족 &lt;러닝 코스 추천 모음&gt; 1.서울 과기대 https://m.blog.naver.com/gunbbang930/224170353048 2.보라매공원 https... ,https://blog.naver.com/gunbbang930/224184682897,정릉천,시간미상,"청계천,완전,정복,다음,출신,황학동,꼬마,손길,가족,모음,과기대,보라매,러너,채피,청계천,날씨,날씨,프로,정릉천,햇빛"
서울러닝코스,[서울 러닝 코스] 여의도 러닝 코스 총정리 (2.5km ~ 15km... ,"코스 선택에 따라 초보부터 장거리 훈련까지 모두 가능한데요. 오늘 컨디션에 맞는 코스를 골라 한 번 달려보세요! 한강, 여의도, 그 다음은 어디? 서울의 하천 러닝 코스는 아래 글에서 확인해 보세요.",https://blog.naver.com/pila_writer/224248402426,"가능,다양한,당산역,당산",시간미상,"여의도,정리,선택,초보,장거리,모두,컨디션,한강,여의도,다음,어디,하천,아래,확인,스프링,페스티벌,회전목마,가장,먼저,여의도"
서울러닝코스,2025 뉴런 서울 한강 마라톤 대회 일정 러닝 코스 10km 5km... ,2025 뉴런 서울 한강 마라톤 대회 일정 러닝 코스 10km 5km 달리기 달리기 좋아하시는 분들이라면 한강에서 열리는 마라톤 대회 한 번쯤은 참여해보고 싶으실 거예요. 2025 뉴런 서울 한강 마라톤이 10월에... ,https://blog.naver.com/qhadldhaus98/223976335255,"다시,부스는,미사경정공원,경정공원에서","아침,오전","뉴런,한강,대회,일정,뉴런,한강,대회,일정,한강,대회,참여,뉴런,한강,뉴런,한강,대회,일정,한강,대회,참여"
서울러닝코스,"호카 FLY HUMAN FLY 캠페인, 러너블과 서울 러닝 코스 FHF... ","지역의 러닝 명소를 달릴 수 있는 코스들로 구성) 코스는 크게 서울과 수도권, 한강으로 나누어지며 코스별로 길이 및 난이도가 조금씩 달라 런린이부터 전문 러너까지 다양하게 도전하시기 좋아요 대표... ",https://blog.naver.com/jeongwon84/223503714978,,시간미상,"호카,캠페인,러너블,지역,명소,구성,크게,수도권,한강,별로,길이,난이도,달라,런린이,전문,러너,도전,대표,깜썰입니,최근"
서울러닝코스,서울 러닝코스 추천 BEST 7 한강·남산·서울숲까지 초보부터... ,"♂️ 서울 러닝코스 추천 BEST 7 초보부터 감성·장거리까지 한 번에 정리  1. 여의도공원 ✔ 거리 : 2.5km ~ 10km 선택 가능 ✔ 추천 이유 서울 러닝의 기준 같은 코스입니다. 루프형, 한강 연결형 등 선택지가... ",https://blog.naver.com/sadieu/224251856757,,시간미상,"한강,남산,서울숲,초보,초보,감성,장거리,정리,여의도,선택,가능,이유,루프,한강,연결,선택,초보,감성,장거리,정리"
서울러닝코스,서울 주말러닝 코스 추천 3곳 가보자,"이번 주말, 가벼운 운동화와 이어폰 하나 챙겨서 가장 가까운 러닝 코스에서 뛰어보는 건 어떨까요? #서울러닝코스 #우장산둘레길 #서울주말운동 #도심러닝 #반포러닝 #한강러닝 #꿈의숲러닝 #서울조깅... ",https://blog.naver.com/beneficial-beom/224141586700,,오전,"주말,주말,운동화,이어폰,하나,가장,어보,주말,요즘,선선,날씨,도심,마음,환기,트래픽,공기,잠시,자연,주말,주말"
서울러닝코스,4월 서울 벚꽃 러닝 코스 추천 여의도 말고 달리기 좋은 곳,↑ ↑ ↑ ↑ ↑ ↑ 더 다양한 상품들 확인하세요 ↑ ↑ ↑ ↑ ↑ ↑ #서울러닝코스 #벚꽃러닝 #4월러닝 #여의도말고 #서울벚꽃명소 #서울러닝 #서울달리기 #러닝코스추천 #서울봄나들이 #서울벚꽃코스... ,https://blog.naver.com/daily__with_dan/224242580582,있어서,"아침,오전,저녁","벚꽃,여의도,상품,확인,벚꽃,벚꽃,여의도,다시,아침,공기,벚꽃,언제,기분,자주,가게,여의도,벚꽃,피하,정리,바퀴"
서울러닝코스,서울 러닝코스 추천... 용산 장교숙소5단지 - 잠수교 왕복코스,그러다보니 이렇게 이벤트성으로 러닝코스를 여기저기 찾아서 뛰는 것도 너무 재미가 있네요~ 혹 러닝하시는 이웃님들 계시면 서울 러닝코스 추천 좀 해 주시겠어요?^^ 서울 러닝코스 추천 저 손뜨개도... ,https://blog.naver.com/badalaik/224244361793,이촌,"아침,오전,저녁","용산,장교,숙소,단지,잠수교,왕복,이벤트,여기저기,재미,계시,개도,국립,중앙,박물관,용산,가족,용산,장교,숙소,단지"
서울러닝코스,서울 경복궁 &amp; 광화문 러닝 코스 - 카멜커피 서촌점 &amp; 온 유어 마크,오늘은 서울 경복궁 러닝 코스와 러너들의 성지인 온유어마크 &amp; 카멜 커피 자세히 소개해 볼게요! 경복궁 러닝 코스! 항상 석촌호수 &amp; 잠실 한강공원쪽만 러닝하다가 스타일런 러닝클래스 코치님께서 경복궁... ,https://blog.naver.com/bigway22/224016459945,"마을마당,성수동,광화문","아침,오전,저녁","경복궁,광화문,카멜,커피,촌점,마크,경복궁,러너,성지인,온유어마크,카멜,커피,경복궁,항상,석촌호수,잠실,한강,스타일,클래스,코치"
서울러닝코스,서울 러닝 코스 추천 및 후기(1),되겠습니다 러닝 코스 요약 #1. RM 숲에서 출발 우선 시작 장소는 잠실한강공원에 위치한 RM 숲입니다. 지하철 2호선을 타고 잠실새내역에서 하차한 뒤 6번 혹은 7번 출구로 나와서 약 800m 걸어가야 (직진)합니다.... ,https://blog.naver.com/seungjun-fanpage/224253393989,"숲에서,잠실새내",시간미상,"요약,우선,장소,잠실,한강,위치,지하철,호선,타고,잠실,하차,출구,직진,최고,기온,갈수록,다시,계절,요즘,시공간"
서울러닝코스,"일상, 여의도공원에서 한강까지 1시간 산책코스 (걷기·러닝 추천)",한강까지 이어지는 러닝코스로도 추천 ✔️ 봄·여름 시즌 행사와 볼거리까지 더해진 요즘 핫한 산책길 #여의도공원 #여의도한강공원 #여의도산책코스 #서울산책코스 #한강러닝코스 #여의도데이트 #한강라면,https://blog.naver.com/miyoun92/224264713591,,"오전,밤","일상,여의도,한강,산책,걷기,한강,여름,시즌,행사,볼거리,요즘,산책길,요즘,일상,걷기,여의도,한강,산책,션앤슈,요즘"
서울러닝코스,• 서울 한강 러닝코스 [원효대교- 동작대교]  •,서울 한강 러닝코스 서울 한강 러닝코스 달이야??? 어찌나 크고 둥글던지. 그랬네. 이틀밖에 지나지않았다. 서울 한강 러닝코스 서울 한강 러닝코스 서울은 너무도 아름답다. 서울 한강 러닝코스 너무도 가벼운... ,https://blog.naver.com/cha9212/224035477958,,밤,"한강,원효대교,동작대교,한강,한강,달이,이틀,한강,한강,한강,한강,고구마,트랙,한강,한강,달이,이틀,한강,한강,한강"
서울러닝코스,호카 FLY HUMAN FLY 캠페인 FHF 챌린지 서울 러닝 코스 러너블,실제로 서울 러닝 코스뿐 아니라 지역의 유명한 러닝 코스들도 함께 제공되고 있어요. 이번 챌린지를 통해 호카 코리아는 러닝에 관심 있는 사람들이 편리하게 러닝 활동을 기록하고 공유할 수 있도록... ,https://blog.naver.com/dayoff_91/223503079218,,시간미상,"호카,캠페인,린지,러너,실제,지역,제공,린지,통해,호카,코리아,관심,활동,기록,공유,얼마,유명,스포츠,브랜드,호카"
서울러닝코스,서울 러닝 15km 코스 송파둘레길+올림픽공원,걍 희망사항 반영한거냐 올림픽공원 한바퀴 도는 세미 옷걸이런 코스로 알아서 짜주길래 따라감ㅎㅎ 송파둘레길 좋더라.....다음에는 그쪽으로 탄천 뛰어보고싶다.....분당쪽 이렇게 집값높은곳을 간접 러닝... ,https://blog.naver.com/greeenworld/224257446643,,오전,"송파,둘레길,올림픽,희망사항,올림픽,바퀴,세미,옷걸,송파,둘레길,다음,탄천,분당,집값,간접,안녕하십니까,원래,월간,약간,이슈"
서울러닝코스,서울 러닝코스 추천 4곳 + 러닝 후 가기 좋은 카페까지 총정리... ,곳이에요 ✈️  서울 노원구 동일로186길 64 상가  10:00 - 22:00  서울 러닝코스 + 카페 한눈에 정리! 코스... #서울러닝 #러닝코스 #서울달리기 #한강러닝코스 #광화문러닝 #남산러닝 #경춘선숲길러닝... ,https://blog.naver.com/velya_/224211016827,경춘선숲길,"아침,오전,저녁,밤","가기,카페,정리,노원구,동일로,상가,카페,한눈,정리,요즘,정말,달리,카페,커피,루틴,러너,라면,카페,정리,저장"
서울러닝코스,2025년 직접 뛰어보고 선정한 서울 러닝코스 TOP4,"여의도 고구마 런 정확한 훈련 → 반포종합운동장 트랙 그날 컨디션과 목표에 맞춰 코스를 바꿔보면 러닝이 훨씬 덜 지루하고, 더 즐거워집니다. 서울에서 러닝 코스를 찾고 있다면 꼭 한 번 직접 뛰어보세요:)",https://blog.naver.com/chipmunk_camp/224112188646,지점까지가,저녁,"직접,보고,선정,여의도,고구마,반포,종합,운동장,트랙,그날,컨디션,목표,직접,달리,고민,자주,동안,여러,직접,정말"
서울러닝코스,서울 한강 러닝 코스 추천 | 마포대교 마름모런 5km (여의도... ,서울 한강 러닝 코스 추천 2 : 마포대교 - 여의도한강공원 - 원효대교 - 이촌한강공원 5km 후기 2026. 4. 2 (목) 저녁 달리기 안녕하세요 ! 지난 포스팅에 이어서 오늘은 새로운 서울 러닝 코스를 가져왔습니다 ! 제가... ,https://blog.naver.com/mychsworld/224247535242,"사실,여기서,마포대교,마포대교에서",저녁,"한강,마포대교,마름모,여의도,한강,마포대교,여의도,한강,원효대교,이촌,한강,저녁,한강,마포대교,여의도,한강,원효대교,이촌,한강,저녁"
서울러닝코스,"[달리는-ing] 1/18 주말 서울러닝코스, 서울숲~옥수 한강공원... ","* 러닝코스:: 응봉역 근처에 주차하고 응봉교를 건너 서울숲을 뛰고 용비교 아래 중랑천교를 건너 서울숲 푸르지오 아파트 앞에서 종료! 이동 중에 발견한 귀요미, 처음에는 인형인 줄 알았다. 가만히 창밖을... ",https://blog.naver.com/najilong5027/223730233234,,오전,"주말,서울숲,옥수,한강,응봉역,주차,응봉,건너,서울숲,비교,아래,중랑천,건너,서울숲,푸르지오,아파트,이동,발견,귀요미,처음"
서울러닝코스,서울 러닝코스 추천 뚝섬유원지부터 한강대교까지,서울 러닝코스 추천 뚝섬유원지부터 한강대교까지 서울 러닝코스 추천할 곳이 생각보다 많다. 이전... 300km까지는 가능할 것 같은데 그 이상은 어떻게 뛰는 건지.. 대단하다... 서울 한강 장거리 러닝코스,https://blog.naver.com/1manbo/223986536299,"뚝섬유원지,섬유원지에서","저녁,밤","뚝섬,유원지,한강대교,뚝섬,유원지,한강대교,이전,이상은,한강,장거리,뚝섬,유원지,한강대교,이전,경기도,항상,천만,장창,지하철,버스"
서울러닝코스,제11회 서울 트레일런 마라톤 대회 정보 트레일러닝 코스... ,"서울 트레일러닝 대회 코스 109K (울트라 코스) 출발 일시: 2026년 4월 17일(금) 16:00 참가비: 280,000원 특징: 서울의 주요 산줄기를 모두 연결하는 이번 대회의 정점입니다. 무박 2일간의 사투를 통해 자신의... ",https://blog.naver.com/a135k/224251319634,"능선까지,활기찬,코스별,돌담길","저녁,밤","트레일,대회,트레일,트레일,대회,울트라,일시,참가,특징,주요,산줄기,모두,대회,정점,무박,사투,통해,자신,삼촌,트레일"
서울러닝코스,서울 러닝 코스... 광진구까지 (중랑천길) LSD 코스 추천,"미드컷 러닝양말과 함께 뛰었습니다. 서울 러닝 코스 LSD 코스 추천 - 중랑장미공원 이날은 친구와 함께... 중랑, 서울 장미축제를 하는 중랑 장미공원이에요 여기서 장미 마라톤도 진행했었다고 해요... ",https://blog.naver.com/kayta2/224246647118,"풀어주고,태릉입구",오전,"광진구,중랑천,미드,양말,중랑,장미,중랑,장미,축제,중랑,장미,여기,장미,진행,구매,살로,모자,하프,대회,위해"
서울러닝코스,서울 러닝 코스 초보 러너 5K 러닝 코스 추천,서울 러닝 코스 초보러너 5K 러닝 코스 추천 안녕하세요!! 러닝을 계속 하다 보면 러닝 코스에 대한 관심도 높아지는것 같아요. 서울만 해도 뛰기 좋은곳이 이렇게 많았나 싶어요. 한편으로는 오늘은... ,https://blog.naver.com/nan0709/224130462778,,시간미상,"초보,러너,초보,러너,계속,대한,관심,해도,한편,초보,러너,계속,대한,관심,해도,한편,고민,효율,집앞,제일"
서울러닝코스,2025 마블런 서울 마라톤 일정 러닝 코스 하프마라톤... ,"2025 마블런 서울 마라톤 일정 러닝 코스 하프마라톤 10km달리기 9월 14일 일요일, 서울광장에서 열리는 2025 마블런 서울 마라톤 일정이 공개되었습니다. 하프 마라톤과 10km 달리기 두 종목으로 진행되며... ",https://blog.naver.com/qhadldhaus98/223906148244,전체,"아침,오전","마블,일정,하프마라톤,마블,일정,하프마라톤,일요일,광장,마블,일정,공개,하프,종목,진행,마블,일정,하프마라톤,일요일,광장,마블"
서울러닝코스,[서울 러닝 코스] 서울 벚꽃 러닝 코스 총정리,벚꽃 러닝 코스 3 ① 석촌 호수 ② 여의도 ③ 서울숲 ☞ 석촌호수 러닝 정보 확인하기 ☞ 여의도... 확인하기 &lt; ☞ 서울숲 ~ 뚝섬한강공원 러닝 확인하기 함께 읽으면 좋은 정보 서울 러닝 코스 시리즈 경복궁... ,https://blog.naver.com/pila_writer/224243892001,"당산,당산역,여의나루","아침,밤","벚꽃,정리,벚꽃,석촌,호수,여의도,서울숲,석촌호수,확인,여의도,확인,서울숲,뚝섬,한강,확인,시리즈,경복궁,벚꽃,시기,봄비"
서울러닝코스,쉬엄쉬엄모닝런 서울 러닝코스 3월 일정 시간 참가 접수 방법,그래서 오늘은 서울에서 새롭게 시범 운영되는 프로그램 쉬엄쉬엄 모닝 소식! 서울러닝코스를 소개해보려고 합니다. 기록 경쟁 없이 걷기·러닝·자전거를 자유롭게 즐길 수 있는 힐링형 도심 운동... ,https://blog.naver.com/lovely7287/224206950499,정해진,아침,"쉬엄쉬엄,모닝,일정,참가,접수,시범,운영,프로그램,쉬엄쉬엄,모닝,소식,기록,경쟁,걷기,자전거,힐링,도심,쉬엄쉬엄,모닝,시티"
서울러닝코스,"서울러닝코스_10km, 한강 러닝코스 달리기~ 동작대교를 건너... ",워킹서울 러닝서울~ 한강 러닝코스 달리기~ 동작역이 워낙 편하다보니 한강달리기 출발장소로 많이... #서울러닝코스_10km #서울달리기코스_10km 서울을 워킹하자. 워킹하면 서울이 보인다. 서울걷기는... ,https://blog.naver.com/pccidjyj/224252073065,한강달리기,시간미상,"한강,동작대교,건너,워킹,한강,동작역,워낙,한강,장소,워킹,워킹,걷기,워킹,한강,동작역,워낙,한강,장소,이용,동작대교"
서울러닝코스,댕댕런 코스 러너스원과 함께 서울러닝코스 주차까지,댕댕런 GPX가 필요하시면 알려주세요 공유드리겟슴돠 러너스원과 함께한 즐거운 러닝후기 끄읕 #광화문러닝 #서울러닝코스 #댕댕런코스 #댕댕런 #서울댕댕런 #광화문주차 #그랑서울주차 #댕댕런주차 #러너스원... ,https://blog.naver.com/okhana_/224041010568,장착하고,저녁,"댕댕,러너,주차,댕댕,공유,슴돠,러너,끄읕,댕댕,낫뷰,명절,연휴,아트런,댕댕런,댕댕,댕댕,꼬리,창경궁,뒷길,꼬리"
서울러닝코스,[서울 러닝 코스] 하천 러닝 코스 총정리ㅣ양재천·청계천... ,"당장, 내일 아침 어디서 뛸까요? 골라보세요!!! 청계천 오간수교 홍제천 서울의 대표 러닝 코스 한강 러닝 코스는 아래에서 확인하세요! ↓↓↓↓↓↓↓↓",https://blog.naver.com/pila_writer/224249399563,,아침,"하천,정리,양재천,청계천,당장,내일,아침,청계천,수교,홍제천,대표,한강,아래,확인,하천,하천,신호,덕분,루틴,만들기"
서울러닝코스,서울 러닝 코스] 동작역 - 반포한강공원 - 잠수교 러닝 코스... ,오늘의 리뷰는 요즘 빠진 러닝 후기인데요 요즘 핫플인 동작 러닝 코스에서 달리고 왔습니다 동작대교에서 바라본 야경이 예뻐서 야간 러닝 하기에도 너무 좋고 잠수교 방향으로 달렸을 때 적당한 업힐이... ,https://blog.naver.com/63building_/224242838760,,"오전,밤","동작역,반포,한강,잠수교,요즘,요즘,핫플,동작,달리,동작대교,야경,야간,잠수교,업힐,요즘,요즘,핫플,동작,달리,동작대교"
서울러닝코스,서울 도심 러닝 코스 추천 | 청계천(광화문 종로 을지로) 5km... ,새로운 서울 러닝 코스를 가져왔습니다 ! 이번 코스의 핵심은 바로 청계천입니다 ! 청계천을 따라 시원하게 달릴 수 있는 이번 러닝은 야경도 볼 수 있고.. 청계천을 즐기는 서울 사람들도 구경할 수 있는... ,https://blog.naver.com/mychsworld/224250472662,에서,저녁,"도심,청계천,광화문,종로,을지로,핵심,바로,청계천,청계천,야경,청계천,구경,핵심,바로,청계천,청계천,야경,청계천,구경,이름"
서울러닝코스,"서울 도심 러닝 코스 추천 - 니혼산 전현무 런 코스, 봄맞이... ","런 코스 궁금했던 분 지금이 타이밍입니다. 저는 다음엔 10km 넘겨서 조금 더 여유 있게 뛰어볼 생각이에요. 봄 오자마자 제대로 시작한 서울 댕댕런, 성공입니다. #서울러닝코스 #서울도심러닝 #전현무런... ",https://blog.naver.com/reanworld/224200158727,,시간미상,"도심,혼산,전현무,봄맞이,지금,타이밍,다음,조금,여유,자마자,제대로,댕댕,성공,그동안,도심,요즘,햇살,완전,느낌,바로"
서울러닝코스,[서울 러닝 코스] 용왕산 근린공원 러닝 트랙... ,오늘 소개할 서울 러닝 코스는 바로 &lt;용왕산 근린공원 러닝 트랙&gt;입니다. 줄여서 &lt;용왕산 트랙&gt;이라고도... 코스입니다. 스카이워크와 용왕정을 함께 이용할 수 있어 러닝과 산책을 동시에 즐길 수 있는 서울... ,https://blog.naver.com/pila_writer/224257087495,지하철,"오전,저녁","용왕산,트랙,바로,용왕산,트랙,용왕산,트랙,스카이,용왕,이용,산책,동시,목동,트랙,언급,양천구,최고,환경,목동,종합"
서울러닝코스,2025 희망 서울 마라톤 일정 러닝 코스10km 5km 달리기,2025 희망 서울 마라톤 일정 러닝 코스 10km 5km 달리기 서울 도심에서 달릴 수 있는 마라톤 2025 희망 서울 마라톤이 이번 주 토요일에 열립니다. 출발지는 평화광장. 상암 월드컵경기장 근처예요. 하프마라톤... ,https://blog.naver.com/qhadldhaus98/223888055290,시에,"아침,오전","희망,일정,희망,일정,도심,희망,토요일,평화,광장,상암,월드컵경기,하프마라톤,희망,일정,도심,희망,토요일,평화,광장,상암"
서울러닝코스,남산 둘레길 러닝코스 추천 서울 야외 러닝 명소 총정리,남산러닝 #서울러닝코스 #러닝코스추천 #서울운동 #야외러닝 #다이어트러닝 #러닝입문 #러닝초보 #서울야경러닝 #남산타워러닝 #동대문헬스장 #동대문운동 #헬스장추천 #시그니처짐 #체지방감량... ,https://blog.naver.com/signituregym/224220601618,초보자,"오전,저녁,밤","남산,둘레길,야외,명소,정리,남산,남산,둘레길,야외,명소,제대로,요즘,인구,분위기,환경,가장,바로,남산,둘레길,복판"
서울러닝코스,"성북천 러닝, 아직 보내기 싫은 벚꽃을 보내며(서울 러닝 코스... ","가길 잘했다! 성북천 러닝 코스는 부담 없이 달리기 좋고, 꽃도 예쁘고 맛집도 많아서 서울에서 가볍게 달리기 좋은 러닝 코스를 찾는다면 한 번쯤 추천하고 싶은 곳이다.",https://blog.naver.com/bbi_bi/224246360663,"마음으로,성북천,성북천에서","저녁,밤","성북천,벚꽃,성북천,부담,맛집,벚꽃,번은,보고,어제,성북천,성북천,벚꽃,야장,인파,초반,달리,벚꽃,마음,마음,오히려"
서울러닝코스,러닝행사 추천! 서울 러닝코스 여의도한강공원 무료 이벤트... ,러닝행사 추천 서울 러닝코스 여의도한강공원 무료 이벤트 총정리 요즘 날씨 좋아지면서 운동... 이런 분들께 추천 ✔ 러닝 처음 시작하는 분 ✔ 혼자 운동하기 어려운 분 ✔ 한강 러닝 코스 찾는 분 ✔ 무료... ,https://blog.naver.com/mi517/224244715764,,시간미상,"행사,여의도,한강,무료,이벤트,행사,여의도,한강,무료,이벤트,정리,요즘,날씨,처음,한강,무료,행사,여의도,한강,무료"
서울러닝코스,마포대교 러닝 가능? 서울 ‘쉬엄쉬엄 모닝’ 일정·예약·코스... ,빠르게 무료! 네이버 배송으로 보내드립니다. https://smartstore.naver.com/vely_a #서울러닝 #쉬엄쉬엄모닝 #마포대교러닝 #여의도러닝코스 #서울러닝코스 #한강러닝 #서울러너,https://blog.naver.com/velya_/224203632470,운영,"아침,오전,오후","마포대교,가능,쉬엄쉬엄,모닝,일정,예약,무료,배송,마포대교,여의도,쉬엄쉬엄,모닝,이벤트,한강,행사,요즘,조금,소식,하나,바로"
서울러닝코스,"하카타에서 오호리 공원까지, 아침을 깨우는 7km 러닝 코스 추천",안녕하세요 :) 러닝을 즐겨하는 백데이터입니다✨ 일요일 서울하프마라톤 10K 나갈 예정이라 일본 여행... 합니다 러닝코스 고민해서 뛰어봤는데 중간 오호리공원에서 화장실 들리기도 숨 한 번 돌리기도... ,https://blog.naver.com/wowterry/224262109622,에서,"아침,오전","하카타,호리,아침,일요일,하프마라톤,예정,일본,여행,고민,중간,호리,화장실,기도,기도,하프마라톤,주년,하마,사전,기념품,페이스메이커"
서울러닝코스,운동화끈묶는법으로 해결됨(서울 러닝 5km 코스 추천),#서울5km러닝코스 #성내천러닝 #올림픽공원러닝 #러닝무릎통증 #러닝무릎 #운동화끈묶는법 #러닝화 #러너스루프 #러닝자세 #2주챌린지 #건강검진준비 #오운완 #아디다스러닝 #런린이훈련소,https://blog.naver.com/dee7781/224237639636,차분히,시간미상,"화끈,해결,건강검진,목표,어제,체득,골반,중립,활성화,감각,기억,점검,자세,집중,무릎,피로,현저,주행,자세,간과"
서울러닝코스,서울 무한도전 마라톤 일정 굿즈 공연 러닝 코스 10KM 달리기,"서울 무한도전 마라톤 일정 굿즈 공연 러닝 코스 10KM 달리기 5월 25일, 여의도에서 무한도전이 달립니다. ‘무한도전 Run with 쿠팡플레이’는 20주년을 기념해 열리는 러닝 이벤트로, 박명수와 하하를... ",https://blog.naver.com/qhadldhaus98/223867145553,방향으로,"아침,오전","무한도전,일정,공연,무한도전,일정,공연,여의도,무한도전,무한도전,쿠팡,플레이,주년,기념,이벤트,박명수,하하,무한도전,일정,공연,여의도"
서울러닝코스,서울 일출 레이스! 남산 일출 러닝 완벽 가이드! 코스·난이도... ,"서울 일출러닝 추천 코스 TOP3 서울 일출 레이스는 주로 1월 1일 새벽 3K~10K 코스로 열리며, 남산·한강·아차산이 핫플입니다. 남산공원 순환로: 포장길로 안전, 시내 전경+일출 뷰. 초보 OK, 택시 이용 추천.... ",https://blog.naver.com/ohayo11/224125270411,,"새벽,오전,밤","일출,레이스,남산,일출,완벽,가이드,난이도,일출,일출,레이스,주로,새벽,남산,한강,아차산,남산,순환로,포장,안전,시내"
서울러닝코스,[서울 러닝 코스] 용산 미군기지 한바퀴 10K,천천히뛰더라도 주변도 구경하면서 즐겁게뛰기. 그리고 이런 러닝을 해줄 수 있는 친구가 있어 행운이고요❣ 맨날 이상한 코스들고오는데 같이해주는 윰이 고마워 서울 러닝 코스 모음,https://blog.naver.com/rosa9126/222635154578,"신용산,녹사평,년도,신용산역",시간미상,"용산,미군기지,바퀴,구경,행운,고요,모음,재미,기적,평소,항상,반복,장기,코로나,이전,기적,참여,이벤,즐거움,브랜드"
서울러닝코스,"과천 조깅, 과천 산책 추천. 과천 서울대공원 동물원 둘레길 코스.",최고의 힐링 과천 러닝 코스. 고요하게 사색하며 달릴 수 있음에 감사한 코스. 과천 서울대공원 동물원둘레길. 동물원과 접해있는 길이라 소음을 일으키거나 단체로 가면 동물원 운영에 피해가 된다. 오죽하면... ,https://blog.naver.com/eungyeol629/224026683844,"럴스위트에서,센트럴스위트",오전,"과천,조깅,과천,산책,과천,서울대,동물원,둘레길,최고,힐링,과천,사색,과천,서울대,동물원,둘레길,동물원,길이,소음,단체"
서울러닝코스,서울 한강 러닝코스 동작역 1번 2번 출구 동작대교 남단 사당... ,한강 러닝하고 싶은 분들께 추천 제가 출발한 곳은 동작대교 남단 인 것 같습니다 동작대교남단에서 노들섬과 이촌한강공원을 지나 다시 동작역으로 돌아오는 코스를 많이들 애용하시는 것 같은데 (근데... ,https://blog.naver.com/mkmagazine/224035093976,"동작역,동작,동작역에서,제가,지하철",시간미상,"한강,동작역,출구,동작대교,남단,사당,한강,동작대교,남단,동작대교,남단,노들섬,이촌,한강,지나,다시,동작역,애용,거주,생애"
서울러닝코스,2월 서울 러닝 코스 5가지 추천,서울 러닝코스 추천 추운 겨울 웅크리고 있지말고 나가서 뛰어보자! 서울의 한강은 러너들에게... 즐거운 러닝을 즐기시길 바랍니다. 아래 영상에서는 서울에서 달리기 좋은 코스 TOP 5를 소개하고 있으니... ,https://blog.naver.com/ulsoooo_h/223768211385,"한강공원,출구,청담대교",저녁,"가지,겨울,한강,러너,아래,겨울,한강,러너,천혜,제공,강변,달리,도심,풍경,자연,동시,한강,가지,여의도,한강"
서울러닝코스,"서울 러닝 코스추천, 청계천 러닝 추천 5k, 10k",서울 러닝 코스 청계천 러닝 하기 안녕하세요 박가지입니다. 서울 도심에서 달리며 자연과 도시의... 있는 러닝 코스입니다. 서울 레이스나 서울에서 주최하는 마라톤 대회를 보면 청계천 코스가 항상... ,https://blog.naver.com/2park_gazi/224021432454,광화문,"오전,저녁,밤","청계천,청계천,도심,달리,자연,도시,레이스,주최,대회,청계천,항상,청계천,청계천,서울특별시,종로구,창신동,청계,광장,서울특별시,중구"
서울러닝코스,"서울 러닝코스 목동 신상 러닝트랙, 안양천 멀티스포츠존... ","서울 러닝코스 목동 신상 러닝트랙, 안양천 멀티스포츠존 며칠전에 안양천에서 러닝하는데 그동안 계속 공사중이었던 목동인라인스케이트장이 멀티스포츠존으로 리모델링해서 개장했더라구요 기존... ",https://blog.naver.com/ekarchive/224249881049,,시간미상,"목동,신상,트랙,안양천,멀티,스포츠,목동,신상,트랙,안양천,멀티,스포츠,며칠,안양천,그동안,계속,공사,목동,인라인스케이트장,멀티"
서울러닝코스,"서울 지역 초보 러너를 위한 러닝 코스 추천 - 8곳 (위치, 코스... ","서울 지역 초보 러너를 위한 러닝 코스 추천 - 8곳 (위치, 코스, 거리, 장점 정리) 항상 집앞 뚝섬역 쪽 한강변이나 서울숲만 뛰다가 이번에 남산에서 뛰어보니 너무 좋아서 서울 내 러닝 코스들을 찾아보았다.... ",https://blog.naver.com/doctorgeek/223824928129,앞에서,"저녁,밤","지역,초보,러너,위치,지역,초보,러너,위치,장점,정리,항상,집앞,뚝섬역,강변,서울숲,남산,어보,지역,초보,러너"
서울러닝코스,마곡나루공원 &amp; 서울식물원 러닝코스 완전 가이드 | 87kg... ,86kg 대디러너가 체감한 존별 차이와 훈련 활용법 #서울식물원러닝코스 #마곡나루공원러닝 #마곡나루공원트랙 #강서구러닝코스 #서울러닝코스추천 #마곡러닝 #한강러닝 #서울식물원 #평지러닝코스 #87kg러너,https://blog.naver.com/momomo-8/224252940104,,"새벽,아침,오전,저녁","마곡,나루,식물원,완전,가이드,대디,러너,체감,존별,차이,활용,발바닥,미식,강서구,본가,가양동,동네,수십,비로소,여기"
서울러닝코스,서울 러닝코스 추천_업&amp;다운 필수코스 '남산북측순환로',"런린이의 서울 유명 러닝코스 탐방기 n번째! 여러 러닝 블로그, 유튜브등에서 소개된 서울 도심속 최고의 업&amp;다운 훈련코스인 남산에 있는 남산북측순환로 코스에 다녀왔다 :) 쫌 뛰시는 분들은 풀코스 전에 꼭... ",https://blog.naver.com/90seop/224052912303,평소엔,"새벽,아침","다운,필수,남산,순환로,런린이,유명,탐방,여러,유튜브,도심,최고,다운,남산,남산,순환로,런린이,유명,탐방,여러,유튜브"
서울러닝코스,2025 새해일출런 서울 마라톤 일정 러닝 코스 기념품,"2025 새해일출런 서울 마라톤 일정 러닝 코스 기념품 2025년의 첫날, 2025 새해일출런으로 한해를 시작하는 분들이 계십니다. 새해 첫날부터 새로운 목표와 도전을 향해 나아가는 시간이 될 것입니다. 이번... ",https://blog.naver.com/qhadldhaus98/223701638231,,"아침,오전","새해,일출,일정,기념품,새해,일출,일정,기념품,첫날,새해,일출,한해,새해,첫날,목표,도전,새해,일출,일정,기념품"
서울러닝코스,[서울 러닝 코스] 목동교 러닝 트랙 500mㅣ안양천 목동교... ,"[러닝 코스 No. 63] 안양천에 새로운 육상 트랙이 생겼습니다. 안양천 목동교 아래, 조금은 낡고... 안양천 멀티스포츠존 육상 및 인라인트랙 서울 러닝 트랙은 대부분 축구장 주변에 있는데요. 목동교 트랙은... ",https://blog.naver.com/pila_writer/224251981841,,오전,"목동,트랙,안양천,목동,안양천,육상,트랙,안양천,목동,아래,조금,안양천,멀티,스포츠,육상,라인,트랙,트랙,대부분,축구장"
서울러닝코스,[서울 러닝 코스] 여의도공원 러닝 코스 2.5km 완벽 정리(주차... ,여의도공원 러닝 코스를 소개한 적이 있는데요. 조선일보 서울하프마라톤 10K 코스도 마포대교 - 여의도공원이 종착점입니다. (애오개·공덕·마포 - 마포대교 - 여의도공원) 서울하프마라톤 10K를 달리거나... ,https://blog.naver.com/pila_writer/224250128141,,"오후,밤","여의도,완벽,정리,주차,여의도,조선일보,하프마라톤,마포대교,여의도,종착,애오개,공덕,마포,마포대교,여의도,하프마라톤,도심,계절,변화,가장"
서울러닝코스,서울 러닝코스 추천｜경복궁 러닝(돌담길) + 서촌 카멜커피 마무리,코스 키워드: 경복궁 / 돌담길 / 서촌 ☕️마무리: 카멜커피(서촌) 댓글로 질문 하나 드려도 될까요?... #경복궁러닝 #서울러닝코스 #서촌러닝 #경복궁돌담길 #가을러닝 #은행나무 #런스타그램 #러닝스타그램... ,https://blog.naver.com/kimssin/224114071646,,아침,"경복궁,돌담,카멜,커피,마무리,워드,경복궁,돌담,마무리,카멜,커피,질문,하나,가을,계시,경복궁,정답,돌담,워밍업,은행나무"
서울러닝코스,2025 디즈니런 서울 마라톤 일정 러닝 코스 3KM10KM 달리기,"2025 디즈니런 서울 마라톤 일정 러닝 코스 3KM10KM 달리기 서울 한복판에서 디즈니 캐릭터들과 함께 달리는 상상을 해본 적 있으신가요? 이제 상상이 현실이 됩니다. 오는 10월, 여의도공원에서 열릴... ",https://blog.naver.com/qhadldhaus98/223940391153,,오전,"디즈니,일정,디즈니,일정,복판,디즈니,캐릭터,상상,가요,이제,상상,현실,여의도,디즈니,일정,복판,디즈니,캐릭터,상상,가요"
서울러닝코스,서울 동작구 러닝코스 보라매공원 트랙 추천 보라매병원역 산책로,체력이 걍 ㅆㄹㄱ가 되어버렸어요 일단 4개월째 멈춘 러닝부터 다시 시작하기로 결심 • • 제발 동작구 상도동 근처에서 러닝할만한 곳 알려주실 분 뛰는 시간보다 뛰러 가는 시간이 더 길어요 ㅁㅊ 그동안... ,https://blog.naver.com/mkmagazine/224183962839,,시간미상,"동작구,보라매,트랙,보라매병원,산책로,체력,일단,개월,다시,결심,제발,동작구,상도동,그동안,체력,일단,개월,다시,결심,제발"
서울러닝코스,11월 가을 러닝 기록 서울 5km 코스 초보 추천 기록 페이스... ,"이번 글에서는 서울에서 뛰기 좋은 5km 러닝 코스, 그리고 한 달 동안의 러닝 기록, 페이스, 케이던스... #가을러닝 #서울러닝코스 11/3 대현산배수지공원 트랙 11월의 첫 달리기입니다. 부쩍 날씨가 추워진 것이... ",https://blog.naver.com/pharmkim-/224094663623,평화광장,저녁,"가을,기록,초보,기록,동안,기록,케이,던스,대현산,배수지,트랙,부쩍,날씨,기온,바람,지속,곳곳,달리,계절,변화"
서울러닝코스,서울 러닝코스 총정리! 러닝크루 주목! 제이엘브런 JELEVE RUN... ,"수건·메달·러닝화까지 받아 가는 이벤트예요. 달리면서 서울을 느끼고, 선물까지 받는 뿌듯한 미션! 서울 러닝코스 &amp; 거리 안내 (총 30km+) 각 코스는 5~8km 거리로 구성돼 있고, 총 누적 거리 30km... ",https://blog.naver.com/writedo/224018918093,,시간미상,"정리,크루,주목,제이,브런,수건,메달,이벤트,선물,미션,안내,구성,누적,정리,크루,주목,제이,브런,참여,아디"
서울러닝코스,마라톤 풀코스 도전기 #11 러닝 2년 차 2025 jtbc 서울마라... ,2025 jtbc 서울마라톤 풀코스에 당첨이 되어 준비 중에 있습니다. 글 쓰는 기준으로 D-61 대회 1~2주 전부터는 테이퍼링 기간을 제외하고는 50일 남짓 남은 기간이 남았습니다. 러닝 시작부터 지금까지 부상과... ,https://blog.naver.com/tnqls3019/223992610886,,"새벽,저녁","도전,당첨,대회,테이퍼링,기간,제외,남짓,기간,지금,부상,도전,이제,진짜,당첨,대회,테이퍼링,기간,제외,남짓,기간"
서울러닝코스,"서울러닝코스 광화문 댕댕런 하는법, 경복궁 댕댕런","서울러닝코스추천 광화문댕댕런, 경복궁댕댕런 댕댕런 하는 법, 댕댕런 지도 광화문댕댕런코스... 강아지의 코끝, 귀, 꼬리 모양의 디테일까지 그리면서 뛰는 재미있는 러닝 코스에요. 서울 도심 한 복판을... ",https://blog.naver.com/juhee4628/224030929326,"동그라미는,지점이,점까지,점과","아침,오전","광화문,댕댕,경복궁,댕댕,광화문,댕댕,경복궁,댕댕,댕댕,댕댕,광화문,댕댕,강아지,코끝,꼬리,모양,디테일,도심,복판,광화문"
서울러닝코스,서울 러닝 코스 여의도 퇴근 후 올림픽대로를 따라서,러닝 코스 추천해 드릴게요 :) 여의도 샛강생태공원 제가 처음으로 소개할 곳은 여의도... 뛰면서 찍느라 흔들렸는데 또 고개를 옆으로 돌리면 이렇게 빌딩 숲을 볼 수 있어서 또 색다른 서울의 모습을 보며 러닝... ,https://blog.naver.com/jforjo/224220959584,,저녁,"여의도,퇴근,올림픽대로,따라서,여의도,샛강,생태,처음,여의도,고개,빌딩,모습,코비,여러분,겨우,이제,일주일,여의도,여의도,샛강"
서울러닝코스,2024 JTBC 서울 마라톤 일정 러닝 코스 기념품,#보미블로그 #서울마라톤일정 #마라톤 #러닝 #10km달리기 #런닝 #2024서울마라톤 #JTBC서울마라톤 #서울마라톤 #풀코스마라톤 #10K달리기 #마라톤기념품 #러닝코스 #서울가을마라톤 #마라톤대회,https://blog.naver.com/qhadldhaus98/223635042992,,시간미상,"일정,기념품,일정,기념품,가을,공기,진행,전문가,초보,러너,모두,축제,이벤트,선택,명소,강변,시청,올림픽,풍경,만끽"
서울러닝코스,"런 서울전시회 + 러닝 챌린지로 강아지, 토끼 코스 완주하기!","서울시립미술관, 서울역사박물관, 세종문화회관등이 함께 합니다. 광화문 뮤지엄 런 참여자 완주 리워드! 러닝 코스 완주 후 SNS 인증 이벤트에 참여 시 추첨을 통해 광화문 문화기관 내 카페 음료 쿠폰 1매... ",https://blog.naver.com/piiin/224069548366,"출구,국역사박물관,사박물관에서,출구에서",시간미상,"전시회,린지,강아지,토끼,완주,시립,미술관,서울역,박물관,세종,문화,회관,광화문,지엄,참여자,완주,워드,완주,인증,이벤트"
서울러닝코스,서울러닝코스 추천 보라매공원은 어떨까?,더 고민하면 못나갈거 같아서 바로 옷을 입고 바로 나왔다.오늘 뛴 러닝코스는 보라매공원인데 예전에 한두번 뛰어본 정도고 집에서 2.5키로 뛰어가면 보라매 공원이여서 보라매공원을 쭉 뛰고 오는거까지... ,https://blog.naver.com/realpsg/223287931116,,"아침,오전,저녁","보라매,고민,바로,바로,보라매,예전,보라매,보라매,신도림,개월,이사,고려,어디,고려,편이,실내,오전,고민,고민,고민"
서울러닝코스,"봄에 뛰기 좋은 러닝 코스 추천 4곳 (양재천, 서울대공원... ",양재천 러닝. 그래도 코스는 깔끔하니 좋았다. 2.  과천 서울대공원 벚꽃런  동네에 벚꽃이 폈길래... 따뜻해지니 4월엔 좀 더 열심히 뛰어보자. 누군가에게 러닝코스가 도움이 됐길! #러닝코스추천 #서울러닝코스,https://blog.naver.com/hiwabisabi/224236265172,,시간미상,"양재천,서울대,양재천,과천,서울대,벚꽃,동네,벚꽃,누군가,도움,한강,양재천,레쓰,작년,아모,작년,재미,남편,겁결,안양천"
서울러닝코스,러닝코스 추천 l 성남탄천 2탄 l 10K l 서울방향,저번 성남탄천 율동공원 방향 10~15K 러닝코스 추천글의 뜨거운 반응에 힘입어 서울방향 10K 코스를 소개하는 글을 작성해보았다. (사실 멀리 가기 귀찮아서 또 집근처에서 러닝했다) 성남탄천은 야탑역 3번... ,https://blog.naver.com/ones285/224265931628,,시간미상,"성남,탄천,저번,성남,탄천,율동,반응,작성,사실,멀리,가기,성남,탄천,야탑역,저번,성남,탄천,율동,반응,작성"
서울러닝코스,봄에 달리기 좋은 수도권/서울 러닝 코스 추천 Best 9,서울숲 홈페이지 봄에는 다양한 꽃들과 초록의 나무들이 피어나 활력을 더해줍니다. 서울 러닝 코스... 서울 봄맞이 러닝 코스 추천! 5. 남산 순환로 남산을 둘러싸고 있는 순환로는 도심 속 숲을 느끼며 달릴... ,https://blog.naver.com/nwoongwin/223765529610,,시간미상,"수도권,서울숲,홈페이지,초록,나무,피어,봄맞이,남산,순환로,남산,순환로,도심,봄맞이,수도권,산책,날씨,자연,장소,모두,수도권"
서울러닝코스,"주말 서울러닝코스, 옥수나들목 ~ 잠수교 반포대교 10km 러닝","풍경이 러닝 의욕을 끌어올린다. 한강에 비친 하늘색이 너무 이쁘다. 옥수나들목에서 시작해서 잠수교를 찍고 돌아오는 코스를 뛰기로 했다. 당초 7km 정도 뛰려했는데, 반포대교 방면이 아닌 성수대교로... ",https://blog.naver.com/najilong5027/223739601899,"옥수나들목,집으로,옥수",오전,"주말,옥수,나들목,잠수교,반포대교,풍경,의욕,올린다,한강,하늘색,옥수,나들목,잠수교,당초,반포대교,방면,성수대교,설연휴,임시,공휴일"
서울러닝코스,서울 도심 속 서울숲과 남산을 잇는 트레일 러닝 코스,이제 또 집에 언제 가지 라는 생각 중... 순간 이동 기술이 절실한 순간이었습니다 #서울트레일러닝 #서울트래킹 #서울트레일러닝코스 #서울러닝코스 #서울숲남산길 #서울숲남산 #남산자락숲길 #서울단풍구경,https://blog.naver.com/2jlog/224054308813,"서울숲,서울숲에서",밤,"도심,서울숲,남산,트레일,이제,언제,가지,순간,이동,기술,절실,순간,코로나,이후,트레일,인기,트레일,이란,포장,자연"
서울러닝코스,[러닝 일기] 주말 서울 러닝 코스 남산 추천 (1회전 6.5km),러닝 일기 주말 서울 러닝 코스 안녕하세요. 런린이 지구탐정입니다. 남산 북측순환로에 8월 10일 처음... 주말 이른 아침에 남산에서의 러닝은 힘들지만 정말 좋아요  서울 남산 북측순환로 러닝 코스는 업힐... ,https://blog.naver.com/real_best/223992702505,,"새벽,아침","일기,주말,남산,일기,주말,런린,탐정,남산,순환로,처음,주말,아침,남산,정말,남산,순환로,업힐,일기,주말,런린"
서울러닝코스,"“짐 맡기고, 한강 뛰고, 치맥으로 끝내는 완벽한 러닝코스”",해보세요~♀️☁️☁️ #동작역러닝 #동작역러닝코스 #한강러닝 #한강러닝코스 #서울러닝코스... 퇴근후러닝 #이촌한강공원 #이촌한강공원CU #치맥러닝 #러닝후치맥 #서울야간러닝 #러닝모임 #운동하는일상,https://blog.naver.com/be_longing/224230087337,"높은,동작역,입니다","저녁,밤","한강,치맥,퇴근,동작역,한강,은근,가지,어디,한강,얼마나,동작역,진짜,출구,물품,보관,이용,가능,출구,바로,한강"
서울러닝코스,[Athletes]서울 러닝 코스 추천 5 - 남산/한강/덕수궁-광화문... ,"서울 러닝 코스 추천 5 서울은 활기찬 도시의 매력과 깊은 역사와 문화가 공존하는 도시입니다. 서울에는 다양한 러닝 코스가 있지만, 그 중에서도 서울의 특별한 매력인 잘 드러나는 코스 5곳을 소개합니다.... ",https://blog.naver.com/e4a_official/223286696177,,"새벽,저녁","남산,한강,덕수궁,광화문,도시,매력,역사,문화,공존,도시,매력,매력,흠뻑,계절,계절,춘천,아국,이벤트,한창,매일"
서울러닝코스,[서울 러닝 코스] 뚝섬한강공원 러닝ㅣ영동대교 ~ 잠실대교... ,[러닝 코스 No. 64] 서울을 방문하는 누군가가 서울 러닝 코스를 소개해달라고 하면 제일 먼저 어디를 추천할까요? 저는 한강공원을 추천하는데요. 한강공원도 저마다 특징이 있으니 어디를 고를지 조금... ,https://blog.naver.com/pila_writer/224254869680,자양,오전,"뚝섬,한강,영동대교,잠실대교,방문,누군가,제일,먼저,어디,한강,한강,특징,어디,조금,방문,누군가,제일,먼저,어디,한강"
서울러닝코스,"서울러닝코스_10km, 석촌호수 러닝코스 달리기~ 봄은 장범준의... ",워킹서울 러닝서울~ 석촌호수 러닝코스 달리기~ 봄은 장범준의 노래 ‘벚꽃엔딩’으로 시작된다고... #서울러닝코스_10km #서울달리기코스_10km 서울을 워킹하자. 워킹하면 서울이 보인다. 서울걷기는 보물찾기다.... ,https://blog.naver.com/pccidjyj/224250690842,,시간미상,"석촌호수,장범준,워킹,석촌호수,장범준,노래,벚꽃,엔딩,워킹,워킹,걷기,보물찾기,워킹,석촌호수,장범준,노래,벚꽃,엔딩,벚꽃,어디가"
서울러닝코스,엉덩이만 밀었을 뿐! 서울 5km 러닝 코스 추천(feat.벚꽃 러닝),#서울5km러닝코스 #성내천러닝 #올림픽공원러닝 #러닝자세교정 #러닝무릎통증 #러닝무릎 #둔근러닝 #러닝챌린지 #건강검진준비 #오운완 #아디다스러닝 #런린이 #초보러너팁 #벚꽃 #러닝 #봄러닝 #봄철러닝... ,https://blog.naver.com/dee7781/224236353467,,시간미상,"엉덩이,벚꽃,건강검진,린지,기록,어제,근육통,가시,자신,약속,위해,다시,운동화,초보,러너,런린,가장,고생,무릎,통증"
서울러닝코스,[서울 러닝 코스] 성내천 벚꽃 러닝ㅣ성내천 ~ 한강합수부 5km... ,벚꽃 보러 가는 러닝이 아니라 벚꽃 덕분에 더 잘 달리게 되는 코스입니다. 간혹 벤치에 앉아 풍경이나 감상할까 하는 유혹이 들기도 합니다. 서울아산병원 서울아산병원이 가까워지자 산책하는 환자분들도... ,https://blog.naver.com/pila_writer/224242910080,"마천역,마천,개롱역",오전,"성내천,벚꽃,성내천,한강,벚꽃,벚꽃,덕분,달리,간혹,벤치,풍경,감상,유혹,기도,아산병원,아산병원,산책,환자,안양천,벚꽃"
서울러닝코스,호카 FLY HUMAN FLY 캠페인 서울 러닝 코스 러너블과 FHF... ,"인천과 김포, 타임빌라스 코스가 있는 수도권 코스도 준비되어 있고 러닝의 성지 한강 코스도 있답니다! 이벤트는 총 2가지를 진행하는데요! 먼저 챌린지 기간 내 10개 코스 중 1개 완주 후 SNS에... ",https://blog.naver.com/forever2131/223504336081,알프스산맥,시간미상,"호카,캠페인,러너블,인천,김포,타임,라스,수도권,성지,한강,이벤트,가지,진행,먼저,린지,기간,완주,요즘,다른,달리"
서울러닝코스,서울 러닝 코스 TOP7 (러너들이 가장 많이 뛰는 곳),서울숲 러닝 코스 (약 4km) 서울숲 도심 속 숲길 러닝을 즐기기 좋은 코스입니다. 조용한 분위기에서 러닝하기 좋아 힐링 러닝 코스로 유명합니다. 추천 포인트 숲길 러닝 조용한 분위기 초보 러너... ,https://blog.naver.com/lookback4349/224208410197,,저녁,"러너,가장,서울숲,서울숲,도심,숲길,분위기,힐링,포인트,숲길,분위기,초보,러너,러너,사랑,정말,한강,숲길,트랙,환경"
서울러닝코스,마곡 서울식물원 러닝 코스  (GPX 파일 다운로드),"서울식물원 러닝코스 서울식물원도 워낙 다양한 코스가 있겠지만 일반적으로는 한바퀴에 2.3-2.5km 정도 나오는 순환코스로 많이 이용한다. 그림의 코스에서 가장 바깥쪽으로 돌게 되면 2.5km로, 여의도 공원의... ",https://blog.naver.com/burrrrito/224259698259,염강나들목,밤,"마곡,식물원,파일,다운로드,식물원,식물원,워낙,일반,바퀴,순환,이용,그림,가장,바깥쪽,여의도,하나,정작,가장,식물원,사실"
서울러닝코스,2025 런 서울 런 마라톤 일정 러닝 코스 하프마라톤 10km,러닝 코스 안내 10km 러닝코스 출발: 서울시청 주요 경유지: 숭례문 – 을지로입구역 – 을지로4가역 – 충무로역 도착: 청계광장 → 서울 도심을 가볍게 순환하며 달리는 부담 없는 코스입니다.... ,https://blog.naver.com/qhadldhaus98/223957649770,"참가자,러닝코스","아침,오전","일정,하프마라톤,안내,시청,주요,경유,숭례문,을지로입구역,을지로,충무로역,청계,광장,도심,순환,부담,마라콘,일정,하프마라톤,일요일,시내"
서울러닝코스,서울러닝코스 / 경복궁둘레길,이런 분들께 추천 • 기록보다는 ‘감성 러닝’을 좋아하는 분 • 서울 도심 러닝 코스를 찾는 분 • 러닝 후 삼청동 카페 투어까지 즐기고 싶은 분 특히 러닝 모임 장소로도 좋다. 단체로 뛰고 나서 광화문이나... ,https://blog.naver.com/castlenine209/224189197104,,"아침,저녁,밤","경복궁,둘레길,기록,감성,도심,삼청동,카페,투어,모임,장소,단체,광화문,경복궁,둘레길,도심,힐링,복판,역사,자연,도심"
서울러닝코스,New 서울 러닝코스 14km ) 정릉천에서 한남역까지 뛰어봅시다,나가본다 코스는 나가면서 생각하는 러닝한정 극 P인간이다 종착지는 뛰면서 정함.ㅋㅋ 와이드 역시 편해!!!나는 아식스보다 역시 미즈노 정릉천에서 뛰뛰 청계천쪽으로 지나서 가다보니까 한양대쪽으로... ,https://blog.naver.com/greeenworld/224186901362,"깜깜할때,근데",새벽,"정릉천,한남역,한정,인간,종착,정함,와이드,역시,아식스,역시,미즈노,정릉천,청계천,대쪽,하마,얼마,숙제,장거리,하프,새벽"
서울러닝코스,서울여행 효창공원 산책 데이트코스 러닝코스,가족끼리 연인끼리 친구끼리 꼭 방문해보세요~ #효창공원 #서울데이트코스 #데이트코스 #러닝코스 #서울러닝코스 #효창공원러닝 #서울러닝 #서울공원 #용산공원,https://blog.naver.com/naivegirl_/223896300740,효창공원,시간미상,"여행,효창,산책,데이트,가족,끼리,연인,끼리,끼리,방문,데이트,방문,효창,방문,방문,브런치,먼저,방문,효창,효창"
서울러닝코스,9월 러닝 초보 서울 5km 코스 추천 가을 마라톤 준비 페이스 시간,이번 달엔 러닝 초보자도 부담 없이 즐길 수 있는 서울 5km 러닝 코스를 중심으로 달려봤어요. 청계천... 참고해서 서울 도심 속 달리기 루트를 찾아보시길 추천드려요. ↓ 8월에 다녀온 서울 러닝 코스가... ,https://blog.naver.com/pharmkim-/224037196907,"중랑천,동작,동대문","새벽,아침,저녁","초보,가을,초보자,부담,중심,청계천,참고,도심,루트,가을,선선,바람,계절,초보자,부담,중심,청계천,남산,종묘,한강"
서울러닝코스,2025 JTBC 서울 마라톤 일정 러닝 코스 추가접수 풀코스... ,"2025 JTBC 서울 마라톤 일정 러닝 코스 추가접수 풀코스 10km달리기 서울을 대표하는 마라톤 대회인 2025 JTBC 서울마라톤이 오는 11월 2일(일) 개최됩니다. 이번 대회는 풀코스와 10K, 휠체어 부문까지 다양한... ",https://blog.naver.com/qhadldhaus98/223989327089,월드컵공원,오후,"일정,추가,접수,일정,추가,접수,대표,대회,개최,대회,휠체어,부문,일정,추가,접수,대표,대회,개최,대회,휠체어"
서울러닝코스,10월 가을 서울 러닝 코스 추천 마라톤 준비 젤카야노31... ,"달에는 서울의 다양한 가을 러닝 코스를 달리며 다가올 춘천마라톤 10km 준비를 병행했어요. 특히, 러닝... #서울러닝코스 #가을러닝 ↓ 9월에 다녀온 서울 러닝 코스가 궁금하다면 아래 포스팅을 참고해 주세요.... ",https://blog.naver.com/pharmkim-/224065688127,,"아침,저녁,밤","가을,가을,달리,춘천,병행,아래,참고,러너,가장,달이,선선,공기,단풍,계절,최고,환경,가을,달리,춘천,병행"
서울러닝코스,[서울 러닝코스 추천] 광화문 댕댕이런 하고왔습니다,처음뛰었는데 강아지가 이쁘게 그려져서 기분이 좋음 무조건 길을 잘찾는사람하고 뛰어야함(나) #광화문러닝 #서울러닝코스 #광화문강아지런 #댕댕런 #댕댕이런 #그림그리기러닝 #서울러닝 #러닝 #러닝코스,https://blog.naver.com/ops1200/223981005499,번출구,밤,"광화문,댕댕,처음,강아지,기분,무조건,경복궁역,호선,서울특별시,종로구,사직로,경복궁역,출구,식중독,이틀,회복,질거려,갑자기,그냥,요즘"
서울러닝코스,서울 관악구 러닝코스 추천 도림천 신림 별빛내린천 산책로 5km,찾는 코스입니다 (라고 하기엔 러닝 시작 2주 밖에 안 됨) 신림선 서울대벤처타운역 2번 출구 로 나와서 횡단보도만 건너면 바로 도림천으로 갈 수 있어요 2번 출구로 와야 보행로로 달릴 수 있음... ,https://blog.naver.com/mkmagazine/224036504076,,"저녁,밤","관악구,도림천,신림,별빛,산책로,신림선,서울대,타운,출구,횡단보도,바로,도림천,출구,보행,깝치,심박수,이면,날씨,넘흐,초보"
서울러닝코스,[서울 마포 러닝코스 추천] 월드컵경기장에서 난지한강공원... ,"서울 마포 러닝코스 중에서도 풍경, 거리 확장성, 접근성까지 모두 갖춘 코스라 재방문율이 높은 이유가 분명합니다. 오늘도 한 걸음, 천천히 그러나 멈추지 않고 달려봅니다 ✨ #서울러닝코스 #마포러닝코스... ",https://blog.naver.com/ak_abcd/224201685973,"드컵경기장역,컵경기장에서,월드컵경기장","아침,저녁","마포,월드컵경기,한강,마포,풍경,확장,접근성,모두,방문,이유,걸음,노력,중이,습관,대해,이야기,마포,월드컵경기,한강,불광천"
서울러닝코스,[서울 러닝 코스] 양재천 벚꽃 러닝ㅣ양재 ~ 탄천합류부 5km,"[러닝 코스 No. 58] 이번 주말에는 서울 곳곳에서 벚꽃 축제가 열리는데요. 벚꽃 러닝은 1년 중 가장 화려한 유산소 축제라고 할 수 있습니다. 오늘 달릴 곳은 여의도 윤중로, 석촌호수와 함께 서울의 3대 벚꽃... ",https://blog.naver.com/pila_writer/224239666036,"달리려면,다음으로,탄천합류지,천합류지에서,학여울",오전,"양재천,벚꽃,양재,탄천,합류,주말,곳곳,벚꽃,축제,벚꽃,가장,산소,축제,여의도,윤중로,석촌호수,벚꽃,주말,곳곳,벚꽃"
서울러닝코스,서울 한강공원 러닝코스 일본 무릎보호대가 답이다,"서울 한강공원, 왜 러닝 코스로 최고일까? 한강공원은 정말 서울 시민에게 축복이죠. 일단 접근성이 너무 좋아요. 지하철역에서 내리자마자 바로 뛸 수 있으니, 퇴근하고 바로 운동하기에도 딱! 그리고 코스가... ",https://blog.naver.com/roh339/224056582257,"영취사에서,영취사,지하철",시간미상,"한강,일본,무릎,보호대,한강,최고,한강,정말,시민,축복,일단,접근성,지하철역,바로,퇴근,바로,혹시,부족,갑자기,새해"
서울러닝코스,나의 완벽한 여름휴가_ 웨스트조선 서울 호텔 경복궁 러닝코스... ,"나의 러닝 코스 기록, 생각보다 그렇게 길지 않으니 앞으로 종로에 다시 들리게 된다면, 경복궁으로 직진할거같다. 너무 좋은 경복궁러닝코스. 나의 완벽한 여름휴가다. #호캉스서울 #경복궁러닝",https://blog.naver.com/8417706/223954678439,,시간미상,"여름,휴가,웨스트,조선,호텔,경복궁,기록,종로,다시,경복궁,직진,경복궁,여름,휴가,상주,모래,비치,오토,캠핑장,현재"
서울러닝코스,서울5km러닝코스 남산둘레길 코스,서울5km러닝코스: 남산둘레길 코스 서울의 예쁜 러닝코스를 찾아서! 이번엔 서울 러너들의 소개로 다녀... 반환점 : 서울 중구 남산공원길 507 왕복 거리 : 약 3키로 2바퀴 정도 돌면 서울러닝코스5km 완성! 사진을... ,https://blog.naver.com/naaaming_/223466910750,,새벽,"남산,둘레길,남산,둘레길,러너,반환,중구,남산,왕복,바퀴,완성,남산,둘레길,러너,여름,그늘,고도,업힐,남산,둘레길"
서울러닝코스,접수 놓쳤다면? 서울 5대 벚꽃 러닝 코스 추천 &amp; 개화 시기 총정리,여러분은 어떤 코스가 가장 끌리시나요? 댓글로 함께 공유해 주세요! ♀️ #서울벚꽃명소 #벚꽃개화시기 #벚꽃마라톤 #서울러닝코스 #여의도윤중로 #석촌호수벚꽃 #안양천벚꽃길 #남산러닝 #벚꽃런 #새벽러닝... ,https://blog.naver.com/h_story84/224223514903,이전,"새벽,아침,오전","접수,벚꽃,개화,시기,정리,여러분,가장,공유,이제,개나리,봉우리,벚꽃,로드,벌써,도파민,피어,벚꽃,시즌,인기,대회"
서울러닝코스,"2026 하트시그널 러닝페스타, 문화비축기지 10km 코스부터... ","코스는 문화비축기지에서 출발해서 가양대교 방향으로 달린 뒤 다시 돌아오는 10km 코스로 보시면 돼요. 한강 쪽으로 이어지는 구간이라 탁 트인 느낌도 기대되고, 서울에서 열리는 봄 러닝대회 특유의... ",https://blog.naver.com/h5980256/224249942338,"문화비축기지,비축기지에서",시간미상,"하트,시그널,페스,문화,비축,기지,문화,비축,기지,가양대교,다시,보시,한강,느낌,대회,특유,대회,하나,요즘,진짜"
서울러닝코스,"서울러닝코스_10km, 동작, 잠수교, 이촌, 한강대교 러닝코스... ","동작역으로 와서 러닝을 마무리한다. 10km를 달렸다. #서울러닝코스_10km #서울달리기코스_10km 서울을 워킹하자. 워킹하면 서울이 보인다. 서울걷기는 보물찾기다. 이제는 워킹투어, 컬쳐투어이다.",https://blog.naver.com/pccidjyj/224110919439,동작,시간미상,"동작,잠수교,이촌,한강대교,동작역,마무리,워킹,워킹,걷기,보물찾기,이제,워킹,투어,컬쳐,투어,워킹,동작,잠수교,이촌,한강대교"
서울러닝코스,서울 러닝 코스 추천 BEST 7! 초보부터 마라톤까지 인생... ,서울 러닝 코스 추천 BEST 7! 초보부터 마라톤까지 인생 달리기를 찾아봐!#서울러닝 #러닝코스 #서울달리기 #한강러닝 #남산둘레길 #서울숲 #올림픽공원 #여의도한강공원 #반포한강공원 #뚝섬한강공원 #청계천... ,https://blog.naver.com/0111khh/223999833496,,"아침,밤","초보,인생,초보,인생,선선,바람,계절,아침,맞이,정말,최고,인생,초보,러너,숙련,토너,모두,주목,한강,러너"
서울러닝코스,[서울 러닝 코스] 중랑천 벚꽃 러닝 l 군자교 ~ 월릉교 6.5km... ,"[러닝 코스 No. 59] 벚꽃 시즌에 맞춰 하천 코스들을 하나씩 도장 깨기 하듯 달리고 있는데요. 오늘은 서울 동북권을 관통하는 거대한 물줄기, &lt;중랑천&gt;입니다. 경기도 양주에서 한강까지 이어지는 36km의 광활한... ",https://blog.naver.com/pila_writer/224241074414,여기서,시간미상,"중랑천,벚꽃,군자,월릉교,벚꽃,시즌,하천,하나,도장,달리,동북,관통,물줄기,중랑천,경기도,양주,한강,벚꽃,시즌,하천"
서울러닝코스,서울러닝코스추천(feat.두루미),해시태그 (블로그 최적화)  러닝·운동 #러닝붐 #러닝코스추천 #도심러닝 #서울러닝 #초보러닝  청계천·종로 #청계광장 #청계천러닝 #종로러닝코스 #광화문러닝 #서울야경러닝  디저트·쉑쉑 #쉑쉑버거... ,https://blog.naver.com/lvtocsy/224167183548,초보자,"오전,저녁,밤","두루미,해시태그,최적화,청계천,종로,디저트,쉑쉑,요즘,청계,광장,진짜,요즘,실감,실제,어제,러너,이순신,세종대왕,헬스장,대신"
서울러닝코스,서울 러닝코스 추천 남산 둘레길 코스,이번 포스팅 주제는 제 취미중 하나인 러닝인데요. 그중에서도 서울 러닝코스 추천하면 떠오르는 이곳 바로 남산 둘레길코스입니다. 저는 퇴근후 바로갔었는데 이날 날씨가 어찌나 뜨겁던지... 사실 이번에... ,https://blog.naver.com/jobblisher/223990320667,,저녁,"남산,둘레길,주제,취미,하나,바로,남산,둘레길,퇴근,바로,날씨,사실,잡블리셔,일상,주제,취미,하나,바로,남산,둘레길"
서울러닝코스,성수 러닝코스 추천 뉴발란스에서 러닝화 대여 후 서울숲 달리기,뉴발란스 런허브가 성수에도 생겼다고 해서 지인들과 러닝화를 빌려 서울 숲 달리기를 했어요. 북촌... 하루를 직접 경험해 보시길 바랍니다. #성수 #성수러닝코스 #러닝코스추천 #서울러닝코스 #남짐릇 #LOOOP,https://blog.naver.com/kirruazz/224253136142,,시간미상,"성수,뉴발란스,대여,서울숲,뉴발란스,런허브,성수,지인,북촌,하루,직접,경험,뉴발란스,런허브,성수,지인,북촌,런허브,성수,허브"
서울러닝코스,"서울 러닝 코스 추천,남산 북측 순환로 러닝코스 추천","생각했는데 러닝의 즐거움을 알려주고 전파하는 러닝해영! 해영이 덕분에 제주도, 서울 러닝 코스도... 러닝 코스 찾는 분들이라면 서울 남산 북측 순환로 달려보세요. 다른날 2회전한 둥언니 (쌍둥이... ",https://blog.naver.com/2park_gazi/223972527509,거기서,저녁,"남산,순환로,즐거움,전파,해영,덕분,제주도,남산,순환로,둥언,쌍둥이,남산,성지,주차,국립극장,버스,이용,버스,남산,순환로"
서울러닝코스,런린이들 서울 한강 러닝코스 추천 여의도 고구마런 X... ,Fun Run :: 고구마런 X 다운 타우너 글 @테니제로 이미지 @downtowner 고구마런 그게 뭔데 서울 한강 러닝코스 ! 하면 떠오르는 여의도 고구마런. 런린이들도 쉽게 도전할 수 있어서 더 유명해졌는데요. 수제 버거... ,https://blog.naver.com/hhyejjin0810/223995016824,여의도,시간미상,"런린이들,한강,여의도,고구마,고구마,다운,타우,제로,이미지,고구마,그게,한강,여의도,고구마,런린이들,도전,수제,버거,고구마,다운"
서울러닝코스,[서울 러닝 코스] 여의도 반고구마런 6km | 한강 초보 러닝 코스... ,[러닝 코스 No. 61] 여의도 &lt;반고구마런&gt;은 이런 분들께 추천합니다. ✔ 5~6km 가볍게 뛰고 싶은 초보 러너... 여의도 한강공원 노점상 여의도 한강공원 일대는 벚꽃 축제가 끝나고 &lt;서울 스프링 페스티벌&gt; 준비가... ,https://blog.naver.com/pila_writer/224246715273,당산역,오전,"여의도,고구마,한강,초보,여의도,고구마,초보,러너,여의도,한강,노점상,여의도,한강,일대,벚꽃,축제,스프링,페스티벌,여의도,고구마"
서울러닝코스,서울 북부 러닝 코스 - 5km 달리기,"#공릉동, #서울북부_러닝코스, #5km, #특히_봄에_뛰면_기분이_너무_좋아요, #걸으면서_느껴지는_라일락_향기가_환상적임, #경춘선철길_산책코스, #묵동천과_중랑천에서_러닝, #추천",https://blog.naver.com/tamaraciel/223899149425,트랙,저녁,"북부,서울시,노원구,공릉동,기간,동안,다른,도시,이사,다만,부근,기간,공릉동,부근,생활,최근,이주,여기,고려,위해"
서울러닝코스,서울 100k 트레일 러닝 마라톤대회 코스 기념품 서울 마라톤... ,서울 100k 트레일 러닝 마라톤대회 코스 기념품 서울 마라톤 일정 서울의 도심과 자연을 새롭게 경험할 수 있는 서울100K 트레일러닝 마라톤 대회가 다가옵니다. 이번 대회는 2024년 10월 19일부터... ,https://blog.naver.com/qhadldhaus98/223616451270,"서울광장에서,서울광장","아침,오전","트레일,대회,기념품,트레일,대회,기념품,일정,도심,자연,경험,트레일,대회,대회,트레일,대회,기념품,일정,도심,자연,경험"
서울러닝코스,2024 일사천리레이스 서울 마라톤 일정 러닝 코스 기념품... ,"2024 일사천리레이스 서울 마라톤 일정 러닝 코스 기념품 5km 10km 달리기 2024년 12월 8일, 서울 영등포구 안양천 주변에서 2024 일사천리 레이스 서울 마라톤 대회가 열립니다. 10km와 5km 코스로 구성된 이번... ",https://blog.naver.com/qhadldhaus98/223680792190,,"아침,오전","일사천리,레이스,일정,기념품,일사천리,레이스,일정,기념품,영등포구,안양천,일사천리,레이스,대회,구성,일사천리,레이스,일정,기념품,영등포구,안양천"
서울러닝코스,[서울 러닝 코스] 망원유수지체육공원 러닝 트랙ㅣ주차 및... ,☞ 러닝 트랙 총정리 바로가기 함께 읽으면 좋은 정보 서울 러닝 코스 시리즈 경복궁 댕댕런 (클릭) 서울시청 - 경복궁 돌담길 (클릭) 광화문 뮤지엄런 덕수궁 토끼런 (클릭) 양재(매헌)시민의 숲 피자런... ,https://blog.naver.com/pila_writer/224232653805,"합정,망원","오전,밤","망원,유수지,체육,트랙,주차,트랙,정리,바로가기,시리즈,경복궁,댕댕,시청,경복궁,돌담,광화문,지엄,덕수궁,토끼,양재,시민"
서울러닝코스,[러닝일기]서울식물원 새벽러닝 10km 코스 발견 | 직장인 출근... ,♀️ #서울식물원러닝 #서울식물원 #새벽러닝 #야외러닝 #직장인러닝 #출근전운동 #러닝일기 #10km러닝 #러닝코스추천 #서울러닝코스 #마곡러닝 #러닝루틴 #러너일상 #마라톤준비 #하프마라톤준비... ,https://blog.naver.com/gpdnjs6669/224226226273,,새벽,"일기,식물원,새벽,발견,직장인,출근,월요일,출근,새벽,기상,출근,루틴,성공,루틴,기존,다른,루틴,원래,회사,헬스장"
서울러닝코스,#오운완 인증각! 요즘 뛰기 좋은 서울 러닝 코스 추천,"위한 서울 러닝 코스를 달려보자! 자, 그럼 시작할게! ✅ 바쁜 당신을 위한 핵심 체크 ✅ &lt;반포 한강공원&gt; 서울 러닝의 꽃! 한강을 가로지르는 잠수교 코스까지 ✅ &lt;잠원지구&gt; 탁 트인 풍경을 보며 가볍게 뛰고... ",https://blog.naver.com/kyoboblog/223773054499,,저녁,"인증,요즘,당신,핵심,체크,반포,한강,한강,잠수교,지구,풍경,안녕,날씨,최고,선선,바람,요즘,날씨,건강,자기"
서울러닝코스,"서울러닝코스추천 : 한강, 보라매공원",서울러닝코스추천: 강남쪽 한강 토요일은 잠실 롯데타워 앞 석촌호수에서 달리기를 하려했으나 산책만... 너무 재밌는 서울 한강과 보라매공원 + 그리고 새로운 러닝코스 발굴까지... 일과 나의 소확행 모두... ,https://blog.naver.com/naaaming_/223458423032,옥수,밤,"한강,보라매,강남,한강,토요일,잠실,롯데,타워,석촌호수,산책,한강,보라매,발굴,일과,확행,모두,주말,부산,메이트,요즘"
서울러닝코스,"마무리한 나의 서울여행/ 상암동에어비앤비, 월드컵러닝코스",아침 한강 러닝 내가 설레고 설레었던 서울 러닝을 드디어 하고 말았다. 뭐 휴가 다녀오면서 이렇게... 칭찬을 퍼부었던 아침이었다. 다들 한강처럼 길고 크게 시작한 좋은아침이었다. #한강공원 #한강러닝코스,https://blog.naver.com/8417706/223956164357,,아침,"마무리,여행,상암동,에어비앤비,월드컵,아침,한강,휴가,칭찬,아침,한강,크게,아침,아침,한강,휴가,수가,가든,무조건,아침"
서울러닝코스,서울 러너들이 추천하는 가을 커피&amp;러닝 코스 5,"서울에 거주하는 5인의 러너에게 물었다. 당신의 최애 동네 러닝 코스를 알려주세요. 달리는 행위가 주는 쾌감과 도시의 풍경을 누리는 즐거움을 모두 충족하는, 거기에 러닝 후 땀을 식히며 커피 한 잔 마실... ",https://blog.naver.com/the_edit_magazine/224071678059,집에서,"아침,오전,오후,저녁","러너,가을,커피,거주,인의,러너,당신,최애,동네,행위,쾌감,도시,풍경,즐거움,모두,충족,거기,커피,안녕,마음"
서울러닝코스,서울 러닝 코스 추천: 경복궁부터 경희궁까지(댕댕이런) with... ,경복궁 창덕궁 창경궁 덕수궁 경희궁 서울 도심을 모두 가로지를 수 있는 코스입니다. 광장시장도... 구경오세요  #러닝일지 #러닝일기 #달리기 #댕댕이런 #서울러닝코스 #서울러닝추천 #경복궁러닝... ,https://blog.naver.com/dud_9350/223358826408,,시간미상,"경복궁,경희궁,댕댕,경복궁,창덕궁,창경궁,덕수궁,경희궁,도심,모두,광장시장,구경,경복궁,창덕궁,창경궁,덕수궁,경희궁,꼬리,댕댕,일지"
서울러닝코스,(서울의 러닝 코스) 우이천,서울투어 러닝코스로 킵! #우이천러닝코스 #러닝코스 #서울러닝코스 #우이천 #LSD코스 #성북구러닝코스 #강북구러닝코스 #성북구 #강북구 #마라톤코스 #마라톤 #중랑천 #중랑천러닝코스 #중랑천러닝 #러닝,https://blog.naver.com/purhj/224152116111,군자교를,시간미상,"우이천,투어,개척,최근,마일리지,개척,재미,신호,흐름,자주,가기,하니,이참,하천,모두,보기,우이천,먼저,계획,왕복"
서울러닝코스,2024 시즌마감 마라톤 대회 서울 마라톤 일정 러닝 코스 기념품,시즌마감 마라톤 대회 서울 마라톤 일정 러닝 코스 기념품 러너들에게는 한 해를 마무리하며 달릴 수 있는 특별한 순간이 찾아옵니다. 바로 2024 시즌 마감 마라톤 대회인데요. 서울 여의도 한강공원에서... ,https://blog.naver.com/qhadldhaus98/223690438965,안내,"아침,오전","시즌,마감,대회,일정,기념품,시즌,마감,대회,일정,기념품,러너,마무리,순간,바로,시즌,마감,대회,여의도,한강,시즌"
서울러닝코스,[서울 러닝 코스] 서울 러닝 트랙 총정리,"러닝 트랙은 우레탄 바닥이라 관절 부담도 덜하고 무장애 코스에다, 거리에 맞춰 인터벌, 빌드업 등... 부산 부경대 운동장 함께 읽으면 좋은 정보 서울 러닝 코스 시리즈 경복궁 댕댕런 (클릭) 서울시청... ",https://blog.naver.com/pila_writer/224205301558,,"새벽,아침","트랙,정리,트랙,우레,바닥,관절,부담,무장애,인터,빌드업,부산,부경대,운동장,시리즈,경복궁,댕댕,시청,보노,그동안,트랙"
서울러닝코스,[서울 러닝 코스] 강남러닝트랙-서울교대 트랙 400mㅣ주차... ,"[러닝 코스 No. 53] 안녕하세요, 무보노트입니다. 이제 정말 봄입니다! 오늘 소개할 곳은 강남 한가운데... 러닝 트랙 총정리 바로가기 함께 읽으면 좋은 정보 서울 러닝 코스 시리즈 경복궁 댕댕런 (클릭) 서울... ",https://blog.naver.com/pila_writer/224233433849,트랙,"아침,오전,저녁","강남,트랙,교대,트랙,주차,보노,이제,정말,강남,한가운데,트랙,정리,바로가기,시리즈,경복궁,댕댕,보노,이제,정말,강남"
서울러닝코스,2025 버킷런 대회 서울 마라톤 일정 러닝 코스 10km 5km 달리기,2025 버킷런 대회 서울 마라톤 일정 러닝 코스 10km 5km 달리기 새해가 시작되면 누구나 이루고 싶은 목표를 정하곤 합니다. 하지만 일상에 치이다 보면 어느새 그 목표가 희미해지기도 합니다. 2025... ,https://blog.naver.com/qhadldhaus98/223773436356,안내,"아침,오전","버킷,대회,일정,버킷,대회,일정,새해,누구,목표,일상,목표,기도,버킷,대회,일정,새해,누구,목표,일상,목표"
서울러닝코스,[서울 러닝 코스] GPS 아트런 모음ㅣgpx 포함,"여의도 고구마런 무장애, 한강, 온전히 러닝에 집중 3. 상암 캥거루런 무장애, 업힐 코스 훈련도 가능 4.... 일산 따봉런 함께 읽으면 좋은 정보 서울 러닝 코스 시리즈 경복궁 댕댕런 (클릭) 서울시청 - 경복궁... ",https://blog.naver.com/pila_writer/224205368028,"당산역,여의나루",밤,"아트,모음,포함,여의도,고구마,무장애,한강,집중,상암,캥거루,무장애,업힐,가능,일산,따봉런,시리즈,경복궁,댕댕,시청,경복궁"
서울러닝코스,"서울러닝코스_10km, 한강 러닝코스 달리기~ 동작역에서 시작해... ",러닝서울 서울걷기~ 한강 러닝코스 달리기~ 동작역에서 시작해 동작대교를 건너 한강북로를 달린다.... #서울달리기코스 #서울러닝코스 서울을 워킹하자. 워킹하면 서울이 보인다. 서울걷기는 보물찾기다.... ,https://blog.naver.com/pccidjyj/224240831305,"동작역,동작",밤,"한강,동작역,걷기,한강,동작역,동작대교,건너,강북,달린다,워킹,워킹,걷기,보물찾기,걷기,한강,동작역,동작대교,건너,강북,달린다"
서울러닝코스,[서울 러닝 코스]러닝 고수들의 훈련장 반포종합운동장 | 400트랙,"서울에서 러닝을 하면 자주 언급되는 곳이 있다. 한강공원, 보라매공원 등등 있지만 특히, 고수들이 많이 모인다는 곳이 있다. 바로 반포종합운동장이다. 권은주 감독, 언노운 크루, 기안84, 권화운 등등 많은... ",https://blog.naver.com/joh3830/224187844232,,"아침,오전","고수,반포,종합,운동장,트랙,자주,언급,한강,보라매,등등,고수,바로,반포,종합,운동장,권은주,감독,언노운,크루,기안"
서울러닝코스,서울 경기 트레일러닝 코스 추천처음 시작하는 분들도 가기... ,코스를 찾고 계셨다면 이번 정리가 출발점이 되었으면 합니다 #서울트레일러닝 #경기트레일러닝 #트레일러닝코스추천 #서울러닝코스 #남한산성러닝 #북한산둘레길 #관악산둘레길 #한양도성길 #트레일러닝입문,https://blog.naver.com/trevel_dream_w/224231453950,정리가,저녁,"경기,트레일,처음,가기,정리,출발점,경기,트레일,처음,가기,장소,정리,트레일,관심,생기,가장,먼저,고민,어디,가야"
서울러닝코스,[서울 러닝 코스] 안양천 벚꽃 러닝ㅣ안양천 벚꽃터널... ,벚꽃 러닝의 끝판왕 &lt;성내천 ~ 한강합수부&gt; 5km 함께 읽으면 좋은 정보 서울 러닝 코스 시리즈 경복궁 댕댕런 (클릭) 서울시청 - 경복궁 돌담길 (클릭) 광화문 뮤지엄런 덕수궁 토끼런 (클릭) 양재(매헌)시민의 숲... ,https://blog.naver.com/pila_writer/224236287570,"출구,여기,출구에서","오후,저녁","안양천,벚꽃,안양천,벚꽃,터널,벚꽃,끝판,성내천,한강,시리즈,경복궁,댕댕,시청,경복궁,돌담,광화문,지엄,덕수궁,토끼,양재"
서울러닝코스,"2026더레이스 서울21km하프마라톤,10km러닝 대회 총정리,코스... ","교보생명에서 주최하는 서울 대표 러닝 콘텐츠, 더레이스서울21k 대회 장소와 코스 출발 장소 광화문광장 주소 : 서울 종로구 세종대로 175 코스 안내 START : 광화문광장 (공통) 10K FINISH : 청계광장 21K FINISH... ",https://blog.naver.com/4168174/224233254457,"참가자,운영,광화문광장,화문광장에서,이동,에서","아침,오전","레이스,하프마라톤,대회,정리,교보,생명,주최,대표,콘텐츠,레이스,대회,장소,장소,광화문,광장,주소,종로구,세종,안내,광화문"
서울러닝코스,순토 서울트레일 22K 레이스 접수 일정 코스 총정리... ,서울러닝대회 #한양도성길 #트레일러닝 #러닝대회추천 #서울마라톤 #러너일상 #러닝기록 #등산러닝 #업힐훈련 #순토 #러닝베스트 #트레일러닝입문 #러닝정보 #대회정보 #마라톤준비 #러닝코스 #서울러닝,https://blog.naver.com/mangnani__-/224266484048,순차,"아침,오전,밤","순토,트레일,레이스,접수,일정,정리,대회,트레일,러너,라면,주목,대회,순토,트레일,레이스,정리,대회,도심,트레일,레이스"
서울러닝코스,&lt;대치동 필라테스 강남 한티역PT&gt; 서울 수도권 유명한 러닝코스,입구 코스 호수 둘레길로 한 바퀴 &gt;2-3바퀴로 6-9키로 추천 &gt;서울에 비해 한적함 날씨가 더 더워지기 전에 이번 주말에는 지도위에 그림그리는 러닝으로 보다 건강한 한주 마무리 해보시는 건 어떨까요 https... ,https://blog.naver.com/fitnine/224257841884,,아침,"대치동,필라테스,강남,한티역,수도권,입구,호수,둘레길,바퀴,바퀴,날씨,주말,그림,한주,마무리,대치동,피티,나인,핏나,필라테스"
서울러닝코스,벚꽃 터널 아래를 달리다♂️ 서울 벚꽃 러닝 명소 &amp; 2026... ,"러닝 포인트: 코스가 길지 않아 초보 러너에게 추천하며, 러닝 후 반포한강공원에서 벚꽃을 보며... 벚꽃러닝 #러닝명소 #서울러닝코스 #런린이 #러너 #여의도벚꽃 #석촌호수벚꽃 #서울숲 #정독도서관... ",https://blog.naver.com/dudgmlqo/224214307928,출구,"아침,저녁,밤","벚꽃,터널,아래,달리,벚꽃,명소,포인트,초보,러너,반포,한강,벚꽃,벚꽃,아침,저녁,기운,조만간,평년,기온,조금"
서울러닝코스,서울러닝코스 광화문 댕댕런 gps 러닝 후기 &amp; 댕댕런 gpx... ,안녕하세요 쪼이입니다:) 지난주 휴무에 친구랑 커피마시다가 얘기가 나온 광화문 댕댕런 코스에... 회사친구인데 서울 도심 러닝에 인증샷은 빠질 수 없잖아요 거의 쿨다운 수준으로 쉬고 다시 시작 댕댕런... ,https://blog.naver.com/anglekd/224043187300,뒷발,저녁,"광화문,댕댕,댕댕,지난주,휴무,커피,얘기,광화문,댕댕,회사,도심,인증샷,거의,다운,수준,다시,댕댕,지난주,휴무,커피"
서울러닝코스,"서울러닝코스_10km, 사천삼천포 실안노을길 러닝코스 달리기... ",워킹서울 러닝서울~ 늦은 포스팅이다. 사천삼천포 실안노을길 러닝코스 달리기~ 명절 처가집에 왔다가... #서울러닝코스_10km #서울달리기코스_10km 서울을 워킹하자. 워킹하면 서울이 보인다. 서울걷기는... ,https://blog.naver.com/pccidjyj/224216011628,,시간미상,"삼천포,워킹,삼천포,명절,처가,워킹,워킹,걷기,워킹,삼천포,명절,처가,삼천포,실안,노을길,노을,서리,쪽파,마리나,바다"
서울러닝코스,"서울 러닝코스 추천, 러너들이 가장 좋아하는 서울 달리기 코스",#서울러닝코스 #서울달리기코스 #서울조깅코스 #한강러닝코스 #서울숲러닝 #남산러닝코스 #올림픽공원러닝 #러닝코스추천 #율리시스러닝화 #데일리러닝화 #러닝입문 #서울러닝,https://blog.naver.com/ulyssesrunning/224217250266,,아침,"러너,가장,가장,검색,하나,바로,환경,도시,한강,남산,서울숲,장소,러너,명소,조깅,검색어,검색,러너,가장,정리"
서울러닝코스,"서울 러닝코스 추천, 경복궁 돌담길 달리기 후기",다음엔 서촌이나 부암동까지 이어지는 코스도 도전해봐야겠어요! #서울러닝코스 #경복궁러닝코스 #돌담길달리기 #북촌러닝 #광화문러닝 #서울달리기 #감성러너 #도심러닝 #러닝코스추천 #클립챌린지 #클립챌린저,https://blog.naver.com/kirruazz/223838689919,,"오후,저녁","경복궁,돌담,다음,부암동,도전,요즘,동네,루틴,조금,뉴발란스,북촌,화랑,대여,겸사겸사,도심,도전,북촌,감성,경복궁,돌담"
서울러닝코스,"[성신여대 헬스]서울 벚꽃 시즌, 달리면서 즐기는 러닝 코스 추천",올리브짐#서울벚꽃 #벚꽃러닝 #서울러닝코스 #벚꽃명소 #한강러닝 #여의도벚꽃 #석촌호수 #러닝코스추천 #봄러닝 #러닝스타그램 #운동스타그램 #헬스장추천 #다이어트러닝 #야외운동 #서울운동 #러너일상... ,https://blog.naver.com/olive_gym/224226939792,,"아침,오전,저녁,밤","성신여대,헬스,벚꽃,시즌,올리브,벚꽃,성신여대,헬스,올리브,헬스장,회원,사랑,여러분,위해,벚꽃,시즌,경치,때로는,계절,달리"
서울러닝코스,갈 필요 없는 뷰 맛집! 이디야커피 종로이화동점 (트레일러닝 코스),트레일러닝 #서울트레일러닝 #오운완 #러닝코스추천 #가성비카페 #테라스카페 #야외카페 #아이스아메리카노 #낙산공원데이트 #서울러닝코스 #종로카페추천 #뷰맛집 #트런 #트레일러닝 #낙산러닝 #러닝코스... ,https://blog.naver.com/63816/224258433774,,시간미상,"필요,맛집,이디야,커피,종로,이화,동점,트레일,트레일,요즘,날씨,야외,시즌,요새,러너,사이,낙산,트레일,성지,맑은"
서울러닝코스,7월 초보 여름 러닝 기록 페이스 5km 코스 서울 명소 추천 2탄,"서울 도심 속에서도 계절의 변화를 느끼며 달릴 수 있는 코스와 여름철 러닝 팁, 아이싱과 회복 루틴까지 함께 기록했습니다. #여름러닝 #서울러닝명소 #서울러닝코스 7/18 대현산 배수지공원 저녁 퇴근하고... ",https://blog.naver.com/pharmkim-/223955990915,,"새벽,아침,오전,저녁","초보,여름,기록,명소,도심,계절,변화,여름철,아이싱,회복,루틴,기록,대현산,배수지,저녁,퇴근,한여름,탐험,초보,여름"
서울러닝코스,3월 서울 러닝 코스 : 서울역~손기정기념관 코스,하여 35코스 모두 뛰는 걸 목표로~ 오늘 코스입니다. 서울시청까지는 작년 서울100k 트레일러닝 대회 나가면서 뛰어가 봤는데 서울역에서 10분 정도 소요됐었습니다. 돌아서 덕수궁 돌담길 조금 뛰다가 다시... ,https://blog.naver.com/aimhigh777_/223791630070,부근,시간미상,"서울역,손기정,기념관,모두,목표,시청,작년,트레일,대회,서울역,소요,덕수궁,돌담,조금,다시,첫째,남산,서울역,잠시,시청"
서울러닝코스,"서울 쉬엄쉬엄 모닝 런 2026년... 시작, 주말 도심 러닝코스 개방",서울 도심 러닝코스를 자유롭게 활용할 수 있는 새로운 형태의 정책이 어떤 반응을 얻을지 주목됩니다. 이런 분들께 추천 서울 러닝코스를 찾는 분 주말 아침 운동을 시작하고 싶은 분 기록 경쟁 없이 가볍게... ,https://blog.naver.com/ferrarin_/224201544660,,"아침,오전","쉬엄쉬엄,모닝,주말,도심,개방,도심,활용,형태,정책,반응,주목,주말,아침,기록,경쟁,주말,아침,도심,복판,도로"
서울러닝코스,[서울 러닝 코스 추천 #14] 은평구(5km코스 &amp; 10km코스),[서울 러닝 코스 추천 #14] 은평구 편: 불광천의 물길과 북한산의 숨결 은평구 코스는 상암 한강공원까지... 구파발러닝 #오런완 #러닝코스추천 #서울조깅 #은평운동 #불광천산책로 #5km코스 #10km코스 #한옥런,https://blog.naver.com/eotjr83/224210276017,카카오맵,밤,"은평구,은평구,불광천,물길,북한,숨결,은평구,상암,한강,구파발,은평구,불광천,물길,북한,숨결,은평구,상암,한강,물길,아래"
서울러닝코스,남산 둘레길 러닝 코스 동대입구역 남산공원 남산도서관 출발... ,서울 러닝코스 추천: 남산 둘레길에서 뛰는 즐거움 서울 도심에서 자연을 느끼며 달릴 수 있는 최고의 러닝코스를 찾고 계신가요? 오늘은 서울에서 가장 인기 있는 러닝 명소 중 하나인 남산 둘레길을... ,https://blog.naver.com/ohayo11/223886129804,"동대입구역,남산도서관,추천하는,대입구역에서,대표적인,동대입구,따라,산도서관에서,다양한","저녁,밤","남산,둘레길,동대입구역,남산,남산,도서관,남산,둘레길,즐거움,도심,자연,최고,가장,인기,명소,하나,남산,둘레길,남산,둘레길"
서울러닝코스,서울 도심 연예인 러닝 코스! 취미가 런닝인 운동하는 스타 셀럽,션을 주축으로 서울에서 러닝하는 언노운 크루 등 연예인 러닝클럽도 생겨났죠. 그래서일까요... 트레일 러닝 대회에 참가했습니다. 그가 달린 코스는 총 13km. 트레일 러닝 특성상 언덕과 산악 지형을... ,https://blog.naver.com/hhyejjin0810/224086686094,,"새벽,아침,오전","도심,연예인,취미,런닝,스타,셀럽,주축,언노운,크루,연예인,클럽,서일,트레일,대회,참가,트레일,특성,언덕,산악,지형"
서울러닝코스,여름 러닝 러니스 정기런 서울  러닝코스 경복궁 2회전 5K,경복궁 야경 보면서 뛸 수 있는 코스!! 습해서 포기하고 싶었지만 완주 후 뿌듯함이란!! 이맛에 달리고 운동하지요 여름 러닝 러니스 정기런 서울 러닝코스 경복궁 2회전 5K 완주 후 마무리는 스쿼트와 런지... ,https://blog.naver.com/nan0709/223921053064,경복궁,시간미상,"여름,니스,정기,경복궁,경복궁,야경,포기,완주,달리,여름,니스,정기,경복궁,완주,마무리,스쿼트,여름,니스,정기,경복궁"
서울러닝코스,[서울 한강 러닝 코스 추천] 주말 오후 더위 피하는 대교 밑... ,♀️♂️ #한강러닝코스추천 #여의도러닝코스 #한강그늘러닝 #더운날러닝코스 #여름한강달리기 #주말러닝코스 #부부러닝 #하프마라톤후기 #마인드컨트롤러닝 #러닝기분전환 #한강다리밑그늘 #초보러닝코스... ,https://blog.naver.com/h_story84/224265903293,"그리고,부근,부근에서",시간미상,"한강,주말,오후,더위,피하,대교,일상,에너지,기운,만끽,한낮,요즘,야외,사랑,러너,햇빛,슬슬,가장,복병,시기"
서울러닝코스,[서울 러닝 코스 추천 #15] 강동구(5km코스 &amp; 10km코스),[서울 러닝 코스 추천 #15] 강동구 편: 한강 상류의 순수함과 암사의 숨결 강동구 코스는 복잡한 도심... 암사역러닝 #오런완 #러닝코스추천 #서울조깅 #강동운동 #에코러닝 #5km코스 #10km코스 #한강뷰러닝,https://blog.naver.com/eotjr83/224210277302,"카카오맵,보충하고",시간미상,"강동구,강동구,한강,상류,암사,숨결,강동구,도심,암사역,강동구,한강,상류,암사,숨결,강동구,도심,빌딩,갈대,한강,민낯"
서울러닝코스,2024 손기정 평화마라톤 대회 일정 러닝 코스 기념품 서울... ,평화마라톤 #스포츠정신 #서울하프마라톤 #상암월드컵공원 #평화광장 #마라톤대회 #기념메달 #블랙야크기념품 #서울마라톤 #러닝코스 #하프마라톤 #10km마라톤 #5km마라톤 #10km달리기 #5km달리기,https://blog.naver.com/qhadldhaus98/223655896681,,"아침,오전","손기정,평화,대회,일정,기념품,평화,손기정,평화,대회,일정,기념품,하프,일정,상암,월드컵,손기정,평화,대회,대회,베를린"
서울러닝코스,[서울 러닝 코스 추천 #16] 용산구(5km코스 &amp; 10km코스),"[서울 러닝 코스 추천 #16] 용산구 편: 서울의 심장, 이촌과 용산의 하모니 용산 코스는 남산의 업힐과는... 동작대교 #한강대교 #오런완 #러닝코스추천 #서울조깅 #용산운동 #선셋러닝 #5km코스 #10km코스 #서울피날레",https://blog.naver.com/eotjr83/224210279316,카카오맵,시간미상,"용산구,용산구,심장,이촌,용산,하모니,용산,남산,업힐,동작대교,용산구,심장,이촌,용산,하모니,용산,남산,업힐,다른,매력"
서울러닝코스,벚꽃 러닝 가능한 곳? 청운공원 막차 벚꽃 러닝코스 산책코스”,러닝 막차인것 같아요 너무 좋았던 청운공원 러닝 코스 산책코스로 추천드립니다. #청운공원 #청운공원러닝 #벚꽃러닝 #벚꽃막차 #서울러닝코스 #인왕산러닝 #북악산러닝 #트레일러닝 #러닝코스추천 #러닝일기,https://blog.naver.com/nan0709/224251442589,,시간미상,"벚꽃,청운,막차,벚꽃,산책,청운,산책,주말,일요일,크루,멤버,한양도성,트레일,금요일,여의도,벚꽃,벚꽃,전혀,기대,웬걸"
서울러닝코스,서울 강남 탄천 양재천 러닝코스 추천 운동화 기능성 충격흡수... ,"서울 강남 탄천·양재천 러닝코스 추천 – 운동화와 기능성 깔창, 충격흡수 필수템까지! 서울에서 러닝을 시작하기에 가장 인기 있는 지역 중 하나가 바로 강남 탄천과 양재천입니다. 넓은 수변공간과 잘 정비된... ",https://blog.naver.com/ohayo11/223974525073,송파구,밤,"강남,탄천,양재천,운동화,기능,충격,흡수,강남,탄천,양재천,운동화,기능,깔창,충격,흡수,필수,가장,인기,지역,하나"
서울러닝코스,[서울 러닝 코스 02] 샛강역 -&gt; 새빛둥둥섬,새빛둥둥섬' 코스입니다. [서울 러닝 코스 02] 샛강역 -&gt; 새빛둥둥섬 - 샛강생태공원길은... 러닝코스가 업다운이 꽤 있었기 때문에 반포까지 가기 어려우시면 동작역 부근에서 러닝을... ,https://blog.naver.com/sposumer/221010858669,속버스터미널,"오전,저녁,밤","샛강역,둥둥,둥둥,샛강역,둥둥,샛강,생태,반포,가기,동작역,부근,벌써,날씨,비교,선선,저녁,샛강,생태,한강,민공"
서울러닝코스,서울 한강 러닝코스 추천 여의도 고구마런 7km 주차까지,서울에서 뛰고 싶었던 이유 중 하나가 서울 러닝 코스! 서울 한강 러닝 코스 중 여의도 고구마런을 발견해서 여의도 고구마런 7km 뛰고 고구마 프라이까지 먹었던 러닝 코스 소개할게요. 여의도 고구마런코스... ,https://blog.naver.com/yyyujj0242/224013794307,"해서,샛강,근린공원","오전,밤","한강,여의도,고구마,주차,이유,하나,한강,여의도,고구마,발견,여의도,고구마,고구마,프라이,여의도,고구마,한강,여의도,고구마,유니"
서울러닝코스,"서울러닝코스_10km, 한강 러닝코스 달리기~ 한남동 랜드마크... ",워킹서울 러닝서울~ 한강 러닝코스 달리기~ 한남동 랜드마크 한광교회 철거뷰가 생각나 한강으로... 잠수교에서 달려오는 사람들~ #서울러닝코스_10km #서울달리기코스_10km 서울을 워킹하자. 워킹하면 서울이... ,https://blog.naver.com/pccidjyj/224227600419,,시간미상,"한강,한남동,랜드마크,워킹,한강,한남동,랜드마크,한광,교회,철거,한강,잠수교,워킹,워킹,워킹,한강,한남동,랜드마크,한광,교회"
서울러닝코스,[서울 러닝 코스 추천 #11] 강서구(5km코스 &amp; 10km코스),[서울 러닝 코스 추천 #11] 강서구 편: 마곡의 첨단 도시 뷰와 습지의 평온함 강서구 코스는 잘 닦인... 한강러닝 #가양대교 #오런완 #러닝코스추천 #서울조깅 #강서구운동 #습지러닝 #5km코스 #10km코스 #시티런,https://blog.naver.com/eotjr83/224207670424,카카오맵,밤,"강서구,강서구,마곡,첨단,도시,습지,강서구,한강,강서구,마곡,첨단,도시,습지,강서구,보도블록,자연,호수,산책로,가장,시티"
서울러닝코스,서울 한강 러닝 코스는 여기만 달리세요 :: 런린이 한강변 LSD... ,이왕 서울까지 가서 달리는 김에 한강변 경치를 마음껏 오래오래 즐기면서 달리고 오고싶었다. 그래서 한강변 러닝 코스를 추천 받아보고자 유튜브며 인스타며 검색해봤지만 러닝 코스는 잘 나오지 않더라.... ,https://blog.naver.com/hero88y/223108052514,"새벽에,잠실,잠실에서,다시","새벽,아침,오전","한강,여기,런린,강변,강변,경치,마음껏,오래오래,달리,강변,보고,유튜브,인스타,검색,지난주,토요일,날씨,한강,달리,강변"
서울러닝코스,서울 남산 러닝코스 중랑천 경복궁 로드러닝 초보자 부터 상급... ,"서울 및 수도권 로드 러닝 코스 추천 – 초보자부터 상급자까지, 무릎 보호도 함께 러닝은 간단한 준비만으로도 언제 어디서든 시작할 수 있는 훌륭한 운동입니다. 특히 서울과 수도권에는 접근성 좋은 도심 속... ",https://blog.naver.com/roh339/223908508513,,"저녁,밤","남산,중랑천,경복궁,로드,초보자,부터,상급,수도권,로드,초보자,상급자,무릎,보호,언제,어디,서든,수도권,접근성,도심,수도권"
서울러닝코스,서울 트레일러닝 초보 안산 둘레길 추천 청계산 코스 중상급... ,"서울 도심과 가까운 곳에서도 훌륭한 트레일 러닝 명소를 만날 수 있는데, 특히 청계산과 서대문 안산 자락길은 초보자부터 중상급자까지 모두 만족할 수 있는 대표 코스입니다. 코스 소개와 함께 무릎 부상... ",https://blog.naver.com/ohayo11/223908547599,"대문독립공원,에서",시간미상,"트레일,초보,안산,둘레길,청계산,중상,도심,트레일,명소,만날,청계산,서대문,안산,자락,초보자,상급자,모두,대표,무릎,부상"
서울러닝코스,서울 근교 러닝코스 추천｜팔당역~능내역 10km 힐링런,좋은 러닝코스 찾는 분 - 서울 근교 러닝 장소 찾는 분 요 터널을 지나오면 런닝 코스가 바로 보입니다 ️️ 인증샷 !  러닝 꿀팁 - 낮에는 햇빛 강해서 모자 필수 - 자전거 이용객 많아서 주의 - 물 미리 준비... ,https://blog.naver.com/my__ban/224259259347,팔당,"아침,오전","근교,팔당역,능내역,힐링,근교,장소,터널,런닝,바로,인증샷,꿀팁,햇빛,모자,필수,자전거,이용,주의,미리,휴가,런닝"
서울러닝코스,[서울 러닝 코스] 경의선숲길 벚꽃 러닝ㅣ공덕 ~ 홍대 왕복 5km,[러닝 코스 No. 57] 매년 봄이면 벚꽃 명소인 여의도 윤중로 나들이를 했는데요. 경의선숲길 쪽으로 이사하고 나서는 여의도에 가지 않습니다. &lt;경의선숲길&gt; 벚꽃만으로도 충분히 봄을 즐길 수 있으니까요.... ,https://blog.naver.com/pila_writer/224238199641,,"아침,오전,오후,밤","경의선,숲길,벚꽃,공덕,홍대,왕복,매년,벚꽃,명소,여의도,윤중로,나들이,경의선,숲길,이사,여의도,가지,경의선,숲길,벚꽃"
서울러닝코스,[서울 러닝 코스 추천 #10] 광진구(5km코스 &amp; 10km코스),[서울 러닝 코스 추천 #10] 광진구 편: 동물의 정원과 한강의 물결 광진구 코스는 가족 단위 나들이객이... 잠실대교 #청담대교 #오런완 #러닝코스추천 #서울조깅 #광진구운동 #이색러닝 #5km코스 #10km코스 #한강야경,https://blog.naver.com/eotjr83/224207669288,"카카오맵,정문","저녁,밤","광진구,광진구,동물,정원,한강,물결,광진구,가족,단위,나들이,잠실대교,광진구,동물,정원,한강,물결,광진구,가족,단위,나들이"
서울러닝코스,실패없는 서울도심 러닝코스 추천 가볍게 뛰기 좋은 곳,한강공원 코스 — 서울 러닝의 클래식 서울에서 러닝을 시작했다면 누구나 한 번쯤은 한강을 달리죠. 한강 러닝의 가장 큰 장점은 단연 평탄한 노면과 탁 트인 시야입니다. 장애물이 없으니 페이스에 집중할... ,https://blog.naver.com/kjcfree1234/224251046603,"서울숲,뚝섬에서,쪽에서,창의문,뚝섬","아침,저녁,밤","실패,도심,한강,클래식,누구,한강,달리,한강,가장,장점,단연,노면,시야,장애물,집중,가장,먼저,문제,러닝머신,금방"
서울러닝코스,날씨가 선선해져서 뛸만한 서울 가을 러닝코스 붕어빵런 기록,날씨가 선선해져서 뛸만한 가을 붕어빵런 기록 유명 러닝 스팟 중 하나인 서울 어린이대공원 이곳은... 붕어빵런 #어린이대공원러닝 #어린이대공원런닝 #어린이대공원러닝코스추천 #마라톤 #서울러닝코스,https://blog.naver.com/mukbbovely/224024963683,,"새벽,밤","날씨,가을,붕어빵,기록,날씨,가을,붕어빵,기록,유명,스팟,하나,어린이,붕어빵,날씨,가을,붕어빵,기록,어린이,서울특별시,광진구"
서울러닝코스,신청 가이드｜버추얼 마라톤 참가 방법과 서울 벚꽃 러닝 코스,출처 애니멀런 #벚꽃런 #B급마라톤 #버추얼마라톤 #벚꽃마라톤 #서울벚꽃코스 #여의도윤중로 #석촌호수벚꽃 #서울숲벚꽃 #벚꽃러닝 #봄러닝 #러닝이벤트 #러닝코스추천 #서울러닝코스 #러닝초보 #마라톤참가... ,https://blog.naver.com/88_6k9/224214494847,,밤,"신청,가이드,버추,참가,벚꽃,출처,애니멀,벚꽃,참가,배송,일정,완주,인증,정리,여의도,윤중로,석촌호수,서울숲,벚꽃,확인"
서울러닝코스,[서울 러닝코스 추천]반포 한강 잠수교 석양 러닝｜분수쇼,#잠원역 #한강러닝 #잠수교러닝 #서울러닝 #한강크루 #퇴근후러닝 #여름러닝 #잠원한강공원 #달빛무지개분수 #러닝코스추천 #서울운동코스 #한강달리기 #잠수교 #서울야경 #석양러닝 #도심운동 #서울크루러닝... ,https://blog.naver.com/emma8072/223930073246,"주차장으로,잠원","저녁,밤","반포,한강,잠수교,석양,분수,잠원역,반포,한강,잠수교,석양,분수,낭만,하루,마무리,가장,하나,바로,퇴근,한강,퇴근"
서울러닝코스,[서울 러닝 코스] 잠실유수지공원 400m 러닝 트랙ㅣ주차 및... ,다른 러닝 트랙이 궁금하다면 아래 글에서 확인해 보세요 함께 읽으면 좋은 정보 서울 러닝 코스 시리즈 경복궁 댕댕런 (클릭) 서울시청 - 경복궁 돌담길 (클릭) 광화문 뮤지엄런 덕수궁 토끼런 (클릭) 양재(매헌)... ,https://blog.naver.com/pila_writer/224203275393,"당산역,여의나루",시간미상,"잠실,유수지,트랙,주차,다른,트랙,아래,확인,시리즈,경복궁,댕댕,시청,경복궁,돌담,광화문,지엄,덕수궁,토끼,양재,보노"
서울러닝코스,2025 스포츠서울 하프마라톤 도심형 러닝 페스티벌 일정 코스... ,"두가지 코스 대회 코스는 광화문 광장에서 시작해 서울의 여러 명소들을 지나 여의도 공원으로... 초보러너, 러닝고수까지 러닝 좋아하시는 분들은 서울에서 러닝페스티벌 참여하고 기념품까지... ",https://blog.naver.com/h_ana_24/224016084670,"광장,각자의","아침,오전","스포츠서울,하프마라톤,도심,페스티벌,일정,가지,대회,광화문,광장,여러,명소,지나,여의도,초보,러너,고수,페스티벌,참여,기념품,스포츠서울"
서울러닝코스,[서울 러닝 코스 01] 동작역 -&gt; 강남역,"봄을 맞이해서 달리기를 시작하시는 분들이 많을텐데, 게으름 때문에 미루고 미루었던 서울에서 제가 달려본 러닝 코스들을 공유해보고자 합니다. 가급적이면 시작 및 종료 지점이 지하철역과... ",https://blog.naver.com/sposumer/220986247194,고속터미널,오전,"동작역,강남역,맞이,게으름,공유,이면,지점,지하철역,맞이,게으름,공유,이면,지점,지하철역,중심,스타벅스,급수,탈의,화장실,이용"
서울러닝코스,"새해 서울 러닝코스, 스타벅스 망원한강공원점 9.43km 러닝... ","새해 첫날 러닝코스, 마곡나들목 → 스타벅스 망원한강공원점 한강뷰를 즐길 수 있다하여 망원 스타벅스 함 가보고 싶었는데, 뛰어가게되네- 망원 스타벅스 가려고 가능한 곳에서 시작한거다. 마곡나들목... ",https://blog.naver.com/najilong5027/223712143778,광흥창,오전,"새해,스타벅스,망원,한강,원점,새해,첫날,마곡,나들목,스타벅스,망원,한강,원점,한강,망원,스타벅스,망원,스타벅스,마곡,나들목"
서울러닝코스,서울러닝코스(1) 양천구 목동종합운동장 트랙 평일 후기(이용료... ,"✍️ written by 후니 이번 러닝은 서울에서 진행했고 장소는! 목동종합운동장 트랙! 서울에서 트랙... 조깅, 걷기하기에도 정말 괜찮은 트랙 환경! 다음에 다른곳도 직접 코스를 뛰어보고 기록해볼 생각이다 ! 끝!",https://blog.naver.com/gns3705/224207182376,,"아침,오전","양천구,목동,종합,운동장,트랙,평일,이용,후니,진행,장소,목동,종합,운동장,트랙,트랙,조깅,걷기,정말,트랙,환경"
서울러닝코스,[서울 러닝 코스 추천 #13] 동대문 &amp; 중랑(5km코스 &amp; 10km코스),[서울 러닝 코스 추천 #13] 동대문 &amp; 중랑 편: 장미의 정원과 중랑천의 직선 주로 동대문구와 중랑구... 장안동러닝 #살곶이다리 #중랑천러닝 #오런완 #러닝코스추천 #서울조깅 #직선주로 #5km코스 #10km코스 #장미터널,https://blog.naver.com/eotjr83/224210274789,"아래,카카오맵",시간미상,"동대문,중랑,동대문,중랑,장미,정원,중랑천,직선,주로,동대문구,중랑구,장안동,동대문,중랑,장미,정원,중랑천,직선,주로,동대문구"
서울러닝코스,서울 러닝코스 추천 한강 여의도~뚝섬 35km LSD코스,"생각되어 서울 여의도~뚝섬 LSD에 참여하고 왔어요. 서울 러닝코스 추천으로 다양한 코스들이 많은데... LSD준비물은 에너지젤 4개정도와 핸드폰,러닝벨트 정도만 챙겼습니다. 급수포인트는 어떻게?... ",https://blog.naver.com/jobblisher/224032655429,,새벽,"한강,여의도,뚝섬,여의도,뚝섬,참여,준비물,에너지,핸드폰,벨트,급수,포인트,잡블리셔입니,모두,추석,연휴,추석,연휴,첫날,이제"
서울러닝코스,[서울 러닝 코스 추천 #12] 관악 &amp; 금천(5km코스 &amp; 10km코스),[서울 러닝 코스 추천 #12] 관악 &amp; 금천 편: 도림천의 생동감과 안양천의 여유 관악구에서 시작해... 보라매공원 #금천구청역 #신림러닝 #오런완 #러닝코스추천 #서울조깅 #하천러닝 #5km코스 #10km코스 #벚꽃길러닝,https://blog.naver.com/eotjr83/224207671668,"관악구,카카오맵",밤,"관악,금천,관악,금천,도림천,생동감,안양천,여유,관악구,보라매,관악,금천,도림천,생동감,안양천,여유,관악구,금천구,물길,도림천"
서울러닝코스,"서울일상, 목 삐끗. 러닝코스. 인생 식빵","서울일상, 목 삐끗. 러닝코스. 인생 식빵 필라테스를 무리하게 해서인지 목을 삐끗했다. 작년에 달리기를 무리하게 해서 목을 삐끗한 이후로 삐끗할 것 같은 조짐이 보이지 마자 한의원에서 침을 맞았지만... ",https://blog.naver.com/shasny/223802180255,,"아침,저녁,밤","일상,삐끗,인생,식빵,일상,삐끗,인생,식빵,필라테스,삐끗,작년,삐끗,이후,삐끗,조짐,보이지,마자,한의원,일상,삐끗"
서울러닝코스,[서울 러닝 코스 추천 #7] 종로구(5km코스 &amp; 10km코스),[서울 러닝 코스 추천 #7] 종로구 편: 고궁의 담장을 따라 달리는 시간 여행 종로구 코스는 단순히... 청계광장 #시티런 #오런완 #러닝코스추천 #서울조깅 #종로구운동 #야간러닝 #5km코스 #10km코스 #고궁러닝,https://blog.naver.com/eotjr83/224199985670,"카카오맵,도심","새벽,밤","종로구,종로구,고궁,담장,여행,종로구,청계,광장,종로구,고궁,담장,여행,종로구,정취,헤리티지,경복궁,둘레길,광화문,광장,카카오"
서울러닝코스,"양재천 러닝, 매일 달리고 싶은 서울 러닝코스 추천 (봄 벚꽃... ","싶은 서울 러닝코스 양재천 러닝은 계절마다 다른 풍경을 보여줘요. 봄에는 벚꽃 러닝, 겨울에는 설경 러닝. 그리고 사계절 내내 이어지는 카페거리의 감성까지. 서울에서 꾸준히 달릴 수 있는 러닝코스를... ",https://blog.naver.com/sh__k87/224192562602,,"아침,밤","양재천,매일,달리,벚꽃,양재천,계절,다른,풍경,벚꽃,겨울,설경,사계절,내내,카페,감성,언제,부터,요즘,사이,정말"
서울러닝코스,[서울 러닝 코스 추천 #8] 서초구 (5km코스 &amp; 10km코스),[서울 러닝 코스 추천 #8] 서초구 편: 양재천의 숲 터널과 매헌의 정기 서초구 코스는 잘 관리된... 오런완 #러닝코스추천 #서울조깅 #서초운동 #에코러닝 #벚꽃러닝 #5km코스 #10km코스 #메타세쿼이아길,https://blog.naver.com/eotjr83/224201007299,카카오맵,밤,"서초구,서초구,양재천,터널,정기,서초구,관리,오런완,서초구,양재천,터널,정기,서초구,관리,산책로,녹지,덕분,여름,상대,에코"
서울러닝코스,러닝 lsd 뜻부터 서울 한강 코스 알아보기,러닝 lsd 뜻부터 서울 한강 코스 알아보기 마라톤 풀코스나 하프를 준비하다보면 러닝 lsd라는 말을 자주 접하게 된다 말 그대로 long slow distance의 약자로 말 그대로 긴거리를 천천히 달리는 것을 말한다.... ,https://blog.naver.com/1manbo/224257201510,"동작역,동작,풀고,다시",시간미상,"한강,한강,하프,자주,그대로,약자,그대로,한강,하프,자주,그대로,약자,그대로,일반,보통,대회,장거리,날씨,따라서,급수"
서울러닝코스,"서울 한강 10KM 러닝코스, 힐링 홍제천 런닝 서대문구청 출발... ","홍제천 러닝 코스는 서울 시내에서 자연을 가까이 느끼며 달릴 수 있는 최고의 장소입니다. 바쁜 일상 속에서도 운동과 힐링을 동시에 할 수 있는 이곳, 오늘 저녁 러닝을 계획하고 있다면 한 번... ",https://blog.naver.com/roh339/223890573108,"서대문구청,보기","아침,오전,저녁","한강,힐링,홍제천,런닝,서대문,구청,홍제천,시내,자연,가까이,최고,장소,일상,힐링,동시,저녁,계획,도심,힐링,홍제천"
서울러닝코스,"[러닝코스] 서울 서쪽 러너를 위해 준비한, 서부권 러닝코스... ",오늘도 부상 없이 즐겁게 달리는 펀런하세요 #러닝 #러닝크루 #마라톤준비 #러닝코스추천 #서울러닝코스 #한강러닝 #여의도한강공원 #안양천러닝 #LSD훈련 #상암하늘공원 #업힐훈련 #망원한강공원 #마곡서울식물... ,https://blog.naver.com/runner_hongth/224174832407,"의나루역에서,여의나루,여의나루역","새벽,저녁,밤","서쪽,러너,위해,서부,부상,펀런,러너,동영상,팔로워,팔로잉,게시,러너,동영상,보기,러너,여러분,한강,정말,서쪽,마포"
서울러닝코스,서울 한강 러닝코스 추천 런린이도 도전해볼만한 여의도 고구마런,저번에 소개해드린 서울 러닝코스 추천중 남산 둘레길코스는 조금 빡센코스였기에 이번엔 조금... 서울 한강 러닝코스중 여름에 고구마런을 추천드리는 이유중 하나가 바로 이 수영장입니다. 8km 거리를... ,https://blog.naver.com/jobblisher/223993318721,,오전,"한강,런린이,도전,여의도,고구마,저번,남산,둘레길,조금,조금,한강,여름,고구마,이유,하나,바로,수영장,잡블리셔입니,저번,남산"
서울러닝코스,"서울러닝코스 추천, 남산 한바퀴 달리기! 화려한 야경에... ",서울 러닝 코스 추천2 남산 둘레길 달리기 코스 저번 정릉천-성북천 코스에 이어서 제가 좋아하는 서울... 같이 러닝크루 만드는것도 좋을것 같아요 평범한 일상조차 어려운 요즘..ㅠㅠ 빨리 이 힘든 사태가... ,https://blog.naver.com/njw601/222068760314,,밤,"남산,바퀴,야경,남산,둘레길,저번,정릉천,성북천,크루,일상,요즘,사태,남산,둘레길,저번,정릉천,성북천,런닝,실내,야외"
서울러닝코스,7월 초보 여름 러닝 기록 페이스 5km 코스 서울 명소 추천 1탄,이번 글에서는 7월 초보 러너의 시선으로 다녀온 서울 여름 러닝 코스들을 기록해 봤어요. 저는 주로 5km... #여름러닝 #서울러닝명소 #서울러닝코스 #러닝5km 7/1 대현산 배수지공원 아침 7월을 맞이하여 아침... ,https://blog.naver.com/pharmkim-/223942019827,,"새벽,아침,저녁","초보,여름,기록,명소,초보,러너,시선,여름,기록,주로,대현산,배수지,아침,맞이,아침,한여름,아침,저녁,무더위,불구"
서울러닝코스,2026 7979 러닝 서울 러닝크루... 야간 러닝 코스 및 꿀팁... ,"지금 확보하세요!⬇️  7979 서울 런닝크루 신청 바로가기 ️ 7979 러닝 서울 코스 확인하기 2026 7979 서울 러닝크루 핵심 정보 요약 올해는 4월부터 10월까지 매주 목요일 밤, 서울 곳곳이 활기찬 러닝 코스로... ",https://blog.naver.com/hyejin2601/224258661781,,"저녁,밤","크루,야간,꿀팁,지금,확보,런닝,크루,신청,바로가기,확인,크루,핵심,요약,올해,목요일,곳곳이,퇴근,야간,서울시,운영"
서울러닝코스,"서울러닝코스_10km, 선정릉, 코엑스 러닝코스 달리기~ 선정릉은... ","워킹서울 러닝서울~ 늦은 포스팅이다. 선정릉, 코엑스 러닝코스 달리기~ 바쁠때는 집 주변을 달린다.... #서울러닝코스_10km #서울달리기코스_10km 서울을 워킹하자. 워킹하면 서울이 보인다. 서울걷기는... ",https://blog.naver.com/pccidjyj/224217204962,,시간미상,"선정릉,코엑스,선정릉,워킹,선정릉,코엑스,달린다,워킹,워킹,걷기,워킹,선정릉,코엑스,달린다,교회,복장,이발,선정릉,바퀴,코엑스"
서울러닝코스,서울 런트립(4) 서울공예박물관 - 청계천 - DDP 6km 러닝코스... ,광화문역까지 지하철5호선으로 연결되는 것도 장점! #달리는건축가조한 #달리는건축가 #공박위크2025 #런트립 #서울투어 #슬로우러닝 #부상없이달리기 #seoultour #runtrip #zone2 #lowheartratetraining,https://blog.naver.com/jluke313/224113145535,"북쪽,가볍게",시간미상,"런트립,박물관,청계천,광화문역,지하철,호선,연결,장점,박물관,브런치,마지막,경복궁,일대,투어,박물관,내동,전시,필정,브런치,마무리"
서울러닝코스,제21회 한강시민 마라톤대회 서울 마라톤 일정 러닝 코스... ,"제21회 한강시민 마라톤대회 서울 마라톤 일정 러닝 코스 기념품 하프마라톤 10km 5km 다가오는 겨울, 서울 한강을 배경으로 멋진 러닝 축제가 열립니다. 바로 제21회 한강시민 마라톤대회입니다. 이번... ",https://blog.naver.com/qhadldhaus98/223662221573,이벤트광장,"아침,오전","한강,시민,대회,일정,한강,시민,대회,일정,기념품,하프마라톤,겨울,한강,배경,축제,바로,한강,시민,대회,한강,시민"
서울러닝코스,좋다구 !! ♀️ 과천 서울대공원 러닝코스 &amp; 맛집 추천,는 내 얘기 ㅎ 초보 러너는 한강만 종종 가다가 이번에 서울대공원을 뛰어봤는데요! 결론 = 또 다른 재미가 가득하다. = 아 근데 제가 뛴 코스는 업힐이 반 ㅎ (그래서 더 재밌음) 아 그리구 저 러닝 비기너니까... ,https://blog.naver.com/bye_pluto/224024801283,일쯤,"오전,오후","과천,서울대,맛집,얘기,초보,러너,한강,종종,가다가,서울대,결론,다른,재미,업힐,비기너,얘기,초보,러너,한강,종종"
서울러닝코스,조계사 - 서울광장 - 서울로7017 - 서울역 3.5km 러닝코스,"서울공예박물관 &lt;러닝 브런치&gt; 투어 5km 2일차. 같은 코스지만 다른 분들과 뛰니까 묘하게 다른 코스 느낌?! 날씨도 어제 보다 따뜻해, 이번 가을(?) 마지막일지 모를 반바지 입고 뛰었다. 조계사 앞 붉은... ",https://blog.naver.com/jluke313/224104910861,,오후,"조계사,광장,서울역,박물관,브런치,투어,다른,다른,느낌,날씨,어제,가을,마지막,일지,반바지,조계사,참가자,기념샷,박물관,브런치"
서울러닝코스,서울 한강 러닝 코스 추천/ 망원동 카페 피피커피에서 아침... ,#한강러닝 #서울러닝코스 #러닝브이로그 #모닝런 #운동기록 #여의도러닝 #망원한강공원 #달리기기록 #서울운동코스 #러너일상 #피피커피 #망원카페 #마포카페추천 #감성카페 #핸드드립커피 #브루잉전문... ,https://blog.naver.com/guswlthd202/223891393612,"한강공원,한강공원에서","새벽,아침","한강,망원동,카페,커피,아침,커피,서울특별시,마포구,여의나루역,호선,서울특별시,영등포구,여의동로,양화대교,서울특별시,마포구,합정동,여의도,한강,서울특별시"
서울러닝코스,"여의도공원 5km 러닝코스 후기 | 한 바퀴 2.5km, 서울 도심... ",여의도공원 러닝코스 정보 위치 : 서울특별시 영등포구 여의공원로 68 코스 길이 : 공원 순환 산책로 약 2.5km 바닥 : 일반 러닝에는 무리 없는 노면 이용시간 : 24시간 이용 가능 러닝하기 좋은 이유 ✔️ 한 바퀴... ,https://blog.naver.com/4ha_p/224243707722,"지점,지점에서",저녁,"여의도,바퀴,도심,여의도,위치,서울특별시,영등포구,여의공원로,길이,순환,산책로,바닥,일반,무리,노면,이용,이용,가능,이유,바퀴"
서울러닝코스,[한강러닝코스]반포한강공원7km여의도한강공원7km러닝... ,"인서울 한강공원에서 주말러닝을 해본 경험상 이 두 곳의 러너가 가장 많음 맞은 편에서 스쳐가는... 두 코스와는 또 다른 양화대교, 양화한강공원 방향으로.. 월드컵대교 찍고 턴 이 코스는 양화한강공원을... ",https://blog.naver.com/tyeop/224247301454,,시간미상,"한강,반포,한강,여의도,한강,한강,주말,경험,러너,가장,다른,양화대교,양화,한강,월드컵대교,양화,한강,주말,일요일,반포"
서울러닝코스,[서울 러닝 코스] 나의 러닝 코스 기록하기,새로운 러닝코스를 만들어가보기도하고 늘 혼자서만 뛰다가 뜻이 맞는 친구들과 가끔 만나 같이 뛰고... 지루했던 코스였어요. 역시 하프는 다같이 뛰는 마라톤일때 잼잼 서울숲-뚝섬유원지 10k코스 20년 JTBC... ,https://blog.naver.com/rosa9126/222263609669,,"새벽,아침,오전,밤","기록,가보,기도,가끔,역시,하프,잼잼,서울숲,뚝섬,유원지,자주,참가,대회,축제,분위기,피니시,라인,성취,대회,참가"
서울러닝코스,서울 러닝코스 추천_여의도 한바퀴 '고구마런',"이 생기곤 한다 그래서 쉬는 날이 생기거나 하면 거리, 시간적으로 허락하는 선에서 유명한 러닝 코스들을 다녀보려고 하는 편이다 5월에 급 하루 휴가가 생겨서 서울에서 아주 유명한 러닝코스인....!! 여의도... ",https://blog.naver.com/90seop/223880840117,번출구,"오전,밤","여의도,바퀴,고구마,허락,편이,하루,휴가,아주,여의도,주로,회사,장소,주로,러너,느낌,허락,편이,하루,휴가,아주"
서울러닝코스,[러닝] 서울 달리기 코스 모음,언덕 코스 언덕 훈련을 하고 싶다면☺️ 1. 한성대 입구역에서 북악스카이웨이 나의 경우에는 러닝메이트랑 바나프레소 돈암아리랑점(서울 성북구 아리랑로 89 상가동 1층 108호)에서... ,https://blog.naver.com/ywo1992-/223760924239,"입구,국립극장,고려대",아침,"모음,언덕,언덕,한성대,구역,북악스카이웨이,경우,메이트,바나,프레,돈암,아리랑,성북구,아리랑,가동,장소,트랙,손기정,체육,트랙"
서울러닝코스,서울 러닝코스 청계천 느리게 걷기 추천,코스라 서울 러닝코스로 추천드려요 1호선 종각역 4호선 동대문역 2호선 왕십리역 수인분당선 서울숲역 서울 어디에서 시작해도 러닝코스로 좋아요♀️ 철새들이 정말 많답니다:) 계절이 변 할때마다 여러가지... ,https://blog.naver.com/wannab_bobi/223628105903,어디,저녁,"청계천,걷기,호선,종각역,호선,동대문역,호선,왕십리역,수인,분당선,서울숲,어디,철새,정말,계절,여러가지,보비,로부터,유행,일상"
서울러닝,"페더 서울 러닝 양말, 형광 포인트가 눈에 띄는 초경량 컴포트... ","페더 서울 러닝 양말, 형광 포인트가 눈에 띄는 초경량 컴포트 양말 후기 형광 포인트와 남산 타워, 기대... 않으면서도 러닝할 때 괜히 서울 한복판을 달리는 기분을 조금 더 살려줘서 마음에 들었어요. 마라톤... ",https://blog.naver.com/kk12129/224217208690,,"새벽,밤","페더,양말,형광,포인트,경량,포트,페더,양말,형광,포인트,경량,포트,양말,형광,포인트,남산,타워,기대,복판,기분"
서울러닝,7979 서울러닝크루 시티런 - 예쁜 돌담길 옆을 달려요!,7979 SRC 서울러닝크루 ( 7979 Seoul Running Crew) 서울시에서 무료로 매년 열리는 무료러닝크루 7979SRC(서울러닝크루) 1회차 다녀왔어요 매주 목요일 무료로 열리는 서울시 러닝크루인 7979서울러닝크루가 4월16일... ,https://blog.naver.com/ipalm/224255526930,,저녁,"크루,시티,돌담,크루,서울시,무료,매년,무료,크루,크루,목요일,무료,서울시,크루,크루,크루,서울시,무료,매년,무료"
서울러닝,2026 포켓몬런 신청 서울 러닝 마라톤 접수 예매 티켓팅 방법,"2026 포켓몬런 신청 서울 러닝 마라톤 접수 예매 티켓팅 방법 저는 평소에 달리기를 즐기는 편인데, 작년 봄부터 본격적으로 러닝 대회에 관심을 갖기 시작했습니다. 그러다 주변 지인에게 포켓몬런 이야기를... ",https://blog.naver.com/designsoho94/224201362523,,밤,"포켓몬,신청,접수,예매,티켓팅,포켓몬,신청,접수,예매,티켓팅,평소,작년,본격,대회,관심,지인,포켓몬,이야기,포켓몬,신청"
서울러닝,평생학습포털 에버러닝 서울 평생학습관 강좌 찾기,서울 평생학습관 강좌 찾기 평생학습포털 에버러닝 사실 이번 서울시교육청 서포터즈 서울교육메이트 활동을 시작하기 전까지는 에버러닝이라는 이름 자체를 몰랐어요. 이번 달 홍보 주제로 서울시교육청... ,https://blog.naver.com/alley1980/224267710160,,저녁,"평생,학습,포털,에버,평생,습관,강좌,찾기,평생,습관,강좌,찾기,평생,학습,포털,에버,사실,서울시,교육청,서포터즈"
서울러닝,2026 서울 러닝 엑스포: 26년 서울마라톤! DDP! 현장 등록 무료... ,"오늘은 DDP에서 열린 &lt;2026 서울 러닝 엑스포&gt;에 대해 포스팅하겠습니다. 3월 15일(일) 2026 서울마라톤이... 러닝웨어가 아닌 일반 티셔츠, 에코백에도 서울마라톤과 관련한 그림을 넣어 판매하기도 했어요.... ",https://blog.naver.com/sjn1203/224217440543,,시간미상,"엑스포,현장,등록,무료,엑스포,대해,웨어,일반,티셔츠,에코,관련,그림,판매,엑스포,대해,마치,오신,러너,수고,엑스포"
서울러닝,2026 포켓몬런 신청 서울 러닝 마라톤 접수 예매 티켓팅 방법... ,"2026 포켓몬런은 서울 뚝섬 한강공원에서 열리는 공식 포켓몬 러닝 이벤트입니다. IP는 The Pokemon Company가 보유하고 있고, 국내에서는 협력사를 통해 운영되는 형태입니다. 장소는 뚝섬한강공원 수변무대... ",https://blog.naver.com/openmind200/224201320560,,"아침,오전,저녁","포켓몬,신청,접수,예매,티켓팅,포켓몬,뚝섬,한강,공식,포켓몬,이벤,보유,국내,협력,통해,운영,형태,장소,뚝섬,한강"
서울러닝,2026 포켓몬런 티켓팅 신청 예매 방법 서울 러닝 잉어킹... ,글: 끌림 사진출처 : 포켓몬런 홈페이지 #포켓몬런 #서울 #포켓몬런2026 #포켓몬런신청 #포켓몬런러닝 #포켓몬런예매 #마라톤 #서울마라톤 #서울러닝 #마라톤대회 #러닝대회 #잉어킹마라톤,https://blog.naver.com/jini4998/224202408668,,"아침,오전,오후,저녁,밤","포켓몬,티켓팅,신청,예매,잉어킹,출처,포켓몬,홈페이지,아이,주말,나들이,체험,행사,자주,검색,캐릭터,아이,라면,행사,자연"
서울러닝,"서울 러닝코스 추천, 처음 시작하기 좋은 구간은 어디일까","서울은 강변과 공원, 도심 산책로가 잘 연결되어 있습니다. 목적에 따라 선택지가 다양합니다. 이 점이 러닝을 꾸준히 이어가기 좋은 이유가 됩니다. 오늘은 서울 러닝코스 추천해드리도록 하겠습니다.  처음... ",https://blog.naver.com/fing3rscompany/224122802761,,"저녁,밤","처음,어디,강변,도심,산책로,연결,목적,선택,이유,처음,여러분,골프,핑골,생활,선택,점점,헬스장,바깥,공기,선호"
서울러닝,(하프 마라톤 도전기 #6 [서울 러닝 코스] 성북천~청계천... ,체력증진 #부상복귀 #복귀러닝 #동적스트레칭 #하프마라톤준비 #15km완주 #러닝목표 #성북천 #청계천 #중랑천 #러닝코스추천 #서울달리기 #성북천러닝 #한성대입구역 #석계역러닝 #서울러닝코스 #물길따라달리기,https://blog.naver.com/dudgmlqo/224265882257,"발바닥,입구,성북천,루트","오전,오후,밤","하프,도전,성북천,청계천,체력,증진,부상,강제,휴식,다시,운동화,위로,평균,평균,심박,평균,케이,던스,복귀,가장"
서울러닝,서울식물원 튤립런 초보 러너 3km 러닝 후기 +)주차 꿀팁,초보 러너의 서울식물원 튤립런 4월 튤립 개화 현황 + 주차 꿀팁 주말을 맞이하야 쌓인 스트레스도 풀겸 마곡나루에 위치한 서울식물원 러닝에 도전하고 왔어요 작년 가을쯤 개노답자매님 따라 한 번 뛰어본... ,https://blog.naver.com/rkgml548/224242665880,,"저녁,밤","식물원,튤립,초보,러너,주차,꿀팁,초보,러너,식물원,튤립,튤립,개화,현황,주차,꿀팁,주말,맞이,하야,스트레스,풀겸"
서울러닝,2026 서울 하프 마라톤 일정 러닝 코스 하프 10km 달리기,#서울하프마라톤 #2026서울하프마라톤 #서울러닝 #하프마라톤 #러닝대회 #마라톤코스 #러닝정보 #러닝대회추천 #서울마라톤 #광화문출발 #상암피니시 #여의도10km #러닝준비 #러닝코스 #러너일상... ,https://blog.naver.com/qhadldhaus98/224258685947,"광화문광장,화문광장에서,광화문",오전,"하프,일정,하프,하프,일정,하프,하프마라톤,도심,일대,개최,광화문,광장,여의도,상암동,대회,하프마라톤,종목,운영,주요,간선"
서울러닝,기록 단축을 위한서울 러닝훈련 장소 BEST 5,기록 단축을 위한 서울 러닝훈련 장소 BEST 5 마라톤 기록 단축의 비밀 훈련 코스에 있습니다 달리기... “서울 업힐 러닝의 정석으로 불리는 코스입니다.” 2. 부상 없이 안정적인 리커버리 조깅 서울숲 외곽 코스... ,https://blog.naver.com/beneficial-beom/224254216045,국립극장,시간미상,"기록,단축,장소,기록,단축,장소,기록,단축,비밀,업힐,정석,부상,안정,리커버리,조깅,서울숲,외곽,기록,단축,장소"
서울러닝,서울 송파 러닝 코스 빵런! - 문정 플루엣 &amp; 룰루 베이글,서울 송파 러닝 코스 빵런! 플루엣 &amp; 룰루베이글 2025년 가장 열심히 했던거 중에 하나가 바로... #서울러닝 #송파러닝 #플루엣송파본점 #룰루베이글 #문정동베이커피 #송파빵집 #빵런 #서울러닝코스,https://blog.naver.com/bigway22/224131445215,석촌호수,"아침,오전","송파,빵런,문정,플루,룰루,베이글,송파,빵런,플루,룰루,베이글,가장,하나,바로,송파,빵런,플루,룰루,베이글,가장"
서울러닝,포켓몬런 신청 서울 러닝 마라톤 접수 방법,있다면 접수 일정 공지를 미리 확인하고 사전 준비를 해두는 것이 좋습니다. #포켓몬런 #포켓몬런신청 #포켓몬런서울 #포켓몬마라톤 #서울러닝대회 #서울마라톤 #러닝이벤트 #마라톤신청 #러닝대회 #포켓몬행사,https://blog.naver.com/honeyposting/224207302650,,시간미상,"포켓몬,신청,접수,접수,일정,공지,미리,확인,사전,포켓몬,신청,접수,포켓몬,신청,접수,대한,관심,포켓몬,캐릭터,테마"
서울러닝,[5일차] &quot;러닝무릎통증&quot; 예방하는 회복 러닝? 서울 5km 벚꽃... ,회복 러닝을 하며 자세를 교정하기에 서울 내에서 이만한 연습실이 또 있을까 싶습니다. 다만... 운동화끈묶는법 #서울러닝코스 #벚꽃러닝코스 #성내천러닝 #올림픽공원러닝 #송파러닝 #2주챌린지... ,https://blog.naver.com/dee7781/224241958154,,아침,"무릎,통증,예방,회복,벚꽃,회복,자세,교정,이만,연습실,다만,화끈,연속,아침,다리,근육,평소,건강검진,목표,눈앞"
서울러닝,서울마라톤일정 동아마라톤 동마 서울러닝엑스포 정보,업힐이 거의 없는 평지코스이고 날씨가 러닝하기 좋은 계절이라 개인최고기록을 세우기 좋은... 서울마라톤 서울러닝엑스포 정보 해외마라톤대회를 시작으로 뒤늦게 국내 마라톤대회에 참가한 저에게는... ,https://blog.naver.com/allaboutcanada/224212672345,진행되는데,"아침,오전","일정,동아마라톤,엑스포,업힐,거의,평지,날씨,계절,개인,최고,기록,엑스포,해외,대회,국내,대회,참가,동아마라톤,올해,기존"
서울러닝,서울 초보 러닝 코스 추천 어린이대공원 붕어빵런 5KM 달리기,오늘 소개해 드릴 곳은 서울 러닝 코스 중 초보자들이 뛰기 좋은 '어린이대공원'을 소개해 드리려고 합니다! :) 완주하면 붕어빵 모양으로 뛸 수 있어서 '붕어빵런'으로도 유명해요! [서울 초보 러닝 코스... ,https://blog.naver.com/sinnyarea/224131004045,"후문,정문",밤,"초보,어린이,붕어빵,드릴,초보자,어린이,완주,붕어빵,모양,붕어빵,초보,초보,어린이,붕어빵,산시,요즘,노력,드릴,초보자,어린이"
서울러닝,서울러닝엑스포 DDP 라인프렌즈X아디다스키즈런 후기,"키즈런은 3월14일 종료되었지만 서울러닝엑스포는 15일 일요일까지 DDP전관에서 관람하실 수 있고, 서울마라톤도 열리기에 러닝에 관심 있으시다면 DDP로 오실 준비하세요. 아이와 러닝 자체가 처음이라... ",https://blog.naver.com/babyloshon/224216586337,이제,오전,"엑스포,라인,프렌즈,아디다스,키즈,키즈런,엑스포,일요일,전관,관람,관심,아이,자체,처음,토요일,길동,아이,잡고,레이스,추억"
서울러닝,러닝필수템 몽베스트 생수와 함께한 10K챌린지 서울 마라톤 후기,꾸준한 수분 관리로 컨디션 잘 챙기면서 즐거운 러닝 라이브 즐기시길 응원합니다 :)✨✨✨ #10k챌린지 #몽베스트 #몽베스트생수 #몽베스트미네랄워터 #서울10k챌린지 #10k챌린지서울 #러닝 #마라톤 #러닝템... ,https://blog.naver.com/luvddang9/224060429431,러너들이,아침,"필수,베스트,생수,린지,수분,관리,컨디션,라이브,응원,주말,여의도,린지,대회,도심,달리,에너지,축제,린지,행사,정리"
서울러닝,7979 서울 러닝크루 모집 수준별 야간 러닝 코스 정보,서울시에서는 러닝을 처음 시작하는 초보자부터 숙련된 러너까지 누구나 서울의 아름다운 야간 명소를 만끽하며 달릴 수 있는 7979 서울 러닝크루 프로그램을 운영합니다. 전문적인 지도와 체계적인 러닝... ,https://blog.naver.com/dysnomia/224256209216,,"저녁,밤","크루,모집,수준별,야간,서울시,처음,초보자,숙련,러너,누구,야간,명소,만끽,크루,프로그램,운영,전문,체계,목요일,저녁"
서울러닝,러닝 무릎보호대 잠스트 JK-BAND 추천 서울마라톤 러닝 엑스포,서울 러닝 엑스포 현장 착용+최저가 할인 기회 이렇게 제가 애용하며 사용 중인 잠스트 JK-BAND를 직접 체험해 볼 수 있는 자리가 있어요. ✔️ 3월 13일~15일 ✔️ 동대문디자인플라자 DDP ✔️ 서울마라톤 러닝... ,https://blog.naver.com/00dkfmal/224204042979,,오전,"무릎,보호대,잠스트,엑스포,엑스포,현장,착용,최저,할인,기회,애용,사용,중인,잠스트,직접,체험,자리,동대문,디자인,플라자"
서울러닝,서울마라톤 일정부터 러닝 엑스포 이벤트까지 총정리,"&quot;정말 얇다&quot; 잠스트 러닝 무릎보호대, 서울 러닝엑스포에서 가장 저렴하게! 서울마라톤 일정이 가까워지면서 러닝 준비를 다시 점검하게 됐다. 날씨가 따뜻해지니, 가까운 하천 길에서 러닝 하는 사람들이... ",https://blog.naver.com/dalliza88/224205600449,"일정,일에는",시간미상,"일정,엑스포,이벤트,정리,정말,잠스트,무릎,보호대,엑스포,가장,일정,다시,점검,날씨,하천,정말,잠스트,무릎,보호대,엑스포"
서울러닝,"일기 | 니부마롱, 버터떡, 더현대서울, 러닝, 용산, 한남동, 합정",나도 조금 얌전히 걸어볼게요  여의도 간 김에 #더현대서울 들러서 #sie시에 신상 입어봤는데 이... 상태로 #러닝 까지 했더니 거의 이만 보 찍혀있어서 뿌듯했는데...! 이날 뭔가 뛰기 싫었거든요  그래도 해야지... ,https://blog.naver.com/parkseyo_/224217857109,,오후,"일기,부마,버터,현대,용산,한남동,합정,조금,여의도,신상,상태,거의,뭔가,주간,일기,그거,건데,주도,자꾸,안전"
서울러닝,2026 더레이스 서울 21K... 하프마라톤 10km달리기 러닝 코스,https://theraceseoul21k.com/ #더레이스서울21K #서울하프마라톤 #서울10km #광화문마라톤 #서울러닝대회 #하프마라톤접수 #서울러닝 #도심러닝 #2026마라톤 #러너일정 #마라톤추가접수 #서울레이스... ,https://blog.naver.com/qhadldhaus98/224199727829,"광화문,광장,환경에서,광화문광장,화문광장에서,환경","아침,오전","레이스,하프마라톤,레이스,일정,추가,접수,하프마라톤,도심,대회,매년,경쟁,정규,접수,마감,취소,환불,발생,좌석,대상,마지막"
서울러닝,러닝 무릎보호대 득템! 러닝엑스포 × 서울마라톤 일정,내게 맞는 러닝 무릎보호대를 역대급 혜택으로 만날 수 있는 기회! 서울러닝엑스포에 2026 서울마라톤 공식 스폰서인 잠스트가 출격합니다. 행사 장소: 동대문디자인플라자 전관 (관람비 무료) 전시 기간... ,https://blog.naver.com/nicenet/224204943943,,오전,"무릎,보호대,득템,엑스포,일정,무릎,보호대,역대,혜택,만날,기회,엑스포,공식,스폰서,잠스트,출격,행사,장소,동대문,디자인"
서울러닝,서울 걷기 좋은 길! 양재천 러닝 &amp; 자전거 타기 &amp; 수영장 안내,봄부터 여름 시즌에는 다양한 꽃들이 많아 더욱 아름답습니다~ 그럼 모두들 건강 유의하시고 좋은 하루 보내세요:) #양재천 #서울걷기좋은길 #서울자전거 #서울러닝 #양재천자전거 #양재천러닝 #영동1교... ,https://blog.naver.com/bigway22/223885566870,"관악산,탄천",밤,"걷기,양재천,자전거,수영장,안내,여름,시즌,꽃들이,더욱,모두,건강,유의,하루,도심,걷기,길이,송파,강남,양재천,자전거"
서울러닝,2026 서울 러닝 엑스포 첫 개최 참관 후기,"2026 서울 러닝 엑스포 러너들의 축제 러닝 엑스포에 다녀왔다. 서울 동아마라톤 대회 전 DDP에서 열린 이 행사에는 후원서 아디다스의 스포츠 용품, 러닝웨오 영양식, 러닝 장비와 제품 등을 한자리에서 만나볼... ",https://blog.naver.com/knydiary/224219851194,러닝화,시간미상,"엑스포,개최,참관,엑스포,러너,축제,엑스포,동아마라톤,대회,행사,후원,아디다스,스포츠,용품,웨오,영양식,장비,제품,한자리,나볼"
서울러닝,서울 러닝코스 추천 (남산공원•위례호수공원 +포천산정호수),서울 • 서울 근교 러닝하기 좋은 곳  첫번째는 #남산둘레길 #남산 조금 고난이도였던 곳이에요! 남산... 카르닉 러닝벨트도 함께 추천하구 갑니당 ⬇️⬇️⬇️⬇️⬇️ #러닝코스 #서울러닝코스 #러닝코스추천... ,https://blog.naver.com/dmsal217/224065126599,,아침,"남산,위례,호수,포천,산정호수,근교,조금,난이도,남산,카르,벨트,요즘,회사,일이,실내,야외,선호,신랑,하나,취미"
서울러닝,서울 힐링 러닝 코스! 한양도성길 트레일 러닝 후기,이번 러닝은 서울역에서 시작했습니다. 장거리 코스이다 보니 짐이 꽤 있었는데 서울역 짐 보관함을... 한양도성길은 단순히 서울 러닝 코스라고 생각하고 접근하면 생각보다 훨씬 힘들게 느껴질 수 있습니다.... ,https://blog.naver.com/sjsg0079/224257365254,"서울역,시에","아침,오전","힐링,한양도성,트레일,서울역,장거리,서울역,보관,한양도성,접근,힐링,한양도성,트레일,힐링,한양도성,트레일,숭례문,서울특별시,중구,세종,인왕산"
서울러닝,서울 5KM 달리기 러닝 코스 추천 어린이대공원 붕어빵런,서울 5km 달리기 러닝 코스 어린이대공원 붕어빵런 안녕하세요! 광진구 SNS 서포터즈 산시니입니다... 이색적인 서울 러닝 코스 꼭 코스를 고정하지 않고 귀여운 동물 친구들이 있는 동물원을 가로질러 뛰거나... ,https://blog.naver.com/sinnyarea/224199498633,,"오전,밤","어린이,붕어빵,어린이,붕어빵,광진구,서포터즈,산시,이색,고정,동물,동물원,어린이,붕어빵,광진구,서포터즈,산시,요즘,날씨,바로,광진구"
서울러닝,[서울 러닝 코스 추천] 영상 5도~10도 러닝 옷차림 완벽... ,드린 서울의 예쁜 코스들 중 마음에 드는 곳을 골라 이번 주말 가볍게 5km부터 시작해 보는 건 어떨까요? 안전하고 즐거운 러닝 되시길 응원합니다! #영상5도러닝 #영상10도옷차림 #러닝복장추천 #서울러닝코스... ,https://blog.naver.com/yeepi01/224214350293,,"저녁,밤","옷차림,완벽,마음,주말,부터,응원,업힐,서녕,요즘,기온,사이,날씨,정말,계륵,겉옷,막상,금방,뻘뻘,처치,곤란"
서울러닝,서울러닝엑스포 - 롯데도 나와? 카스두? 오터 브랜드 소개... ,러닝을 하지 않는 제가 러닝엑스포를 방문했습니다? 바로 행사와 박람회를 좋아하고 기업 이벤트 부스... 즐기시길~ 이번 서울 주말 나들이는 DDP 동대문디자인플라자 서울러닝엑스포도 한 번 생각해보세요☆,https://blog.naver.com/hunz157/224215768366,,"오전,저녁","엑스포,롯데,카스,브랜드,엑스포,방문,바로,행사,박람회,기업,이벤트,부스,주말,나들이,동대문,디자인,플라자,엑스포,엑스포,방문"
서울러닝,"[서울 러닝 에세이] 매주 주말 마라톤, 이대로 괜찮을까? 점점... ","내 한 걸음이 누군가의 불편이 아니라, 서울이라는 도시와 함께 호흡하는 건강한 움직임이 되기를. 그리고 그 위에서 러너들도 오래도록 달릴 수 있기를. #서울러닝 #마라톤 #러닝문화 #잠실대교 #트레일러닝... ",https://blog.naver.com/gangsinjin/224235830469,,아침,"에세이,주말,점점,걸음,누군가,불편,도시,호흡,움직임,러너,일요일,아침,차로,도로,대신,러너,발걸음,잠실대교,경적,대신"
서울러닝,2026 지구런 접수 서울 마라톤 일정 5km 10km 달리기 러닝 대회,없이 러닝하는 사람들이 자연스럽게 보이죠. 서울 마라톤 일정도 점점 다양해지고 선택할 수 있는... 한강과 도심을 함께 볼 수 있는 서울 러닝 코스라서 풍경도 좋고요. ✔️ 자전거길과 산책로 혼용... ,https://blog.naver.com/00dkfmal/224244320637,여의도공원을,"아침,오전,저녁","지구,접수,일정,대회,자연,보이,일정,점점,선택,한강,도심,풍경,자전거,산책로,혼용,일정,지구,접수,요즘,아침"
서울러닝,2026 서울 러닝 엑스포 방문 후기,도착해서 안내에 따라 참가자 신청 후 입장 서울마라톤 마스코트 너무 귀욥네용 아트홀로 들어가니 롯데에서 몽쉘 하나씩 나눠주시더라고요 입장하자마자 아디다스 러닝화부터 각종 용품들이 디피되어... ,https://blog.naver.com/ddomaru/224232385584,,시간미상,"엑스포,방문,안내,참가자,신청,입장,마스코트,아트,홀로,롯데,몽쉘,하나,입장,자마자,아디다스,각종,용품,디피,동대문,진행"
서울러닝,2026 버킷런 마라톤 접수 일정 참가비 기념품 서울 러닝... ,일정 맞는 분들은 신청해볼 만한 대회입니다. #2026버킷런 #버킷런 #한강러닝대회 #잠실한강공원 #서울러닝 #5km달리기 #10km달리기#러닝 #러닝대회정보 #마라톤 #서울마라톤일정,https://blog.naver.com/qhadldhaus98/224135966215,"모래사장,되돌아와,동일하게,다시","아침,오전,오후,밤","버킷,접수,일정,참가,기념품,일정,신청,대회,버킷,접수,일정,참가,기념품,버킷런,계속,작년,일정,정리,크게,일정"
서울러닝,815런 2024 서울 러닝 행사 일정 코스 기념품 정보 총정리,"서울 러닝 행사인 815런 2024를 소개해 드리려 합니다. 즐거운 러닝도 하고 기부도 함께 하는 815런, 815런 행사 정보와 기념품 정보, 코스 추천까지 총정리해서 살펴 보도록 하겠습니다. 815런 2024 서울... ",https://blog.naver.com/my_life_moment/223516374072,,시간미상,"행사,일정,기념품,정리,행사,기부,행사,기념품,정리,행사,일정,기념품,정리,모멘트,장마,여름,지금,대회,소강,상태"
서울러닝,시 무릎 통증&quot; 잡는 상체 이완법? 서울 5km 벚꽃 러닝코스 추천,특히 성내천에서 올림픽공원을 잇는 이 벚꽃 러닝코스는 서울 내에서 보기 드문 '고저 차가 적은... #러닝무릎통증 #무릎통증완화 #상체이완 #러닝자세 #달리기자세 #운동화끈묶는법 #러닝화추천 #서울러닝코스... ,https://blog.naver.com/dee7781/224238913094,,아침,"무릎,통증,상체,이완,벚꽃,성내천,올림픽,벚꽃,보기,고저,벚꽃,건강검진,목표,벌써,사실,침대,평소,조금,근육,피로"
서울러닝,서울 경복궁 &amp; 광화문 러닝 코스 - 카멜커피 서촌점 &amp; 온 유어 마크,그럼 모두들 즐거운 주말 보내시고 행복한 하루 보내세요:) #경복궁러닝 #광화문러닝 #서울러닝 #카멜커피서촌 #온유어마크 #러닝편집샵 #경복궁영추분 #서울종로러닝 #시티런,https://blog.naver.com/bigway22/224016459945,"마을마당,성수동,광화문","아침,오전,저녁","경복궁,광화문,카멜,커피,촌점,마크,모두,주말,하루,경복궁,카멜,커피,마크,요즘,경복궁,러너,성지인,온유어마크,카멜,커피"
서울러닝,페더 서울 러닝 양말 초경량 컴포트 양말 형광 포인트 신어본... ,▽ '페더 서울 러닝 양말' 둘러보러가기! https://brand.naver.com/comport/products/6172621291 #러닝양말 #컴포트양말 #페더서울 #운동양말 #마라톤양말 #기능성양말 #러닝용품 #발편한양말 #아치서포트 #스포츠양말,https://blog.naver.com/yzk12272/224218312261,,시간미상,"페더,양말,경량,포트,양말,형광,포인트,신어,페더,양말,페더,양말,경량,포트,양말,형광,포인트,신어,날씨,야외"
서울러닝,서울러닝엑스포 2026 일정 및 참가 업체 이벤트 총정리,#서울러닝엑스포 #서울마라톤 #서울마라톤엑스포 #DDP행사 #러닝엑스포 #러닝이벤트 #러닝박람회 #마라톤대회 #러닝문화 #러닝커뮤니티 #러닝장비 #러닝정보 #서울러닝이벤트 #마라톤준비,https://blog.naver.com/realpsg/224214702865,,"아침,오후,저녁","엑스포,일정,참가,업체,이벤트,정리,엑스포,최초,이기,관심,처음,상황,뭔가,대가,러너,관심,가장,행사,참가,업체"
서울러닝,러닝 대회때 착용할 러닝 양말을 찾으신다면 컴포트 페더 서울,컴포트 페더 서울 #러닝양말 #컴포트양말 #운동양말 #페더서울 #보호양말 #러닝크루양말 겨울 동안 날씨가 너무 추워서 러닝을 한동안 쉬고 있었어요. 그러다 날이 조금씩 풀리기 시작하면서 다시 몸을 움직이고... ,https://blog.naver.com/japchodh/224216907071,,시간미상,"대회,착용,양말,포트,페더,포트,페더,겨울,동안,날씨,다시,움직,대회,페더,포트,페더,겨울,동안,날씨,다시"
서울러닝,서울 러닝 코스 장소 5km 달리기 옥수나들목 가는 법 짐 보관 팁,달리면서 한강의 야경을 함께 보며 달리는데 ‘아… 이게 바로 서울 사는 재미구나’ 싶더라고요. 특히 잠수교는 서울 러닝 코스 명소로도 유명해서 많은 러닝 크루들이 인증샷을 남기는 스팟이에요. 출처... ,https://blog.naver.com/sinnyarea/224059427977,"본격적으로,옥수",저녁,"장소,옥수,나들목,보관,한강,야경,바로,재미,구나,잠수교,명소,크루,인증샷,스팟,출처,옥수,나들목,요즘,날씨,등산"
서울러닝,서울 마포구 상암 하늘공원·노을공원 추천 러닝 코스 후기,두 곳은 마포 주민뿐 아니라 러너들 사이에서도 이미 유명한 서울 대표 러닝 성지라서 꼭 한번 뛰어보고... 싶네요 ^^ #상암러닝 #하늘공원러닝 #노을공원러닝 #상암러닝코스 #서울러닝코스 #마포러닝 #러닝성지... ,https://blog.naver.com/yeepi01/224077996644,,"저녁,밤","마포구,상암,하늘,노을,마포,주민,러너,사이,대표,성지,한번,보고,업힐,서녕,요즘,날씨,상암,하늘,노을,마포"
서울러닝,"양재천 벚꽃 러닝 후기, 서울 봄 산책 러닝코스 여기 하나면 끝!",#양재천러닝 #양재천벚꽃 #서울러닝코스 #벚꽃러닝 #서울벚꽃명소 #러닝코스추천 #서울달리기 #봄러닝 #러닝일상 #런스타그램 #러닝기록 #서울운동 #야외운동 #러닝스타그램 #벚꽃명소 #서울산책코스 #운동기록... ,https://blog.naver.com/minsanity-/224241559588,"매봉,대청,매봉에서",시간미상,"양재천,벚꽃,산책,여기,하나,벚꽃,시즌,여윽시,양재천,산책,정말,양재천,전체,길이,정비,대부분,평지,초보자,유지,환경"
서울러닝,"서울 러닝코스 추천 (서울숲, 뚝섬한강, 반포 등)",다음주는 속초룰 달려볼게요! 공감/댓글은 컨텐츠 제작에 힘이 됩니다. 감사해요 #서울러닝코스 #남산러닝코스 #반포러닝 #한강러닝 #서울숲러닝 #서울숲한강 #붕어빵런,https://blog.naver.com/yellownoda/223981802252,후문,"새벽,저녁","서울숲,뚝섬,한강,반포,다음주,속초,컨텐츠,제작,장점,하나,다리,달리,풍경,보통,누군가,가장,자주,달리,어디,장소"
서울러닝,"서울·서울권 주요 러닝 대회, 트레일런까지 한눈에 보기",감사합니다  러닝대회 준비물 체크리스트 #2026서울마라톤 #서울마라톤일정 #하반기마라톤 #2026마라톤일정 #서울러닝대회 #서울트레일런 #서울레이스 #JTBC서울마라톤 #인왕산트레일런 #청계산트레일런... ,https://blog.naver.com/rainbowjini/224267694203,,시간미상,"주요,대회,트레일,한눈,보기,대회,준비물,체크,리스트,상반기,한강,상암,여의도,접근성,대회,이후,하반기,분위기,조금,여름"
서울러닝,2026 서울 팀 k리그 런 마라톤 일정 접수 10km 러닝,서울러닝대회 #10km러닝대회 #마라톤대회 #상암평화의공원 #K리그팬이벤트 #러닝대회정보 #서울마라톤 #러닝이벤트 #K리그팬러닝 #서울러닝 #10km마라톤 #러닝대회추천 #서울마라톤일정 #마라톤 #러닝,https://blog.naver.com/qhadldhaus98/224201031528,"같은,순차",오전,"리그,일정,접수,대회,리그,일정,접수,축구,보통,동안,라운드,승부,스포츠,행사,조금,다른,라운드,안이,라운드,레이스"
서울러닝,더현대 서울 러닝 성지 TRC Seoul 러닝클럽 편집샵,요즘 짝꿍이 러닝에 제대로 빠져버려서 함께 더현대 서울을 갔다가 러너들 사이에서 핫하다는 TRC Seoul을 직접 다녀왔습니다 오늘 글에서는 더현대 서울 러닝 성지로 불리는 공간이 왜 그렇게 주목받는지 그리고... ,https://blog.naver.com/gpwl98/224232280133,,시간미상,"현대,성지,클럽,편집,요즘,짝꿍,제대로,현대,러너,사이,직접,현대,성지,공간,주목,성지,현대,클럽,방문,웰니스"
서울러닝,"7979 서울러닝크루 - 여의도, 청계천, 반포 7979SRC","새해 운동계획으로, 심폐지구력 높이는 러닝을 생각하고 계시다면, 무료로 하는 서울시 러닝크루인 7979 서울러닝크루 고려해 보시기 바래요! 인스타 @7979_src 를 팔로우 해 두시고, 3-4월쯤 시작한다는 공지... ",https://blog.naver.com/ipalm/224129166984,,저녁,"크루,여의도,청계천,반포,새해,계획,폐지,구력,무료,서울시,크루,크루,고려,인스타,팔로우,두시,공지,크루,여의도,청계천"
서울러닝,2026 서울러닝엑스포! 동마 서울마라톤 참가라면 꼭 가야할... ,"2026 서울 러닝 엑스포 소식 가져왔어요. 입장료나 사전 예약 없이 무료로 입장 가능한데요. 서울마라톤 굿즈부터 아디다스, 샥즈 등 다양한 러닝 브랜드가 참가해 볼거리도 많고 러너들에게는 특히... ",https://blog.naver.com/hhyejjin0810/224212800870,,"아침,오전","엑스포,참가,라면,가야,엑스포,소식,입장료,사전,예약,무료,입장,부터,아디다스,샥즈,브랜드,참가,볼거리,러너,엑스포,제로"
서울러닝,서울 한강 러닝 코스 &amp;  한강버스 잠실선착장 테라로사 카페... ,서울 한강 러닝 코스 테라로사 카페 &amp; 한강공원 모래놀이터 요즘 러닝 하기 너무 좋은 계절인데요! 오늘은 서울 한강 러닝 코스와 러닝 후 가기 좋은 테라로사 카페 자세히 소개해 드릴게요:) 한강러닝 코스 1.... ,https://blog.naver.com/bigway22/224256698423,"한강공원,탄천,탄천에서","오전,저녁,밤","한강,한강,버스,잠실,선착장,테라로사,카페,한강,테라로사,카페,한강,모래,놀이터,요즘,계절,한강,가기,테라로사,카페,한강"
서울러닝,서울 러닝코스 추천 3.5km 자전거없는 남산둘레길 가는법,"길, 서울 런닝하기 좋은 곳 등 다양하게 즐길 수 있는 서울 러닝코스 추천 장소 소개해 봅니다. 서울 러닝코스 추천으로 꼽는 우선순위가 있으세요? 러닝코스 거리 5km, 10km 등, 러닝할때 뷰?, 한강? 무엇보다... ",https://blog.naver.com/oisuloi/224045210314,,시간미상,"자전거,남산,둘레길,런닝,장소,꼽는,우선,순위,한강,무엇,요즘,대세,스포츠,브랜드,나이키,가도,주력,운동화,런닝화,개인"
서울러닝,"JTBC 서울 마라톤, 러닝 매니아들은 왜 '제마'에 열광할까?... ","JTBC 서울 마라톤, 러닝 매니아들은 왜 '제마'에 열광할까? 10년차 러너가 정리해본 JTBC 마라톤만의 차별성 5가지 추첨이 되어야만 참가할 수 있는 마라톤? 뭐가 다르길래 뛰는데 굳이 당첨까지 되야해? 지난 주... ",https://blog.naver.com/trlove0205/224253670457,,시간미상,"매니아,매니아,러너,정리,차별성,가지,추첨,참가,굳이,당첨,매니아,러너,정리,차별성,가지,추첨,참가,굳이,당첨,지인"
서울러닝,"서울 출장 중 만난 도심 속 오아시스, 경의선 숲길 아침 러닝 6k",#경의선숲길 #서울러닝코스 #서울출장 #서울가든호텔 #경의선광장 #서강대역 #홍대입구역 #공항철도 #모닝러닝 #오런완 #오운완 #러닝기록 #런스타그램 #씬장군 #행복러너 #서울조깅 #도심러닝... ,https://blog.naver.com/geolsb/224252256098,가든호텔,아침,"출장,만난,도심,오아시스,경의선,숲길,아침,가든,호텔,아침,출장,가든,호텔,경의선,숲길,아침,원래,한강,계획,호텔"
서울러닝,러닝 전문 박람회! 서울마라톤이 준비한 &lt;2026 서울러닝엑... ,"다양한 러닝 브랜드와 장비, 러닝 커뮤니티를 한자리에서 만나볼 수 있는 행사입니다. 서울마라톤의 공식 엑스포라니, 더 기대가 됩니다. 서울러닝엑스포 2026 SEOUL RUNNING EXPO 장소... ",https://blog.naver.com/opencareblog/224211562762,,시간미상,"전문,박람회,브랜드,장비,커뮤니티,한자리,나볼,행사,공식,엑스포,기대,엑스포,장소,러너,국내,최초,전문,박람회,브랜드,장비"
서울러닝,2026년 4월 3주차 서울 마라톤 대회 총정리! (+러닝 코스 주말... ,✨ #마라톤대회 #2026년마라톤 #4월마라톤 #서울마라톤일정 #러닝 #주말러닝 #자전거도로안전 #한강러닝 #키움런 #마포서윤복마라톤 #동작구청장배마라톤 #k건강마라톤 #서울트레일런 #스카이런 #오운완... ,https://blog.naver.com/yeepi01/224253190896,"인근에서,인근,돌담길","오전,저녁,밤","주차,대회,정리,주말,업힐,서녕,라이딩,봄날,주말,지역,대회,소식,실전,자전거,도로,자도,주의,사항,정리,주말"
서울러닝,여의도 더현대서울 러닝 팝업 TRC SEOUL 오픈｜뉴마핏 러닝... ,마세요  #더현대서울 #더현대서울팝업 #여의도더현대 #TRC서울 #러닝클럽서울 #러닝팝업 #뉴마핏러닝진단 #러닝체험 #서울팝업추천 #더현대팝업 #여의도가볼만한곳 #서울데이트코스 #러닝화추천 #가민... ,https://blog.naver.com/jtypelove/224222358097,,시간미상,"여의도,현대,팝업,오픈,뉴마,현대,가면,그냥,공간,하나,발견,뭔가,분위기,평소,뭔가,느낌,관계자,느낌,연예인,분위기"
서울러닝,벚꽃 터널 아래를 달리다♂️ 서울 벚꽃 러닝 명소 &amp; 2026... ,#2026벚꽃 #벚꽃개화시기 #서울벚꽃명소 #벚꽃축제 #벚꽃만개시기 #전국벚꽃지도 #봄나들이 #꽃구경#벚꽃엔딩 #벚꽃러닝 #러닝명소 #서울러닝코스 #런린이 #러너 #여의도벚꽃 #석촌호수벚꽃 #서울숲... ,https://blog.naver.com/dudgmlqo/224214307928,출구,"아침,저녁,밤","벚꽃,터널,아래,달리,벚꽃,명소,벚꽃,엔딩,아침,저녁,기운,조만간,평년,기온,조금,벚꽃,소식,일찍,분홍,꽃잎"
서울러닝,서울 K 마라톤 대회 일정 러닝 코스 하프마라톤 10km 달리기,#서울K마라톤 #서울마라톤 #마라톤대회 #러닝대회 #하프마라톤 #10km러닝 #광화문마라톤 #서울러닝 #러닝코스 #마라톤일정 #러닝정보 #국내마라톤 #서울마라톤일정,https://blog.naver.com/qhadldhaus98/224222913307,"교통통제,광화문을,동일,광화문광장,화문광장에서",오전,"대회,일정,하프마라톤,대회,일정,하프마라톤,도심,대회,매년,관심,대회,원래,일정,예정,콘서트,일정,치면,연기,일정,진행"
서울러닝,포켓몬 런 2026 서울 마라톤 일정 러닝 이벤트,포켓몬 런 2026 서울 마라톤 일정 러닝 이벤트 포켓몬 런 2026 in Seoul이 2026년 5월 5일 어린이날 서울... #포켓몬런 #포켓몬런2026 #포켓몬30주년 #서울러닝이벤트 #뚝섬한강공원 #어린이날행사 #한강러닝... ,https://blog.naver.com/qhadldhaus98/224182059981,잉어킹,"아침,오전,저녁","포켓몬,일정,이벤트,포켓몬,일정,이벤트,포켓몬,어린이날,포켓몬,일정,이벤트,포켓몬,어린이날,뚝섬,한강,무대,진행,포켓몬,주년,기념"
서울러닝,2026 서울 마라톤 일정 러닝 코스 기념품 셔틀버스 총정리... ,서울 마라톤 러닝 코스 풀코스 청계천 동대문 성수 어린이대공원 잠실 이 구간들을 지나 마지막은 잠실종합운동장에서 마무리됩니다. 서울 중심부에서 동쪽으로 이어지는 코스입니다. 도심 풍경을 보며... ,https://blog.naver.com/qhadldhaus98/224207019901,"합운동장에서,광화문,광화문에서,광장,중심부,광장에서,실종합운동장,중심부에서,다시","아침,오전","일정,기념품,셔틀버스,정리,청계천,동대문,성수,어린이,잠실,지나,마지막,잠실,종합,운동장,마무리,중심부,동쪽,도심,풍경,일정"
서울러닝,제11회 서울트레일런 대회 접수 일정 코스 [산악 트레일러닝],거리가 길어질수록 난이도는 가볍지 않습니다. 준비 단단히 하고 출발하시기 바랍니다. #서울트레일런 #서울트레일러닝 #산악트레일 #109km #50km #북한산트레일 #트레일러닝 #서울트레일런대회,https://blog.naver.com/qhadldhaus98/224180830003,"코스별,정문,하고,주민센터,한일교,종목별,돌담길","오전,밤","트레일,대회,접수,일정,산악,트레일,난이도,트레일,대회,접수,일정,산악,트레일,도심,북한,능선,트레일,대회,트레일,이벤트"
서울러닝,러닝화 브랜드 써코니 더메이즈 서울 러닝 이벤트 후기,"저도 기회가 된다면 경험해보고 싶은 러닝화에요. 써코니 더메이즈 서울은 공정하게 진행되는 스위스 방식으로 진행되는 릴레이 레이스 경기였어요. 스위스 방식은 토너먼트와 다른 개념으로, 비교적 적은... ",https://blog.naver.com/allaboutcanada/224025681174,"파리,펜실베니아",시간미상,"브랜드,메이즈,이벤트,기회,경험,메이즈,진행,스위스,방식,진행,릴레이,레이스,경기,스위스,방식,토너먼트,다른,개념,비교,러너"
서울러닝,러너들의 루프밴드 하체운동ㅣ2026 서울마라톤 공식 러닝... ,세라밴드 루프밴드로 완성하는 하체 운동 밸런스 루틴 잠스트 2026 서울마라톤 공식 서울 러닝 클래스 FULL반 세션에서 진행된 SSL KOREA 정다움 코치님의 특별한 러닝 훈련 트레이닝 현장을 공유합니다! 이번... ,https://blog.naver.com/naum7575/224206785602,,시간미상,"러너,루프,밴드,하체,공식,세라,밴드,루프,밴드,완성,하체,밸런스,루틴,잠스트,공식,클래스,세션,진행,코치,트레이닝"
서울러닝,서울 러닝코스 댕댕런 강아지런 코스 지도 gpx 8.7km 완주,"함께 서울 러닝코스 강아지런 코스 지도를 따라서 산책을 하고 왔어요! 저는 아래와 같은 댕댕이 모양으로 산책했고, 총 거리는 8.8km, 시간은 2시간 22분 걸렸어요. 강아지런 코스 시간으로 러닝을 감안하자면... ",https://blog.naver.com/goldendaebak/224134628217,"거기,거기부터,시작점부터,시작점",오전,"댕댕,강아지,완주,강아지,따라서,산책,아래,댕댕,모양,산책,강아지,감안,왕귀,댕댕,강아지,따라서,산책,아래,댕댕,모양"
서울러닝,서울 러닝 코스 올림픽공원 러닝 &amp; 단풍 -빵집 추천... ,서울 러닝 코스 올림픽공원 러닝 &amp; 단풍 르봉마리아쥬 베이커리! 안녕하세요. 모리입니다. 오늘은 서울... 르봉마리아쥬 서울 송파구 올림픽로 417 1층 올림픽 회관 맞은편 쪽에 위치하고 있습니다. 매일 오전... ,https://blog.naver.com/bigway22/224084412055,"소마미술관,동호,동호에서,석촌호수","아침,오전","올림픽,단풍,빵집,올림픽,단풍,르봉,마리아,베이커리,모리,르봉,마리아,송파구,올림픽로,올림픽,회관,맞은편,위치,매일,오전,토요일"
서울러닝,서울 러너라면 필독!... 무료 샤워장 등 러닝 정보 모음.zip,"서울 러닝 행사, 러닝 인프라, 러너 편의시설 정보를 한눈에 정리했습니다. 러닝이 하나의 라이프스타일로 자리 잡으면서 서울 곳곳에서도 달리기를 즐기는 시민들이 늘고 있습니다. 서울에서는 이런 흐름에... ",https://blog.naver.com/haechiseoul/224214018654,,아침,"러너,라면,필독,무료,샤워,모음,행사,인프라,러너,편의,시설,한눈,정리,하나,라이프스타일,자리,곳곳,시민,흐름,문화"
서울러닝,"러닝 후기, 도심 속 호수뷰 서울 달리기 명소 러닝코스 추천",#석촌호수 #석촌호수러닝 #석촌호수코스 #서울러닝코스 #잠실러닝 #서울달리기 #러닝코스추천 #서울러너 #호수뷰러닝 #도심러닝 **종아리 압박 회복에 최고! 러닝용품 추천,https://blog.naver.com/yeepi01/223999691424,러닝을,"저녁,밤","도심,호수,명소,종아리,압박,회복,최고,용품,업힐,서녕,얼마,저녁,지인,석촌호수,도심,한가운데,호수,만족도,여러분,석촌호수"
서울러닝,2026 서울 여성마라톤 함께 달리는 의미 있는 러닝 축제,"2026 서울 여성마라톤 함께 달리는 의미 있는 러닝 축제 요즘 러닝을 시작하시는 분들이 많아지면서... 함께 달리고, 함께 나누는 러닝 같이 하시죠!  #여성마라톤 #서울러닝 #러닝대회 #기부러닝 #상암마라톤",https://blog.naver.com/beneficial-beom/224261612608,,"아침,오전","여성,의미,축제,여성,의미,축제,요즘,달리,여성,의미,축제,요즘,기록,경쟁,의미,대회,대회,바로,여성,이름"
서울러닝,서울 8km 야간 러닝 코스: 경복궁-종로 댕댕런 GPX 공유... ,"요즘 같은 날씨에는 사람이 많긴 하지만, 밤에는 그나마 보행자가 줄어들어 서울 도심의 야경을... #댕댕런 #강아지코스 #서울러닝코스 #GPX공유 #뉴발란스북촌점 #경복궁러닝 #야간러닝 #나혼자산다전현무... ",https://blog.naver.com/haosrwqae01/224264700820,"바로,경복궁역","저녁,밤","야간,경복궁,종로,댕댕,공유,요즘,날씨,보행자,도심,야경,러너,사이,이자,산다,전현무,도전,댕댕,강아지,완주,강아지"
서울러닝,매주 목요일 함께 달려요! 7979 서울 러닝크루,(수) - 매월 첫째주 월요일 사전 신청 오픈 - 동마클럽 및 서울시 공공서비스예약에서 신청 가능 - 놓쳤다면? 현장 접수도 OK ◆ 러닝코스 [러닝 집결지 중 선택 1] - 초급자 / 광화문권역 - 중급자... ,https://blog.naver.com/seoulsportal/224239311408,,저녁,"목요일,크루,매월,월요일,사전,신청,오픈,클럽,서울시,서비스,예약,신청,가능,현장,접수,집결,선택,광화문,사업,기간"
서울러닝,러닝크루 주목! 제이엘브 이벤트 서울 러닝코스 정보,"그런데 이번에는 대표적인 서울 러닝코스를 완주하면서, 동시에 특별한 선물까지 받을 수 있는... 달리기를 즐기는 러닝크루 여러분, 이번 제이엘브 행사를 통해 서울 속 러닝 여정을 기록하고, 땀과... ",https://blog.naver.com/nicenet/224023619006,,저녁,"크루,주목,제이,이벤트,대표,완주,동시,선물,크루,여러분,제이,행사,통해,여정,기록,일상,리프,레시,스스로,레저"
서울러닝,할 서울 러너들 주목! ➡️ 다시 돌아온 '서울 러닝순찰대... ,"운동하면서 봉사도 할 수 있는 의미 있는 활동, 서울 러닝순찰대란? 서울시 자치경찰위원회에서는 러닝을 하며 동네 안전을 함께 살피는 ‘서울 러닝순찰대’를 운영합니다. 올해는 참여 기회를 넓혀 10개... ",https://blog.naver.com/haechiseoul/224236781904,,시간미상,"러너,주목,다시,순찰,봉사,의미,활동,순찰,대란,서울시,자치,경찰,위원회,동네,안전,순찰,운영,올해,참여,기회"
서울러닝,[이벤트] 가장 달리고 싶은 '7979 서울 러닝크루' 코스를... ,7979 서울 러닝크루와 함께 가장 달리고 싶은 러닝 코스를 골라주세요~! 매주 목요일 저녁 7시~9시!... 핫둘핫둘서울 인스타그램 계정 팔로우 꾸욱! @hot2seoul ② 인스타그램 이벤트 게시물에 좋아요는 필수!... ,https://blog.naver.com/hot2hot2seoul/224261142975,,"저녁,밤","이벤트,가장,달리,크루,크루,가장,달리,목요일,저녁,핫둘핫둘,인스타그램,계정,팔로우,꾸욱,인스타그램,이벤트,게시,필수,크루,가장"
서울러닝,매주 목요일 7979 서울 러닝크루와 함께 달려요~,"바로가기 △ 서울시 공공서비스 예약 바로가기 이해를 돕기 위한 예시 이미지 7979 서울 러닝크루는 수준별 러닝 코스를 운영 중이라, 러닝 초보부터 고수까지 모두 다 즐길 수 있어요!  게다가 중·상급... ",https://blog.naver.com/hot2hot2seoul/224238495579,,"저녁,밤","목요일,크루,바로가기,서울시,서비스,예약,바로가기,이해,돕기,예시,이미지,크루,수준별,운영,중이,초보,고수,모두,게다가,상급"
서울러닝,서울 벚꽃런 몽마르뜨공원 러닝 코스,없이 마라톤을 할 수 있음 관심 있는 분들은 뛰뛰ㄱㄱㄱ  기간: 3월 21일 ~ 4월 30일  참가비: 3만원  코스: 4.5km / 9.5km 선택 가능 #서울벚꽃 #벚꽃러닝 #서리풀공원 #몽마르뜨공원 #벚꽃런 #서울러닝코스 #랭킹마라톤,https://blog.naver.com/ddmjk/224256284744,,시간미상,"벚꽃,몽마,르뜨,관심,기간,참가,선택,가능,벚꽃,몽마,르뜨,재미,비대,랭킹,댕댕,레이스,정기,배송,서비스,제공"
서울러닝,2024 시즌마감 마라톤 대회 서울 마라톤 일정 러닝 코스 기념품,마라톤대회 #하프코스 #10km러닝 #5km러닝 #10km커플런 #완주메달 #러닝기념품 #러닝코스 #마라톤준비물 #러닝즐기기 #겨울마라톤 #서울러닝 #한강러닝 #러너들의축제 #팀워크러닝 #서울마라톤일정 #러닝 #마라톤,https://blog.naver.com/qhadldhaus98/223690438965,안내,"아침,오전","시즌,마감,대회,일정,기념품,대회,시즌,마감,대회,일정,기념품,러너,마무리,순간,바로,시즌,마감,대회,여의도,한강"
서울러닝,뉴발란스 x 기안84 Run &amp; Party 서울 마라톤 일정 &amp; 러닝... ,숨이 턱 끝까지 차오르는 그 살아있는 감각을 즐겁게 만끽해 보시길 바랍니다. #RunYourWay #뉴발란스마라톤 #런앤파티 #러닝 #서울마라톤일정 #마라톤 #뉴발란스성수 #성수팝업 #뉴발란스이벤트,https://blog.naver.com/qhadldhaus98/224249549157,,저녁,"뉴발란스,기안,일정,감각,만끽,뉴발란스,기안,일정,팝업,스토어,오픈,예능,산다,기안,작가,대회,완주,모습,사실,그때"
서울러닝,포기할 수 없는 서울 러닝 명소 3곳과 안전 가이드 발목보호대... ,서울 겨울 러닝 추천 코스 BEST 3 그럼에도 불구하고 겨울 러닝을 포기할 수 없는 여러분을 위해 서울에서 겨울에도 안전하고 즐겁게 달릴 수 있는 코스 3곳을 엄선했습니다. 올림픽공원: 넓고 평탄한 코스로 초보... ,https://blog.naver.com/roh339/224142893226,,밤,"포기,명소,안전,가이드,발목,보호대,겨울,불구,겨울,포기,여러분,위해,겨울,엄선,올림픽,초보,겨울,옷깃,날씨,며칠"
서울러닝,더현대 러닝 클럽 방문기 : TRC 서울,"식지않는 러닝 열풍에 더현대, 판 키웠다 -현대백화점, 더현대서울 러닝클럽 오픈 -측정부터 코칭까지 ... 체험형 플랫폼 구현 -여의도 러닝코스와 연계 ... 러닝성지 전략 더현대 서울 4층 Life&amp;Balance 전국에서... ",https://blog.naver.com/wonho6743/224237882134,,저녁,"현대,클럽,방문,식지,열풍,현대,현대,백화점,현대,클럽,오픈,측정,코칭,체험,플랫폼,구현,여의도,성지,전략,현대"
서울러닝,서울마라톤 주간 BTGSEL 2026 러닝 커뮤니티 이벤트 일정,"이 행사는 단순한 러닝 이벤트가 아니라 서울 러닝 커뮤니티가 함께 만드는 마라톤 주간 프로그램이다. 서울에서 활동하는 러닝 크루인 Seoul Venus, PRRC, Eighty Eight Seoul, 그리고 Nike... ",https://blog.naver.com/realpsg/224214729591,"메시지,움직임의,정신,문화",저녁,"주간,커뮤니티,이벤트,일정,행사,이벤트,커뮤니티,주간,프로그램,활동,크루,이벤트,대한,작고,클럽,이벤트,해외,러너,교류,행사"
서울러닝,서울 러닝클래스 내돈내산 수업 후기,"베가베리 서울 러닝프로그램을 알게 되었어요 2. 러닝과 영양을 연결하는 베가베리 그렇게 찾게 된 게... 철학 러닝 전후 섭취할 수 있는 제품 제공부터 체계적인 코칭 시스템, 커뮤니티 활동까지 서울에서... ",https://blog.naver.com/qnpfrhh3/223914286577,,저녁,"클래스,수업,베가,베리,프로그램,영양,베가,베리,철학,전후,섭취,제품,제공,체계,코칭,시스템,커뮤니티,활동,클래스,수업"
서울러닝,서울 러닝 코스 추천 북촌 런허브 러닝화 대여하고 댕댕런 안암... ,#북촌러닝 #댕댕런 #나혼자산다댕댕런 #서울러닝코스 #이색러닝코스 #뉴발란스런허브 #런허브북촌 #러닝화대여 #퓨어셀레벨v5 #북촌안암 #미슐랭돼지국밥 #굿러너컴퍼니 #굿러너컴퍼니북촌 #삼청동호떡,https://blog.naver.com/kirruazz/224231482511,"북촌,북촌에서","오전,오후","북촌,허브,대여,댕댕,안암,날씨,대여,댕댕,음식,용품,쇼핑,서울특별시,교육청,정독,도서관,서울특별시,종로구,북촌로,정독,도서관"
서울러닝,"러닝 발목보호대 추천하는 이유, 서울마라톤 러닝 엑스포... ",풀려 뛸 때 불편하신 분 #러닝발목보호대 #서울마라톤러닝엑스포 #서울러닝엑스포 #러닝준비물 #발목보호대 #러닝이벤트 #잠스트 #필르미스타앵클#러닝보호대 #러닝 #마라톤 #마라톤발목보호대 #발목보호대추천,https://blog.naver.com/9994gh/224204741106,,시간미상,"발목,보호대,이유,엑스포,보호대,발목,보호대,이유,엑스포,이벤트,패션,블로거,날씨,다시,발목,평소,불편,반신반의,발목,보호대"
서울러닝,구로 올레길 트레일러닝 :: 서울 벚꽃 러닝명소  / 서울 둘레길... ,재밌게 잘 훈련했습니다  #구로올레길 #구로둘레길 #구로올레길 #천왕산 #개웅산 #매봉산 #트레일러닝 #서울트레일러닝 #구로올레길트레일러닝 #트레일러닝훈련 #서울둘레길 #구로둘레길코스 #서울트레일러닝코스,https://blog.naver.com/chita000/224250307624,"늦게,시에",시간미상,"구로,올레길,트레일,벚꽃,명소,둘레길,주말,트레일,구로,올레길,보기,길이,난이도,구로,올레길,산림,양천구청역,광명,사거리역,구로"
서울러닝,서울 제4회 밤섬 마라톤 대회 서울러닝 코스 총정리,마일드케어 #서울마라톤 #서울러닝대회 #서울마라톤대회 #서울러닝 #러닝대회 #마라톤대회 #마라톤가격 #마라톤후기 #밤섬마라톤대회시간 #밤섬마라톤대회접수 #밤섬마라톤대회기념품... ,https://blog.naver.com/choismong/224260438232,섬마라톤대회,"오전,밤","밤섬,대회,정리,일드,케어,밤섬,대회,밤섬,대회,운영,밤섬,대회,접수,밤섬,대회,유의사항,운영,밤섬,대회,운영"
서울러닝,서촌 편집샵에서 진행한 (옵티미스틱 러너스) etc서울 러닝... ,마무리하며 etc서울 러닝 세션 행사 방문 후기 안녕하세요! 반갑습니다! 패션 블로거 복복쓰입니다.... 러닝 세션 후기 이번 ETC 서울에서 진행된 옵티미스틱 러너스 러닝 세션은 브랜드를 경험해보고 다 같이... ,https://blog.naver.com/bokbokss/224265426519,,시간미상,"편집,진행,옵티,미스틱,러너,마무리,세션,행사,방문,패션,블로거,세션,진행,옵티,미스틱,러너,세션,브랜드,경험,위치"
서울러닝,인스타 핫한 서울 러닝클럽 추천! 언노운 크루보다 더 핫한... ,"인스타에서 제일 핫한 서울 러닝 크루 글 @테니제로 이미지 @instagram 서울 러닝 크루 션을 주축으로... 서울 내에서 정기 러닝 클럽으로 활동하고 있지만, 러닝 프로그램 외에 룰루레몬, 언더아머 등 스포츠... ",https://blog.naver.com/hhyejjin0810/224081082492,,시간미상,"인스타,클럽,언노운,크루,인스타,제일,크루,제로,이미지,크루,주축,정기,클럽,활동,프로그램,룰루,레몬,스포츠,인스타,제일"
서울러닝,2026 서울러닝엑스포 방문 후기 – 러닝용품 쇼핑과 이벤트 구경,공감과 댓글은 힘이 됩니다.❤️ #서울러닝엑스포 #서울러닝엑스포2026 #서울마라톤 #2026서울마라톤 #서울마라톤엑스포 #러닝엑스포 #러닝행사 #러닝박람회 #러닝이벤트 #러닝용품 #러닝양말 #러닝모자... ,https://blog.naver.com/iamfree-/224217134867,,시간미상,"엑스포,방문,용품,쇼핑,이벤트,구경,엑스포,방문,로그,행사,진행,엑스포,마지막,잠깐,엑스포,진행,대회,날인,엑스포,행사"
서울러닝,동대문디자인플라자 DDP: 2026 서울 러닝 엑스포,오늘자 스포츠동아 메인에 서울러닝엑스포 기사가 있길래 봤더니 오늘부터 일요일까지 서울마라톤 개최에 앞서 러닝엑스포가 열린다는 거다! 오늘 12시부터라고 해서 점심 먹고 다녀왔다. 지하 1층에 마련된... ,https://blog.naver.com/k233572748/224215244323,,"오전,오후,저녁","동대문,디자인,플라자,엑스포,스포츠동아,메인,엑스포,기사,일요일,개최,앞서,엑스포,점심,지하,마련,엑스포,장소,동대문,디자인,플라자"
서울러닝,서울 러닝코스 추천 가볍게 7km 조깅,진짜 푹 쉬고 밥먹고 내일은 상황봐서 쉬던가 해야지 러닝이 운동으로써 가성비가 좋은 운동인건지 잘 모르겠다 ㅋㅋㅋㅋ 타코야키 아저씨.. 참자참자.. &lt;주제&gt; 서울 러닝코스 추천 가볍게 7km 조깅 &lt;거리&gt; 7km,https://blog.naver.com/1manbo/224252425125,퍼먹고,저녁,"조깅,진짜,내일,상황,가성,타코야키,아저씨,주제,조깅,조깅,화요일,퇴근,잠시,일어난다,쪼가리,하나,땅콩,버터,숟갈,퍼먹"
서울러닝,2026 서울러닝엑스포 – DDP 러닝 행사 일정 및 정보,공감과 댓글은 힘이 됩니다.❤️ #서울러닝엑스포 #서울러닝행사 #러닝엑스포 #서울마라톤 #DDP행사 #러닝이벤트 #러닝문화 #마라톤행사 #러닝정보 #서울러닝,https://blog.naver.com/iamfree-/224205790328,,시간미상,"엑스포,행사,일정,출처,공식,홈페이지,브로,엑스포,로그,시즌,러너,행사,하나,엑스포,브랜드,러너,커뮤니티,참여,행사,장비"
서울러닝,서울 런트립(1) 열린송현... 세운상가 - 서순라길 10km 러닝코스,가방 맡기고 달리니 정말 좋다! #서울런 #런트립 #공박위크 #슬로우러닝 #부상없이달리기 #seoultour #runtrip #zone2 #lowheartratetraining #saucony #달리는건축가 #달리는건축가조한 #서울투어 #러닝코스 #서울러닝코스,https://blog.naver.com/jluke313/224093976248,,오전,"런트립,열린송현,세운상가,가방,정말,박물관,브런치,참가,런트립,박물관,박위,브런치,경복궁,투어,광화문역,공간,가방,청계천,세운상가,공중"
서울러닝,"2026 서울러닝엑스포, 린클 부스에서 확인하는 지속가능 라이프","안녕하세요, 린클입니다 3월 13일부터 15까지 열리는 2026 서울러닝 엑스포에 참가합니다! 서울러닝... 자연의 선순환을 실천하는 린클과 건강한 라이프스타일을 추구하는 러닝!♂️ 서울엑스포 현장에서... ",https://blog.naver.com/hanmiflexible/224211258968,,시간미상,"엑스포,부스,확인,지속,가능,엑스포,참가,자연,순환,실천,라이프스타일,추구,엑스포,현장,엑스포,참가,엑스포,행사,참가,러너"
서울러닝,♂️린클 in 2026 서울러닝엑스포 생생한 현장으로 RUN!!,15(일) 위치 : DDP(동대문 디자인플라자)1F A-171 2026 서울러닝엑스포는 국내 첫 러닝 박람회로 13일에서 15일까지 동대문디자인플라자(DDP)에서 진행됩니다. 이번 엑스포에서는 서울마라톤 공식 파트너사와... ,https://blog.naver.com/hanmiflexible/224215219926,,시간미상,"엑스포,현장,위치,동대문,디자인,플라자,엑스포,국내,박람회,동대문,디자인,플라자,진행,엑스포,공식,파트너,엑스포,참가,소식,공유"
서울러닝,롯데월드몰 룰루레몬 서울 2026 러닝 커뮤니티 클럽하우스... ,기프트백 안에 서울2026 러닝 관련 스티커가 들어있었습니다. 패스트 앤 프리 스위프틀리 룰루레몬 서울 2026 러닝 팝업스토어 나만의 치어보드 만들기 러닝크루와 3월 15일 동아마라톤 참가자를 위한 응원... ,https://blog.naver.com/stculture09/224234813403,,시간미상,"롯데,월드,룰루,레몬,커뮤니티,클럽,하우스,기프트,관련,스티커,패스트,프리,위프,룰루,레몬,팝업,스토어,보드,만들기,크루"
서울러닝,2025 새해일출런 서울 마라톤 일정 러닝 코스 기념품,"2025 새해일출런 서울 마라톤 일정 러닝 코스 기념품 2025년의 첫날, 2025 새해일출런으로 한해를... 기념품 #안양천마라톤 #5km달리기 #10km달리기 #새해첫날 #마라톤 #러닝 #서울러닝 #마라톤참가 #러닝대회",https://blog.naver.com/qhadldhaus98/223701638231,,"아침,오전","새해,일출,일정,기념품,새해,일출,일정,기념품,첫날,새해,일출,한해,기념품,새해,일출,일정,기념품,첫날,새해,일출"
서울러닝,2026년 서울 러닝 순찰대 모집 공고,2026 서울 러닝 순찰대 모집 공고 “우리 동네는 우리가 달리며 지킨다” 서울시 자치경찰위원회는 시민의 자율적인 참여를 바탕으로 러닝을 하며 방범순찰 임무를 수행하는‘서울 러닝 순찰대’를... ,https://blog.naver.com/120seoulcall/224231491515,,시간미상,"순찰,모집,공고,순찰,모집,공고,동네,달리,서울시,자치,경찰,위원회,시민,자율,참여,바탕,방범,순찰,임무,수행"
서울러닝,서울특별시체육회⚡️ 러너들의 성지! 2026 서울 러닝 엑스포... ,"서울마라톤의 설렘이 시작되는 곳, [2026 서울 러닝 엑스포] 내 서울특별시체육회 홍보부스에 방문해 주신 모든 분들 감사합니다!  러닝을 사랑하는 분들의 뜨거운 에너지 덕분에 엑스포 현장이 활기로 가득... ",https://blog.naver.com/seoulsportal/224219777343,,시간미상,"서울특별시,체육회,러너,성지,엑스포,엑스포,서울특별시,체육회,홍보,부스,방문,주신,모든,사랑,에너지,덕분,엑스포,현장,활기,가득"
서울러닝,서울 성수동 살곶이다리 중랑천 뚝방길에서 한강 가는 길 러닝... ,2025년 11월 2일 일요일 오후 기록 #중랑천러닝코스 중랑천 살곶이 다리 예전엔 둘이 곧잘 뛰곤 했던... 뜻하지 않게 만보 걸은 주말 오후. #서울러닝코스 #중랑천뚝방산책로 By #직각어깨빈어스,https://blog.naver.com/toricoya/224062259778,,저녁,"성수동,살곶,다리,중랑천,뚝방길,한강,일요일,오후,기록,중랑천,살곶,다리,예전,곧잘,주말,오후,하루,종일,꼼짝,려고"
서울러닝,자연과 함께하는 서울 러닝코스 추천해요!,"탁 트인 하늘과 바람이 함께 해주는 이 출발 지점은 서울 러닝 코스 중에서도 손에 꼽고 싶을... 길이라 러닝 초보자도 속도내기 좋아요 • 흙길+자연+조용함+서울 시내 뷰+ 한강 → 이 조합, 대체 불가능 코스... ",https://blog.naver.com/prmapo77/223966897335,가양대교,오전,"자연,하늘,바람,지점,길이,초보자,속도,내기,흙길,자연,시내,한강,조합,대체,불가능,이제,일상,노을,하늘,원래"
서울러닝,러닝코스 예쁜 서울 마라톤 찾는다면? 잠실 롯데백화점... ,"러닝 10km : 롯데월드~가락시장역까지 넓게 도는 코스 한강뷰, 공원, 도심이 모두 어우러진 서울러닝코... 보세요 러닝 입문자, 서울 마라톤 첫 도전 해보고 싶은 분 기록보다 분위기, 감성을 즐기는 러너... ",https://blog.naver.com/pdmho92/223978007243,,오전,"잠실,롯데,백화점,롯데,월드,가락시장역,한강,도심,모두,입문,도전,기록,분위기,감성,러너,분위기,슬슬,조금,감각,발견"
서울러닝,서울 한강 7km 러닝 4분대로 뛰어보기,맨날 서울 한강 러닝 뛰러갈 때 요즘들어 종종 보이는 애기 고영희 두마리가 있는데 사람을 엄청 잘 따른다 근데 오늘 한마리가 안보이는데 남은 한마리가 역까지 계속 따라온다.. 누가 데려간 건 아닐지..... ,https://blog.naver.com/1manbo/224261720702,"키로,일단",시간미상,"한강,보기,한강,요즘,종종,애기,고영희,마리,마리,마리,계속,누가,한강,보기,요새,감기,유행,얼마,어제,대서"
서울러닝,"3월에만 19개, 서울 마라톤 과열 논란 러닝 열풍의 그림자... ",#서울마라톤 #러닝열풍 #마라톤대회 #서울교통통제 #러닝문화 #도심마라톤 #서울러닝 #마라톤논란 #러닝인구증가 #생활스포츠 사진출처 - &quot;주말마다 차 막혀요&quot; 도심 한복판 마라톤에 불편 호소하는 시민들 / 14F... ,https://blog.naver.com/times_minton/224235284484,,시간미상,"과열,논란,열풍,그림자,출처,주말,도심,복판,불편,호소,시민,출처,주말,도심,복판,불편,호소,시민,주말,이유"
서울러닝,러닝기록 - 어린이대공원 3km 무릎통증 걷기 전환,"무릎 통증 있을 땐 멈추는 게 정답, 가볍게라도 움직인 오늘도 충분한 운동 #러닝기록 #어린이대공원 #어린이대공원러닝 #서울러닝 #서울러닝코스 #3km러닝 #초보러닝 #러닝코스추천 #공원러닝 #걷기운동... ",https://blog.naver.com/iamfree-/224265649285,,저녁,"기록,어린이,무릎,통증,걷기,전환,무릎,통증,정답,기록,어린이,로그,어린이,날씨,분위기,목표,어린이,어린이,내부,순환로"
서울러닝,"2024 봄 서울 러닝기록 탑10, 활기찬 도심 속 러닝 경험","서울 전역에 다양한 러닝 코스가 있지만, 2024 봄 서울 러닝기록 탑10은 시간대별로도 체감이 달라지는 매력이 있었어요. 아침 일찍 달리면 한적하고 상쾌한 분위기를 느낄 수 있었고, 저녁 시간대에는 도시... ",https://blog.naver.com/sqgysip22/224267493987,,"아침,저녁","기록,도심,경험,전역,기록,시간대,별로,체감,매력,아침,일찍,달리,분위기,저녁,시간대,도시,기록,도심,경험,곳곳"
서울러닝,러닝 문화까지 즐길 수 있는 서울 러닝 편집샵 BEST 3,목차 아웃오브올 온유어마크 튠 러닝 = 문화 서울 러닝 편집샵 BEST 3 아웃오브올 OUT OF ALL 서울특별시 마포구 잔다리로3안길 11 (서교동 395-108) *합정역 3번출구에서 421m  매일 12:00-21:00  0507 1480 8847 러닝... ,https://blog.naver.com/hhyejjin0810/223932792016,,시간미상,"문화,편집,목차,아웃,오브,온유어마크,문화,편집,아웃,오브,서울특별시,마포구,다리,안길,서교동,합정역,출구,매일,플루,제로"
서울러닝,"러닝 하는 방법, 서울 뛰기 좋은 장소 추천","서울 러닝 코스 TOP 7 추천 서울은 한강 , 공원 , 트랙 이 멋진 러닝 선배! 계절별·지역에 찾아갔습니다. ① 여의도공원(서쪽, 평지 5km) : 넓은 트랙, 한강뷰. 주말 시간을 보내세요. 유승엽 선수도 코스를... ",https://blog.naver.com/score-/224263070122,,"새벽,저녁,밤","장소,한강,트랙,선배,계절,지역,여의도,서쪽,평지,트랙,한강,주말,유승,선수,마니아,여러분,봄바람,계절,구성,가요"
서울러닝,2026 서울러닝엑스포 SEOUL RUNNING EXPO,2026 서울마라톤 겸 제96회 동아마라톤 대회가 열리는 날입니다. 동아마라톤에 참가하는 해외... #서울러닝엑스포 #러닝엑스포 이제 본격적으로 서울러닝엑스포를 둘러보겠습니다~ 첫 번째 전시장에... ,https://blog.naver.com/supershim2/224216616591,,시간미상,"엑스포,동아마라톤,대회,동아마라톤,참가,해외,이제,본격,엑스포,전시장,동대문,박람회,개최,관련,브랜드,업체,참여,박람회,하니,러너"
서울러닝,"2015 겨울 서울 러닝기록 노하우, 추위 속 꾸준함의 비결","2015 겨울 서울 러닝기록 노하우, 추위 속 꾸준함의 비결 2015년 겨울, 서울에서 러닝을 시작하며 기록을 관리하고자 했던 경험이 자연스럽게 떠오르면서 2015 겨울 서울 러닝기록 노하우를 정리하게 되었어요.... ",https://blog.naver.com/lxdymexwl2/224267616964,지하철,"아침,저녁","겨울,기록,노하우,추위,비결,겨울,기록,노하우,추위,비결,겨울,기록,관리,경험,자연,겨울,기록,노하우,정리,겨울"
서울러닝,2026 KB스타런 마라톤 대회 참가 신청 10km 서울 러닝대회... ,:) [같이 보면 좋을만한 글] #5월러닝대회 #5월마라톤대회 #10km마라톤대회 #KB스타런 #서울마라톤대회 #여의도러닝 #러닝대회추천 #마라톤입문 #10km러닝 #러닝준비 #마라톤참가신청 #러닝취미 #마라톤대회참가,https://blog.naver.com/vnfma0726/224231539865,순차적으로,"아침,오전","스타,대회,참가,신청,대회,올해,대회,목표,원래,키움런,참가,계획,배너,스타,대회,이벤트,참가,신청,당첨,접수"
서울러닝,6월 1주차 러닝 / 내돈내산 서울러닝클래스 런바디스튜디오,러닝  혼자 했으면 절대 안했을 것 같다 ㅎㅎㅎㅎ 내돈내산 서울러닝클래스 런바디스튜디오 이번주도 러닝 후기 끗! ♀️ 다같이 으쌰으쌰 러닝할수있는 우리 클래스 ⬇️⬇️⬇️ https://m.instagram.com/nohyuyeon,https://blog.naver.com/chaesubi/223903942986,,시간미상,"주차,클래스,바디,스튜디오,절대,클래스,바디,스튜디오,주도,클래스,클래스,바디,스튜디오,주차,포레스트,이후,클래스,참석,주차,모두"
서울러닝,일산 서울 한강 러닝 코스 27km lsd 러닝 코스 GPX첨부,마포에서 일산호공 서울에서 일산 LSD 러닝 코스 단톡방에도 물어보고 인터넷도 뒤져보고 조금의 정보는 있었지만 코스가 별로라거나 자세한 정보를 알 수 없어서 직접 달려봤습니다. 대략 가양대교에서... ,https://blog.naver.com/kaeback2/224109072674,,저녁,"일산,한강,첨부,마포,일산,호공,일산,톡방,인터넷,보고,조금,로라,거나,직접,대략,가양대교,마포,일산,호공,일산"
서울러닝,"6월, 서울 러닝 코스 추천! with 가벼운 야외활동 텀블러 슬로... ","그래서 추천드리는 지금, 뛰기 딱 좋은 서울 러닝코스 추천5 ✨ 코스 거리 난이도 포인트 서울숲 러닝 코스 약 3~4 km 초보자 나무 그늘, 순환 구조 한강 반포지구 약 6~7 km 중급자 노을·강변 야경 경의선 숲길 약... ",https://blog.naver.com/locknlock1978/223909021187,,"아침,저녁","야외,활동,텀블러,슬로,지금,난이도,포인트,서울숲,초보자,나무,그늘,순환,구조,한강,반포,지구,노을,강변,야경,경의선"
서울러닝,서울 마라톤대회 총정리 밤섬런 여의도 한강공원 러닝,메달 #서울마라톤 #서울러닝대회 #서울마라톤대회 #서울러닝 #러닝대회 #마라톤대회 #마라톤가격 #마라톤후기 #밤섬런시간 #밤섬런접수 #밤섬런기념품 #밤섬런가격 #밤섬런모임장소 #밤섬런출발... ,https://blog.naver.com/choismong/224249511942,"너른들판,너른들판에서,밤섬런","아침,오전,밤","대회,정리,밤섬,여의도,한강,메달,밤섬,대회,밤섬,운영,밤섬,접수,밤섬,유의사항,운영,밤섬,운영,대회,일시,일요일"
서울러닝,"서울 러닝기록 리스트, 일상 속 꾸준한 러닝 관리법 후기예요","아침 러닝은 상쾌하지만 몸이 덜 풀린 느낌이 있었고, 저녁 러닝은 피로가 누적되어 속도가 조금 떨어지는 점이 인상적이었답니다. 비슷한 기록 관리 앱과 비교했을 때 서울 러닝기록 리스트는 서울 지역 특화... ",https://blog.naver.com/k1t5h9wwt1g/224266819832,,"아침,저녁","기록,리스트,일상,관리,아침,느낌,저녁,피로,누적,속도,조금,인상,기록,관리,비교,기록,리스트,지역,특화,기록"
서울러닝,7979 서울 러닝크루-여의도 솔로참가 후기,7979 서울 러닝크루 신청해서 참여해봄 크루로 달리는건 처음!! 혼자가야해서 뻘쭘했는데 걱정과 달리... 참석가능한듯 #7979러닝 #여의도러닝코스 #7979러닝여의도 #서울공공서비스예약 #여의도러닝 #7979런... ,https://blog.naver.com/doichdoich/224267936308,,시간미상,"크루,여의도,솔로,참가,크루,신청,참여,크루,처음,뻘쭘,걱정,달리,참석,크루,신청,참여,크루,처음,뻘쭘,걱정"
서울러닝,2026 서울러닝엑스포 방문후기,최초 러닝엑스포 행사중이었어요. 무료 입장 행사여서 안내부스에서 QR코드를 통해 방문등록을 하고 입장 명찰을 받아서 바로 입장할 수 있었어요. 바로 다음날이었던 3월 15일 서울동아마라톤 대회 참가자들은... ,https://blog.naver.com/flowerwoojung/224232847896,,오전,"엑스포,방문,최초,엑스포,행사,무료,입장,행사,안내,부스,코드,통해,방문,등록,입장,명찰,바로,입장,바로,다음"
서울러닝,"2022 겨울 서울 러닝기록 일기, 차가운 공기 속 달리기의 묘미","2022 겨울 서울 러닝기록 일기, 차가운 공기 속 달리기의 묘미 2022 겨울 서울 러닝기록 일기는 계절이... 겨울철 서울의 러닝 코스는 낮 시간대와 저녁 시간대에 따라 분위기가 크게 달랐어요. 낮에는 햇볕 덕분에... ",https://blog.naver.com/n0nt8ap0/224266235342,,"아침,저녁","겨울,기록,일기,공기,묘미,겨울,기록,일기,공기,묘미,겨울,기록,일기,계절,겨울철,시간대,저녁,시간대,분위기,크게"
서울러닝,서울러너스데이 러닝에티켓 배우기 여의나루역 여의도 한강공원,지난해부터 언제 어디서나 달릴 수 있는 건강한 러닝 문화 조성을 위해 힘을 써온 서울시는 '7979 서울 러닝 크루' 프로그램 운영과 함께 여의나루 한강공원에서 가까운 여의나루역 러너 스테이션을 개관해... ,https://blog.naver.com/sunnyssam73/223663443860,,오전,"러너,데이,에티켓,여의나루역,여의도,한강,지난해,언제,어디,서나,문화,조성,위해,서울시,크루,프로그램,운영,여의나루,한강,여의나루역"
서울러닝,[일상] 한가로운 여의도 러닝? 조깅?,ㅎㅎㅎㅎ 워치를 제대로 누르지 않아서 런닝머신을 선택하는 바람에 GPS를 기록하지 못했나 보네요. 어디가면 항상 러닝화를 준비해 가야 할까나???ㅎㅎ 발목은 여전히 .... #여의도 #서울 #러닝 #일상 #달리기,https://blog.naver.com/whcrow11/224261072284,,시간미상,"일상,여의도,조깅,워치,제대로,런닝머신,선택,바람,기록,어디가,항상,가야,발목,잠깐,남아,여의도,여의도,강바람,빌딩,달리"
서울러닝,[3일차] &quot;러닝무릎통증... 해결됨(서울 러닝 5km 코스 추천),#서울5km러닝코스 #성내천러닝 #올림픽공원러닝 #러닝무릎통증 #러닝무릎 #운동화끈묶는법 #러닝화 #러너스루프 #러닝자세 #2주챌린지 #건강검진준비 #오운완 #아디다스러닝 #런린이훈련소,https://blog.naver.com/dee7781/224237639636,차분히,시간미상,"무릎,통증,해결,건강검진,목표,어제,체득,골반,중립,활성화,감각,기억,점검,자세,집중,무릎,피로,현저,주행,자세"
서울러닝,2026 서울러닝엑스포 참여후기 (꼬깔콘 한박스 땡큐!),2026 동아마라톤이 열린 3월 15일 전날인 14일에 2026 서울러닝엑스포를 방문하였습니다. 우리나라에서 처음 열린 러닝엑스포라 과연 어떤 분위기일지 궁금했는데요. 고고! 동아마라톤 호텔을 동대문에 한참전에... ,https://blog.naver.com/2010237/224224464856,,시간미상,"엑스포,참여,꼬깔콘,박스,땡큐,동아마라톤,전날,엑스포,방문,우리나라,처음,엑스포,과연,분위기,일지,고고,동아마라톤,호텔,동대문,참전"
서울러닝,"2026 서울러닝엑스포, 서울마라톤 D-1 전야제 최고","96회 서울마라톤을 앞둔 오늘. 이틀차가 되는 2026 서울러닝엑스포를 위해 동대문디자인플라자를 다녀왔습니다. 동아마라톤 참가를 위해 방문한 외국인부터 우리나라 국내 참가자, 러닝을 좋아하는 러너들.... ",https://blog.naver.com/kimseoeum/224216138061,,오전,"엑스포,전야제,최고,이틀,엑스포,위해,동대문,디자인,플라자,동아마라톤,참가,위해,방문,외국인,우리나라,국내,참가자,러너,이틀,엑스포"
서울러닝,2026 서울 러닝 엑스포 굿즈 부스 후기 ddp 박람회 동아마라톤,"러너들 다 모인 동아마라톤 축제 글/사진_굴개의 웰니스 노트 안녕하세요, 굴개에요 서울에서 풀코스... 다시 러닝에 복귀를 할까봐요..ㅎㅎ 이번 2026 서울 러닝 엑스포 부스 체험 중 가장 만족스러웠던... ",https://blog.naver.com/gpwl98/224217568168,,시간미상,"엑스포,부스,박람회,동아마라톤,러너,동아마라톤,축제,웰니스,노트,다시,복귀,엑스포,부스,체험,가장,엑스포,규모,러너,동아마라톤,축제"
서울러닝,서울 트레일러닝 코스 추천 BEST 7: 입문부터 서울트레일런... ,"서울 트레일러닝 코스 추천 BEST 7: 입문부터 서울트레일런 대회 준비까지 난이도별 완벽 정리! 산과 도심을 넘나들며 달리는 매력, 트레일러닝(Trail Running)의 계절이 돌아오고 있습니다. 단순히 평지를 달리는... ",https://blog.naver.com/ohayo11/224192536824,"독립문,구파발,독립문역,수서","새벽,밤","트레일,입문,트레일,트레일,입문,트레일,대회,난이도,완벽,정리,도심,매력,트레일,계절,평지,트레일,입문,트레일,대회,난이도"
서울러닝,서울 러닝 15km 코스 송파둘레길+올림픽공원,안녕하십니까 원래 오늘 월간러닝이었는데 시간 약간 애매함 이슈+내가 630페이스 장거리 못 따라감 ㅠ... 분당쪽 이렇게 집값높은곳을 간접 러닝 임장(?) 자전거로 지나다니던 천호대교 앞. 라이더들도 많다!!... ,https://blog.naver.com/greeenworld/224257446643,,오전,"송파,둘레길,올림픽,안녕하십니까,원래,월간,약간,이슈,장거리,분당,집값,간접,자전거,천호대교,라이더,안녕하십니까,원래,월간,약간,이슈"
서울러닝,서울 100k 트레일 러닝 마라톤대회 코스 기념품 서울 마라톤... ,서울100K마라톤 #울트라트레일러닝 #도심트레일러닝 #서울둘레길 #도시와자연 #마라톤대회 #트레일러닝대회 #서울100K기념품 #서울러닝 #러너 #서울트레일러닝 #자연속러닝 #서울마라톤일정 #마라톤,https://blog.naver.com/qhadldhaus98/223616451270,"서울광장에서,서울광장","아침,오전","트레일,대회,기념품,트레일,대회,기념품,일정,도심,자연,경험,트레일,대회,대회,이틀,서울특별시,동아일보,주최,올해,맞이,도심"
서울러닝,'서울봄꽃레이스' 벚꽃 러닝 마라톤 참가정보 총정리,서울 봄꽃레이스 마라톤 2026  봄 되면 진짜 한번쯤은 뛰어보고 싶은 대회 있잖아요 그중에 하나가... 봄러닝 #서울러닝 #마라톤정보 #대회정보 #마라톤기념품 #러닝코스 #안양천러닝 #벚꽃코스 #마라톤접수,https://blog.naver.com/6yj6yj/224228686420,,"아침,오전","봄꽃,레이스,벚꽃,참가,정리,봄꽃,레이스,진짜,한번,보고,대회,하나,봄꽃,레이스,진짜,한번,보고,대회,하나,바로"
서울러닝,2024 일사천리레이스 서울 마라톤 일정 러닝 코스 기념품... ,#보미블로그 #2024일사천리레이스 #서울마라톤 #10km달리기 #5km달리기 #안양천마라톤 #일사천리러닝 #서울러닝대회 #기념티셔츠 #기념메달 #서울영등포 #겨울마라톤 #러닝코스 #마라톤기록측정... ,https://blog.naver.com/qhadldhaus98/223680792190,,"아침,오전","일사천리,레이스,일정,기념품,일사천리,레이스,일정,기념품,영등포구,안양천,일사천리,레이스,대회,구성,레이스,누구,부담,참가,대회,안양천"
서울러닝,2026 서울마라톤 서울러닝 엑스포 DDP 방문후기,"활용해서 서울마라톤의 서울러닝엑스포를 진행합니다. 2026 서울러닝엑스포는 2호선, 4호선, 5호선인... 한강에서 뛰고나서 한강라면 먹는것도 좋은 추억이긴한데~~ 러닝후에 한강에서 맥주한잔 해도 좋고~~ 날이... ",https://blog.naver.com/rungayoung/224216332657,,"오전,오후","엑스포,방문,활용,엑스포,진행,엑스포,호선,호선,호선,한강,한강,라면,추억,한강,맥주,한잔,해도,처음,엑스포,정식"
서울러닝,서울러닝코스 장한평 맛집 각식당 LA갈비 맛있는 곳,"요즘 핫한 서울 핫플레이스 군자, 동네 주민인데도 너무 핫해져서 못 가는 중에 처음 이사 왔을 때부터... 담에는 러닝 인증하고 이벤트 사이드 받아야지…! &gt;_&lt;  장한평 맛집 각식당LA갈비 서울 러닝 코스  저는... ",https://blog.naver.com/rtldmsql11/224264627565,,오후,"장한평,맛집,식당,갈비,요즘,레이스,군자,동네,주민,처음,이사,인증,이벤트,사이드,장한평,맛집,식당,갈비,팬시,요즘"
서울러닝,딸천재의 러닝 - 서울레이스 동아마라톤 2026 그냥저냥한 후기,"#드디어 나에게도 이런 일이 2026년 첫 메이저 러닝 대회인 서울 마라톤에 참석했다. 러닝을 안 하더라도 유튜버, 인플루언서들 통해 들어는 봤을 것이다. 나는 메인인 풀코스는 신청 못 해서 10K를 나갔다. 자... ",https://blog.naver.com/nomore_bet/224219409259,아래,"아침,오후","천재,레이스,동아마라톤,메이저,대회,참석,유튜버,플루,통해,메인,신청,메이저,대회,참석,유튜버,플루,통해,메인,신청,결론"
서울러닝,서울 러닝 코스 추천! 잠수교 분수런부터 귀여움 터지는... ,"이번에는 발리에서 동고동락하던 우리 '발리 패밀리' 인연들이랑 서울 도심에서 아주 특별한 러닝을... 세운상가 서울 러닝 코스 검색하다 우연히 알게 된 건데, 이거 은근 중독성 있음. 힘들어서 멈추고 싶을... ",https://blog.naver.com/kstevie/224259848914,"센터점,달빛광장,모여,반신반의하며,달빛광장에서",저녁,"잠수교,분수런,발리,동고동락,발리,패밀리,인연,도심,아주,세운상가,검색,은근,중독,발리,요즘,매력,발리,예전,기록,래야"
서울러닝,"러닝크루 No 4 주의문, 서울 러닝 크루 규제 현황과 안전한... ","러닝크루 No 4 주의문, 서울 러닝 크루 규제 현황과 안전한 활동 가이드 최근 젊은 층 사이에서 크게 인기를 끌고 있는 '러닝 크루' 활동이 서울 도심과 공원 등 공공장소에서 민원으로 이어지면서 여러... ",https://blog.naver.com/ohayo11/224010452942,,밤,"크루,의문,크루,규제,현황,크루,의문,크루,규제,현황,활동,가이드,최근,사이,크게,인기,크루,활동,도심,공공장소"
서울러닝,(러닝#118) 202604-13 서울하프마라톤(서하마) 출전,이제 인생 첫 풀코스 준비는 끝났다!! &quot;여보 나 잘 할수 있겠지??&quot; 담주 풀코스 완주하고 같이 시원하게 술 마시자!! #짱검사 #이짱부부 #러닝 #2026서하마 #서울하프마라톤 #서하마 #월드컵공원,https://blog.naver.com/saulabi3/224266641446,"광화문에서,이슈를,광화문,끝에서","오후,저녁","하프마라톤,하마,출전,이제,인생,여보,완주,부부,하프마라톤,대회,참가,하프마라톤,대회,바나나,커피,한잔,대회,티셔츠,배번표,결전"
서울러닝,7979 서울 러닝크루 상반기 안전교육 후기,7979 서울 러닝크루 상반기 안전교육 동마클럽에서 서울레이스 신청 대기하는데 교육이 떴길래 신청했다 내 자세 문제점 알고 싶었는데 좋은 기회라고 생각했다 게다가 무료! 런콥러닝랩 6시반 맞춰서 갔는데... ,https://blog.naver.com/lycossue/223896318225,,시간미상,"크루,상반기,안전교육,크루,상반기,안전교육,클럽,레이스,신청,대기,교육,신청,자세,문제점,기회,게다가,무료,런콥,크루,상반기"
서울러닝,한강공원 러닝으로 마무리한 나의 서울여행/ 상암동에어비앤비... ,아침 한강 러닝 내가 설레고 설레었던 서울 러닝을 드디어 하고 말았다. 뭐 휴가 다녀오면서 이렇게... 서울 월드컵경기장 일출뷰 난지한강공원 난지 한강공원 수영장 난지한강수영장 바로 옆 댕댕이 수영장... ,https://blog.naver.com/8417706/223956164357,,아침,"한강,마무리,여행,상암동,에어비앤비,아침,한강,휴가,월드컵경기,일출,한강,한강,수영장,강수영,바로,댕댕,수영장,아침,한강,휴가"
서울러닝,푸른하늘런 신청방법부터 Q&amp;A까지 서울 러닝 대회 완벽 가이드,댓글로 함께 이야기 나눠봐요 ♀️ 오늘도 건강한 하루 보내세요  [해시태그] #푸른하늘런 #서울러닝대회 #마라톤신청방법 #러닝대회 #서울마라톤 #러닝초보 #러닝정보 #마라톤준비 #운동습관 #건강관리,https://blog.naver.com/sydneynuna/224265608004,,시간미상,"푸른,하늘,신청,대회,완벽,가이드,이야기,하루,해시태그,체크,대회,바로,푸른,하늘,아주,정리,신청,보시,도움,푸른"
서울러닝,[서울 러닝]여의도 한강&gt;홍대 하카타나카 런치,Hi~ 이번에 서울 러닝 여의도 한강&gt;홍대 하카타나카 런치 올려보겠음!! [주차] 이번에 여의도 한강공원... 얻을수 있는 느낌)겨울보다 여름 러닝 좋아합나다ㅋㅋㅋㅋㅋ 화장실내 사람 없었습니다 (여의도 항간)... ,https://blog.naver.com/jackie341174/224265683770,,"오전,오후","여의도,한강,홍대,하카타,런치,여의도,한강,홍대,하카타,런치,주차,여의도,한강,느낌,겨울,여름,화장,실내,여의도,항간"
서울러닝,서울마라톤의 첫번째 2026 서울러닝엑스포 참관 후기와... ,가장 먼저 만난 부스는 2026 서울마라톤 공식굿즈샵인데요. 일본 오사카마라톤에서는 대부분의 굿즈가... 2026 서울러닝엑스포를 꼭 추천드려요. 러닝화 뿐만 아니라 어페럴도 정말 많이 구비되어있어서 이 부스... ,https://blog.naver.com/biolab80/224216519958,,시간미상,"엑스포,참관,가장,먼저,만난,부스,공식,일본,오사카,대부분,굿즈,엑스포,어페럴,정말,구비,부스,기대,약간,뭔가,마음"
서울러닝,내돈내산 서울러닝클래스 런바디스튜디오 왕초보 러너 4주차,서울러닝클래스 런바디스튜디오 4주차 후기 ♀️ 이번주부터는 러닝 실력을 키우고 싶은 욕심에 화 목 토 3일을 모두 나가기 시작했다. 화요일 저녁 퇴근하자마자 바로 러닝클래스 들으러 달려갔다. 이날은... ,https://blog.naver.com/chaesubi/223839712197,,저녁,"클래스,바디,스튜디오,왕초보,러너,주차,클래스,바디,스튜디오,주차,실력,욕심,모두,화요일,저녁,퇴근,자마자,바로,클래스,클래스"
서울러닝,2026 포켓몬런 마라톤 신청 서울 러닝 코스 접수 예매 티켓팅... ,"2026 포켓몬런 마라톤 신청 서울 러닝 코스 접수 예매 티켓팅 방법 어린이날 행사 굿즈 참가상품 뚝섬... 테마 러닝 이벤트로, 서울 광진구 뚝섬 한강공원 수변무대(강변북로 139)에서 진행됩니다. 비경쟁... ",https://blog.naver.com/miha1023/224201547581,,"아침,오전,저녁","포켓몬,신청,접수,예매,티켓팅,포켓몬,신청,접수,예매,티켓팅,어린이날,행사,참가,상품,뚝섬,테마,이벤트,광진구,뚝섬,한강"
서울러닝,러닝화 사이즈 고민이라면 발 분석해주는 서울 러닝 전문... ,"러닝화를 찾고 계신다면, 사이즈 고민이 크실거에요. 오프라인 매장에서 내 발의 특징과 사이즈에... 서울 3개 그리고 지방 1개입니다. 저번에 서울 러닝용품샵 추천을 했더니 지방에 계신 분들이... ",https://blog.naver.com/hhyejjin0810/223934819719,,시간미상,"사이즈,고민,라면,분석,전문,사이즈,고민,오프라인,매장,발의,특징,사이즈,지방,개입,저번,용품,지방,플루,제로,사이즈"
서울러닝,&quot;서울러닝엑스포&quot; 그냥 가면 '이것' 놓치게 됩니다,2026 서울러닝엑스포 3월 13일-15일까지 DDP 서울마라톤 참가자뿐 아니라 러닝에 관심 있는 사람이라면 누구나 한 번쯤 들러볼 만한 행사예요. 이 행사를 보는 포인트는 단순합니다. 구경하러 가는 사람과 레이스... ,https://blog.naver.com/runt0130/224216912030,,시간미상,"엑스포,그냥,가면,엑스포,참가자,관심,라면,누구,행사,행사,포인트,구경,사람과,레이스,참가자,방문자,그냥,가면,무조건,후회"
서울러닝,2026 서울러닝엑스포 후기 +아디다스 덕후들 추천 ♂️,&lt;공식홈페이지 - 2026서울러닝엑스포 3.13 - 3.15&gt; 서울러닝엑스포 공식MD 참고 동마크루 지원도 실패했고... 각 러닝 대회권 1위 선수들의 신발 컬렉션 부스가 있다. 마치 토트넘 뺨치는 선수들의 락커룸(?)... ,https://blog.naver.com/godhyeok_/224216589668,,"아침,오전","엑스포,아디다스,덕후,공식,홈페이지,엑스포,엑스포,공식,참고,크루,지원,대회,선수,컬렉션,부스,마치,토트넘,선수,락커룸,계절"
서울러닝,서울시교육청 평생학습관 에버러닝 서울시민을 위한 평생학습... ,"https://everlearning.sen.go.kr/intro.do#  서울시교육청이 운영하는 평생학습포털 &quot;에버러닝&quot; 에버러닝은 서울시 도서관, 평생학습관, 학교, 협력기관 강과를 한 곳에 제공하여, 온/오프라인 강좌를 신청할 수 있는... ",https://blog.naver.com/skc9528/224266522775,,시간미상,"서울시,교육청,평생,습관,에버,시민,평생,학습,서울시,교육청,운영,평생,학습,포털,에버,에버,서울시,도서관,평생,습관"
서울러닝,[서울시]  '7979 서울 러닝크루' 시작,"통해 수신호, 돌발상황 대응 요령을 숙지하게 되며 저속·저소음 러닝, 한 줄 소그룹 운영 등을 통해 러닝 문화를 정착시킬 계획이다. 서울시제공 서울시제공. #동마클럽 #7979서울러닝크루 #서울시해치캐릭터",https://blog.naver.com/newssns/224254047521,,저녁,"서울시,크루,통해,신호,돌발상황,대응,요령,숙지,저속,소음,그룹,운영,통해,문화,정착,계획,서울시,제공,서울시,제공"
서울러닝,서울 러닝 명소 추천부터 필수 준비물까지! 러너들을 위한 꿀팁... ,"7979 서울 러닝크루에 관심 있다면 우선 동마클럽 인스타그램(@dongmaclub)으로 들어와 보세요. SNS와 오프라인의 밸런스 러닝, @SLVNS(서울비너스) (왼쪽부터) 서울비너스 러닝 팀의 김은영·이솔네·최진주 씨.... ",https://blog.naver.com/haechiseoul/223661386923,"동작역,동작,동작역에서","오전,저녁,밤","명소,필수,준비물,러너,꿀팁,크루,관심,우선,클럽,인스타그램,오프라인,밸런스,비너스,왼쪽,비너스,김은영,이솔,최진주,선선,가을"
서울러닝,서울 여의도 러닝 마라톤대회 총정리 2026 서울런 대회,기준) #서울마라톤 #서울러닝대회 #서울마라톤대회 #서울러닝 #러닝대회 #마라톤대회 #마라톤가격 #마라톤후기 #2026서울런대회시간 #2026서울런대회접수 #2026서울런대회기념품 #2026서울런대회가격... ,https://blog.naver.com/choismong/224249496836,"서울런대회,순서대로","아침,오전","여의도,대회,정리,대회,대회,대회,운영,대회,접수,대회,유의사항,운영,대회,운영,일시,일요일,오전,장소,여의도,문화"
서울러닝,러닝 양말 추천 컴포트 페더 서울 아킬레스 앵클쉴드 러닝 후기,"간략히 두 제품을 설명하자면, 페더 서울: 데일리 러닝에 부담 없는 밸런스형. 얇고 통기성이 좋다. 심리스 공법 적용 아킬레스 앵클쉴드: 뒤꿈치·아킬레스 보호 체감 확실. 두껍고 쿠션이 훨씬 좋다. 단... ",https://blog.naver.com/review_ocer/224257028002,,시간미상,"양말,포트,페더,아킬레스,쉴드,제품,설명,페더,일리,부담,밸런스,기성,리스,공법,적용,아킬레스,쉴드,뒤꿈치,아킬레스,보호"
서울러닝,"주말 서울러닝코스, 한강 마곡나들목 ~ 가양대교 6km 러닝... ","겨울철 러닝할 때 도로살얼음이 있을 수 있으니 주의해서 뛰어야 한다. 바람이 세차면 서울식물원 뛸 생각으로 한강공원으로 나왔는데, 햇살이 따뜻하고 바람은 잔잔하다. 전날 트래킹을 해서 그런지 마음의... ",https://blog.naver.com/najilong5027/223747941106,,시간미상,"주말,한강,마곡,나들목,가양대교,겨울철,도로,살얼음,주의,바람,세차,식물원,한강,햇살,바람,전날,트래킹,마음,전일,매봉산"
서울러닝,일정 참가방법 총정리 여의도 한강 러닝대회 서울가볼만한곳,"30,000원 서울 대표 러닝 코스인 한강변을 달리는 대회로 도심 러닝을 즐기기 좋은 환경에서... ✔ 서울 러닝대회 참가를 계획 중인 분 ✔ 기부 러닝 행사에 관심 있는 분 ✔ 러닝 크루 단체 참가 원하는 분... ",https://blog.naver.com/seon7359/224217130937,,시간미상,"일정,참가,정리,여의도,한강,대회,대표,강변,대회,도심,환경,대회,참가,계획,중인,기부,행사,관심,크루,단체"
서울러닝,2026 서울 러닝 엑스포 방문 후기_무료관람 다양한 경품까지... ,2026 서울 러닝 엑스포 실제 가보니 공간이 엄청 크진 않아서 빠르게 돌면 30분이면 다 볼 수 있을 정도인데 경품행사가 많고 대기를 하다 보니 2시간이 훌쩍 지나갔네요 무료로 이런 러닝 엑스포를 접할 수 있는... ,https://blog.naver.com/seoktomas/224215776300,,오전,"엑스포,방문,무료,관람,경품,엑스포,실제,공간,경품,행사,대기,훌쩍,무료,엑스포,동네,동네,엑스포,금요일,오픈,바로"
서울러닝,더현대서울 러닝 클럽(TRC)’ 오픈 첫날 방문기 &amp; 브랜드 총정리,한강러닝가실 때 들러보심 좋을거 같아요 ! 방문 총평 러닝 초보의 시선에서 본 '더현대서울 러닝 클럽... ♀️♀️♀️ #더현대서울 #더현대러닝클럽 #TRC #러닝화편집숍 #라이다선글라스 #RYDER #가민 #씨엘르... ,https://blog.naver.com/onedausuki/224220545316,,저녁,"현대,클럽,오픈,첫날,방문,브랜드,정리,한강,보심,방문,초보,시선,현대,클럽,러너,사이,가장,소식,현대,오픈"
서울러닝,"달리는 러너들도 멈출 수밖에 없는 곳, 서울 러닝 편집숍 추천 6","아우르며 서울 러닝씬을 견인하는 러닝 편집숍 6곳을 소개하니, 지금 바로 아래에서 확인해 보자. 웨어에버 @wherever.run 서울 부암동 언덕 위, 고즈넉하게 자리한 러닝숍이 있다. 국내에서 만나기 힘든... ",https://blog.naver.com/eyesmag2013/223941662373,,시간미상,"러너,편집,러닝씬,견인,편집,지금,바로,아래,확인,웨어,에버,부암동,언덕,자리,러닝숍,국내,좀처럼,열풍,하나,문화"
서울러닝,서울마라톤에 명동 새벽 교통 통제…한국 ‘러닝 열풍’ 어디까지,많았다 #서울마라톤2026 #SeoulMarathon #명동교통통제 #명동 #종로 #광화문광장 #잠실종합운동장 #서울도심마라톤 #서울러닝 #러닝열풍 #러닝붐 #달리기열풍 #한국러닝 #러닝크루 #마라톤대회 #서울이벤트... ,https://blog.naver.com/gnibeads/224219350943,"광화문광장,화문광장에서","새벽,오전,오후","명동,새벽,교통,통제,한국,열풍,어디,질주,명동,종로,교통,통제,열풍,확산,도심,대회,명동,일대,교통,통제"
서울러닝,내돈내산 서울러닝클래스 런바디스튜디오 왕초보 러너 3주차,간식들인데 땀 흘리며 러닝하고 먹으니 얼마나 꿀맛인지! 하지만 진짜 꿀맛은 따로 있었다. 러닝 끝나고 남편과 흡입한 삼겹살 ㅎㅎㅎ 내돈내산 서울러닝클래스 런바디스튜디오 왕초보 러너 3주차 후기 끗! ♀️,https://blog.naver.com/chaesubi/223812339807,,시간미상,"클래스,바디,스튜디오,왕초보,러너,주차,간식,얼마나,꿀맛,진짜,꿀맛,남편,흡입,삼겹살,클래스,바디,스튜디오,왕초보,러너,주차"
서울러닝,"서울러닝엑스포, 동대문디자인플라자일원 개최",서울러닝엑스포 일시: 26년 3월 13일(금)~3월 15일(일) 장소: 동대문디자인플라자 시간: 10:00~18:00... 전관) 서울의 랜드마크에서 펼치는 브랜드 스토리 (집중된 타깃)러닝에 진심인 고관여 방문객 (연결의... ,https://blog.naver.com/ohyeah42/224214444501,,시간미상,"엑스포,동대문,디자인,플라자,일원,개최,엑스포,일시,장소,동대문,디자인,플라자,전관,랜드마크,브랜드,스토리,집중,타깃,진심,고관"
서울러닝,온러닝 클라우드6 클라우드6 틸트 비교 더현대서울 매장 후기,얼마나 편할까 궁금하신 분덜 한번 가보세유 #더현대서울온러닝 #온러닝착화감 #온러닝후기 #온러닝클라우드6후기 #온러닝클라우드6사이즈 #온러닝클라우드6클라우드틸트비교 #온러닝클라우드틸트비교,https://blog.naver.com/i_loveny/224184701563,,시간미상,"클라우드,클라우드,틸트,비교,현대,매장,얼마나,분덜,한번,현대,영업,위치,현대,현대,서울특별시,영등포구,여의대로,현대,중간,매장"
서울러닝,서울에서 뛰기 좋은 야간러닝코스 (나이트런) 추천,밤에 가면 더욱 아름다운 서울의 러닝코스에서 선선한 밤바람을 맞으며 달려보는 것은 어떠신가요? #러닝 #러닝코스 #서울러닝코스 #러닝명소 #서울러닝명소 #러닝하기좋은장소 #러닝하기좋은한강... ,https://blog.naver.com/haionnet2020/224233938110,한강공원,밤,"야간,나이트런,가면,더욱,선선,밤바람,가요,출처,분위기,마천루,불빛,한강,윤슬,고궁,정취,만끽,야간,야간,출처,명소"
서울러닝,서울 봄 러닝 명소 안양천 벚꽃 마라톤 참가신청 총정리,"#안양천벚꽃마라톤 #서울마라톤대회 #봄마라톤 #벚꽃마라톤 #러닝대회 #마라톤참가신청 #하프마라톤 #10km마라톤 #러닝이벤트 #서울러닝대회 봄 러닝 시즌 시작, 안양천 벚꽃 마라톤이 돌아왔다 따뜻한 봄이... ",https://blog.naver.com/times_minton/224212446190,,"아침,오전","명소,안양천,벚꽃,참가,신청,정리,시즌,안양천,벚꽃,시즌,안양천,벚꽃,러너,가장,이벤트,바로,벚꽃,대회,겨우내,실력"
서울러닝,"‘서울 밤길, 이제 같이 달린다!’ 7979 서울 러닝크루 4월... ","Ⓒ 서울시 7979 서울 러닝크루는 서울시가 운영하는 자유 참여형 러닝 프로그램으로, 4월 16일부터 10월까지 매주 목요일 저녁 진행됩니다. 육상선수 출신 코치 지도, 권역별 수준별 코스, 페이서 동행, 안전교육... ",https://blog.naver.com/replays83/224254153001,,"저녁,밤","밤길,이제,달린다,크루,서울시,크루,서울시,운영,자유,참여,프로그램,목요일,저녁,진행,육상,선수,출신,코치,권역별,수준별"
서울러닝,순토 서울트레일 22K 레이스... (한양도성길 트레일 러닝 대회),https://blog.naver.com/mangnani__-/223899693828 #순토서울트레일 #서울트레일22K #트레일러닝대회 #서울러닝대회 #한양도성길 #트레일러닝 #러닝대회추천 #서울마라톤 #러너일상 #러닝기록 #등산러닝 #업힐훈련... ,https://blog.naver.com/mangnani__-/224266484048,순차,"아침,오전,밤","순토,트레일,레이스,한양도성,트레일,대회,트레일,러너,라면,주목,대회,순토,트레일,레이스,정리,대회,도심,트레일,레이스,한양도성"
서울러닝,[올림픽공원러닝/서울러닝코스추천] 올림픽공원 한바퀴... ,#올림픽공원러닝 #러닝코스추천 #올림픽공원몇키로인가요 #올림픽공원한바퀴몇키로 #올림픽공원한바퀴 #올림픽공원 #서울러닝코스추천 #케이던스180 #180bpm 올림픽공원 한바퀴 몇 키로 인가요??... ,https://blog.naver.com/muckzza/224037151734,,시간미상,"올림픽,올림픽,바퀴,올림픽,바퀴,올림픽,바퀴,안쪽,최근,올림픽,마지막,주전,석촌호수,별로,올림픽,도로,아주,처음,요즘,케이"
서울러닝,서울 경복궁 도심 러닝 뉴발란스 북촌 런 허브점 옷 러닝화 대여,러닝복 러닝화 대여해서 서울 경복궁 도심 러닝 뉴발란스 북촌 런 허브점 사진•글 | 보미 안녕하세요... 개인 러닝웨어랑 러닝화로 서울 러닝을 했다면 짐 맡기는것도 그렇고 뛰고 난 후가 찝찝할것같은데... ,https://blog.naver.com/bomi_world_/224043286057,,오전,"경복궁,도심,뉴발란스,북촌,허브,대여,대여,경복궁,도심,뉴발란스,북촌,허브,보미,개인,웨어,화로,대여,경복궁,도심,뉴발란스"
서울러닝,"서울식물원, 마곡식물원, 서울러닝코스 추천_튤립, 수선화가... ",오늘은 봄날 뛰기 좋은 서울 러닝 코스를 추천해드리려고 합니당 퇴근하고 마곡식물원으로 러닝 하러가는길 #서울식물원 #마곡식물원 마곡나루역 3번출구나 2번출구로 나오면 바로 보이는데요! (코트야드... ,https://blog.naver.com/hyeon73dc/224255514964,,저녁,"식물원,마곡,식물원,튤립,수선화,봄날,퇴근,마곡,식물원,마곡나루역,출구,출구,바로,코트,야드,라미,봄날,퇴근,마곡,식물원"
서울러닝,"1/4 서울 러닝코스, 여의도공원 8km 러닝, 더현대서울 구경... ",13km 기록 확실히 러닝을 처음 시작했을때보다 빨라졌다. 초반에는 5분 페이스대로 달리기도 하고 전체적으로 6분 초반대로 가능한 상황 체력이 확실히 좋아졌어 :) 여의나루역에 나온김에 더현대서울 구경을... ,https://blog.naver.com/najilong5027/223715067902,여의나루,"아침,오전,오후,저녁","여의도,현대,구경,기록,처음,초반,전체,초반,상황,체력,여의나루역,현대,구경,신랑,아침,저녁,햇살,여의도,예정,지하철"
서울러닝,러닝기록 - 뚝섬한강공원 5km 한강 러닝 트리마제 성수대교 방향,선택이다.” #러닝 #러닝기록 #한강러닝 #뚝섬한강공원 #트리마제 #성수대교 #서울러닝 #5km러닝 #운동일기 #러닝템 #데카트론허리벨트 #러닝선글라스 #슈니로그 #서울숲 #정원박람회 #한강러닝코스... ,https://blog.naver.com/iamfree-/224262696096,,시간미상,"기록,뚝섬,한강,한강,트리,마제,성수대교,선택,기록,뚝섬,한강,로그,맑은,뚝섬,한강,날씨,신고,뚝섬,한강,트리"
서울러닝,서울러닝코스 잠수교 5km 10km 러닝코스 공영주차장,안녕하세요 하루입니다 :) 날이 풀리고 다쳤던 발꼬락도 나아져서 러닝을 슬슬 시작하는데요 주말에 색다른 곳에서 러닝을 뛰고 싶더라구요 서울러닝코스를 찾아보던 중 러너들이 여름에 자주 뛰는... ,https://blog.naver.com/gkdmsgkfn/224210909066,,시간미상,"잠수교,공영,주차장,하루,발꼬락,슬슬,주말,러너,여름,자주,잠수교,서울특별시,서초구,반포동,하루,발꼬락,슬슬,주말,러너,여름"
서울러닝,서울 러너스데이 2024 러닝 크루 에티켓 캠페인,"서울 러닝크루 에티켓 캠페인 러닝 에티켓 메세지 입간판 이에 서울시가 건강하고 배려 있는 러닝 문화 조성을 위해 발 벗고 나섰습니다. '7979 서울 러닝크루' 프로그램 운영, '여의나루역 러너스테이션' 개관... ",https://blog.naver.com/nicenet/223665158328,하고,"아침,오전","러너,데이,크루,에티켓,캠페인,크루,에티켓,캠페인,에티켓,메세지,간판,서울시,배려,문화,조성,위해,크루,프로그램,운영,여의나루역"
서울러닝,[펄스온(Pulse on)] EMS트레이닝 (서울시청 러닝 전후 관리),[펄스온(Pulse on)] EMS트레이닝 (서울시청 러닝 전후 관리) [펄스온(Pulse on)] EMS트레이닝 (서울시청 러닝 전후 관리) 1:1 예약제 운동으로 이 공간들이 나만의 공간이다 생각하고 운동을 할 수 있는 펄스온 트레이닝... ,https://blog.naver.com/wbsl5454/224171113197,,시간미상,"펄스,트레이닝,시청,전후,관리,펄스,트레이닝,시청,전후,관리,펄스,트레이닝,시청,전후,관리,약제,공간,공간,펄스,트레이닝"
서울러닝,서울러너스데이 러닝 에티켓 여의도 한강공원 추천,"그리고 제일 중요한 매너있는 서울러너스데이를 즐기기 위한 서울러닝캠페인. 함께 지켜야할 러닝 에티켓도 읽어보았어요. 좁은 길에서는 한줄로, 사진촬영을 할땐 안전하게, 내쓰레기는 내가 가져가기... ",https://blog.naver.com/seolwon72/223664529976,,아침,"러너,데이,에티켓,여의도,한강,제일,매너,러너,데이,캠페인,에티켓,사진촬영,쓰레기,러너,데이,에티켓,여의도,한강,살짝,만큼"
서울러닝,제21회 한강시민 마라톤대회 서울 마라톤 일정 러닝 코스... ,뛰세요~ #보미블로그 #한강시민마라톤대회 #제21회한강시민마라톤 #서울마라톤일정 #한강마라톤 #하프마라톤 #10km달리기 #5km달리기 #겨울마라톤 #러닝축제 #마라톤기념품 #마라톤시상 #서울러닝... ,https://blog.naver.com/qhadldhaus98/223662221573,이벤트광장,"아침,오전","한강,시민,대회,일정,한강,시민,대회,일정,기념품,하프마라톤,겨울,한강,배경,축제,바로,한강,시민,대회,대회,하프마라톤"
서울러닝,2026 DDP 서울러닝엑스포 입장료 무료로 즐기는 국내 첫 러닝... ,✨ 바로 동대문디자인플라자(DDP)에서 진행되는 2026 DDP 서울러닝엑스포인데요! 96년 역사의 서울마라톤과 함께 치러지는 국내 최초의 러닝 전문 박람회라 현장의 에너지가 정말 대단하더라고요.  초보... ,https://blog.naver.com/gil_liver/224216582375,,시간미상,"엑스포,입장료,무료,국내,바로,동대문,디자인,플라자,진행,엑스포,역사,국내,최초,전문,박람회,현장,에너지,정말,초보,작성"
서울러닝,"마라톤 서울 러너스 페스티벌, 여의도에서 열리는 러닝크루의... ",러닝크루'를 뽑는다고 하는만큼 많은 크루들이 참여를 하지 않을까 싶습니다. 그래서 서울 러닝크루들... 전문가들의 '러닝 토크쇼'도 저녁에 열린다고 하네요. 서울 러너스 페스티벌에 대해 더 자세한 정보는... ,https://blog.naver.com/alth2214/223381064838,,"아침,오전,저녁,밤","러너,페스티벌,여의도,크루,크루,크루,참여,크루,전문가,토크쇼,저녁,러너,페스티벌,대해,평소,각종,행사,참여,즐거움,하나"
서울러닝,요언니♂️ “서울 도심이... 정리…러닝 열풍과 스포츠 경제... ,#요언니 #마라톤 #러닝 #서울마라톤 #러닝문화 #러닝트렌드 #마라톤대회 #러닝시장 #스포츠경제 #러닝화 #스포츠브랜드 #러닝크루 #건강라이프 #운동트렌드 #스포츠산업 #요언니포스팅 #러닝라이프... ,https://blog.naver.com/new_angle/224241539959,,시간미상,"언니,도심,정리,열풍,스포츠,경제,언니,요즘,한국,가장,스포츠,하나,바로,문화,주말,전국,곳곳,대회,수도권,수만"
서울러닝,내돈내산 서울러닝클래스 런바디스튜디오 왕초보 러너 6주차,얼굴이 시뻘건 게 아주 토마토가 따로 없었다 ㅋㅋㅋ 다음 주부터는 꼭 화목토 3일 모두 러닝 클래스에 참여할 수 있도록 해야지! 내돈내산 서울러닝클래스 런바디스튜디오 왕초보 러너 6주차 후기 끗! ♀️,https://blog.naver.com/chaesubi/223841302411,,저녁,"클래스,바디,스튜디오,왕초보,러너,주차,얼굴,아주,토마토,다음,화목,모두,클래스,참여,클래스,바디,스튜디오,왕초보,러너,주차"
서울러닝,청계광장 달리기 서울러닝크루 7979 후기,달리기를 시작한 이유도 달리는 방식도 각기 다른 러너와 시민을 위한 서울 베이스 센터 7979 서울러닝크루는 서울시민 누구나 신청 가능한 러닝크루예요. 매주 목요일 7시부터 9시까지 서울 도심 속 야간... ,https://blog.naver.com/godud4132/223551193858,"찍고,권역",밤,"청계,광장,크루,이유,방식,각기,다른,러너,시민,베이스,센터,크루,시민,누구,신청,크루,목요일,도심,야간,여자"
서울러닝,"서울식물원 - 주말 나들이, 서울 러닝 스팟, 서울 산책 코스","겨울 가볼만한 곳, 온실 산책 나이가 먹을수록 자연이 좋다더니 친구들과 서울식물원을 방문하게 됐다. 일단 공원이 겨울에 방문하기에는 다소 황량한 느낌이 있지만 길이 전체적으로 잘 닦여져 있어서 러닝하기... ",https://blog.naver.com/decyeon/224202746696,,시간미상,"식물원,주말,나들이,스팟,산책,겨울,온실,산책,나이,자연,식물원,방문,일단,겨울,방문,다소,황량,느낌,길이,전체"
서울러닝,[서울 광진] 뚝섬한강공원 러닝 코스 추천_퇴사한 시골쥐의... ,앞으로도 서울 곳곳을 제 방식대로 천천히 친해져보려고 합니다 #뚝섬한강공원 #자양역러닝 #한강러닝 #서울러닝코스 #서울산책코스 #잠실대교 #잠실철교 #한강산책 #서울봄나들이 #서울혼자놀기 #서울상경일기... ,https://blog.naver.com/hyuniup_/224262903783,한강공원으로,밤,"광진,뚝섬,한강,퇴사,시골,곳곳,방식,광진,뚝섬,한강,자양역,잠실대교,잠실철교,산책,기분,전환,한강,요즘,정말,도움"
서울러닝,[서울 러닝코스 추천] 한강진... 한강 러닝 코스 / 서이추 환영,"그래서 서울 러닝코스 5km, 10km 코스를 소개해드릴게요 ! 한강 보면서 달리니까 넘 좋더라구요 〰️ 5km... (나만) 그래도 무사히 다시 한강진쪽으로 돌아왔습니다 러닝 초보이신 분들은 재미붙이기... ",https://blog.naver.com/suchae_yeon/224265684478,여기서,"아침,오전","강진,한강,서이추,환영,한강,달리,다시,강진,초보,재미,성창,수연,요즘,날씨,한강,달리,한남역,이촌,한강,잠수교"
서울러닝,2026 서울러닝엑스포 방문후기 DDP 현장 서울마라톤 준비,"ㅋㅋㅋㅋ 이제 드디어 2026 서울마라톤이 시작됩니다. 러닝을 사랑하는 분들이라면 2026 서울러닝엑스포 참여해 보시는 거 어떨까요? 다양한 브랜드, 이벤트, 체험 프로그램까지 러닝의 모든 것을 경험할 수... ",https://blog.naver.com/okgirl27/224216537444,,시간미상,"엑스포,방문,현장,이제,사랑,엑스포,참여,보시,브랜드,이벤트,체험,프로그램,모든,경험,사랑,당일,대한민국,최초,엑스포,엑스포"
서울러닝,가을에 달리기 좋은 서울 러닝코스 추천,"웰라이프 매거진에서 서울 도심 속에서 가볍게 달리기 좋은 러닝코스를 추천해 드릴게요. 추천 러닝코스 1. 노들섬 코스 노들섬은 한강에 위치한 인공섬으로, 섬을 한 바퀴 돌며 한강의 탁 트인 전경을 감상할... ",https://blog.naver.com/wellifeblog/223610091078,"백범광장,백범광장에서",시간미상,"가을,도심,노들섬,노들섬,한강,위치,인공,바퀴,한강,전경,감상,선선,바람,가을,계절,가을,대회,도전,거나,자연"
서울러닝,“서울 한복판에서 10K 트레일러닝?” 한양도성길 남산·낙산... ,https://naver.me/xIFvi2sH https://naver.me/xm0g4tka https://naver.me/Fdo6oPGk #한양도성길 #트레일러닝 #서울트레일러닝 #남산러닝 #낙산러닝 #서울러닝코스 #트레일러닝코스 #서울등산코스 #러너추천코스 #러닝기록,https://blog.naver.com/nan0709/224206572549,남산,시간미상,"복판,트레일,한양도성,남산,낙산,러니윤,희윤,비비드,동영상,팔로워,팔로잉,게시,희윤,비비드,동영상,보기,도심,트레일,한양도성,복판"
서울러닝,내돈내산 서울러닝클래스 런바디스튜디오 왕초보 러너 5주차,"서울러닝클래스 런바디스튜디오 5주차 후기 ♀️ 이번 주 화요일은 일정이 있어서 러닝 수업을 못 나갔고, 목요일만 러닝 클래스에 참여했다. 토요일은 나가려고 했는데 오전에 비바람이 너무 몰아쳐서 수업이... ",https://blog.naver.com/chaesubi/223840796104,,오전,"클래스,바디,스튜디오,왕초보,러너,주차,클래스,바디,스튜디오,주차,화요일,일정,수업,목요일,클래스,참여,토요일,오전,비바람,수업"
서울러닝,서울 러닝 성지 편집샵 온유어마크 아디다스 하이퍼부스트 엣지... ,서울 러닝 성지 편집샵 온유어마크 아디다스 하이퍼부스트 엣지 메달각인 컴프레스포트 어제 칼퇴 기념으로 러너들의 성지 러닝 편집샵 온유어마크 경복궁 다녀왔습니다. 온유어마크 경복궁 서울 종로구... ,https://blog.naver.com/sujinee_r/224229995784,,시간미상,"성지,편집,온유어마크,아디다스,하이퍼,부스트,엣지,성지,편집,온유어마크,아디다스,하이퍼,부스트,엣지,메달,각인,프레,포트,어제,칼퇴"
서울러닝,서울 러닝 코스 여의도 고구마런 후기,"서울에서 편하게 짐 맡기고, 옷 갈아입고, 달린 뒤 샤워까지 한 번에 해결되는 서울 러닝 코스를 찾는... 러닝 코스가 전체적으로 평탄해서 부담을 크게 올리지 않고도 기분 좋게 이어갈 수 있었어요. 출발 전에... ",https://blog.naver.com/feed_pocket/224251023037,"스테이션에서,러너스테이션,풀고,좋게",시간미상,"여의도,고구마,샤워,해결,전체,부담,크게,리지,기분,피드입니,샤워,해결,여의도,고구마,도움,여의나루역,러너,스테이션,여의도,한강"
서울러닝,2026 서울러닝엑스포 jtbc 서울마라톤 위크 코리아엑스포... ,러너들을 설레게 하는 러닝의 관련된 모든 것들을 볼 수 있는 서울러닝엑스포가 서울 최초로 개최됩니다‼️ 외국에서는 상당히 유명한 엑스포 우리나라에선 최초로 열린다고 하네요 드디어... ,https://blog.naver.com/ddomaru/224193609708,,시간미상,"엑스포,코리아,엑스포,러너,관련,모든,엑스포,최초,개최,외국,엑스포,우리나라,최초,러너,관련,모든,엑스포,최초,개최,외국"
서울러닝,내돈내산 서울러닝클래스 런바디스튜디오 왕초보 러너 3개월... ,결론은 진짜 러닝은 배워서 해야한다는 거... 그럼 내돈내산 서울러닝클래스 런바디스튜디오 왕초보 러너의 후기 끗! ♀️ 잘 가르쳐주시는 울 선생님 인스타 ⬇️⬇️⬇️ https://m.instagram.com/nohyuyeon,https://blog.naver.com/chaesubi/223896771846,,오전,"클래스,바디,스튜디오,왕초보,러너,개월,결론,진짜,클래스,바디,스튜디오,왕초보,러너,선생님,인스타,올해,클래스,바디,스튜디오,개월"
서울러닝,서울둘레길 트레일러닝,"26년도에는 등산에 대한 흥미가 조금 줄어 들어서, 트레일러닝을 조금 열심히 해 보려고 합니다. 목표가 없으면 잘 안되는 경향이 있어서 26년도에는 서울둘레길 코스를 완주하면 되겠다는 생각을 해... ",https://blog.naver.com/dicecasts/224185600551,,시간미상,"둘레길,트레일,등산,대한,흥미,조금,트레일,조금,목표,경향,둘레길,완주,주식시장,성과,능력,성과,한해,조금,여기,일부"
서울러닝,실패없는 서울도심 러닝코스 추천 가볍게 뛰기 좋은 곳,한강공원 코스 — 서울 러닝의 클래식 서울에서 러닝을 시작했다면 누구나 한 번쯤은 한강을 달리죠. 한강 러닝의 가장 큰 장점은 단연 평탄한 노면과 탁 트인 시야입니다. 장애물이 없으니 페이스에 집중할... ,https://blog.naver.com/kjcfree1234/224251046603,"서울숲,뚝섬에서,쪽에서,창의문,뚝섬","아침,저녁,밤","실패,도심,한강,클래식,누구,한강,달리,한강,가장,장점,단연,노면,시야,장애물,집중,가장,먼저,문제,러닝머신,금방"
서울러닝,서울 러닝샵 방문 필수 잠실 롯데월드몰 데카트론 드디어 방문... ,다음 서울 여행땐 다른 러닝샵을 또 방문해보려고 해요. 그럼 이상 잠실 롯데월드몰 데카트론 매장 방문 후기였습니다. #서울러닝샵 #잠실데카트론 #롯데월드몰데카트론,https://blog.naver.com/dhoq/223884802049,,시간미상,"방문,필수,잠실,롯데,월드,데카,트론,방문,다음,여행,다른,방문,잠실,롯데,월드,데카,트론,매장,방문,하이루"
서울러닝,서울러닝코스 추천 뚝섬역 서울숲 연남동 효창공원역... ,"서울 러닝 코스 추천: 초보자부터 고급자까지 수준별 완벽 정리 서울 도심 한가운데에서도 상쾌한 러닝을 즐길 수 있다는 사실, 알고 계셨나요? 오늘은 초보자부터 고급자까지 수준별로 러닝하기 좋은 서울의... ",https://blog.naver.com/roh339/223890541798,,"아침,저녁","뚝섬역,서울숲,연남동,효창공원역,초보자,고급,수준별,완벽,정리,도심,한가운데,사실,초보자,고급,수준별,초보자,고급,수준별,완벽,정리"
서울러닝,[서울 러닝코스 추천 6탄]경희대학교 업힐런 러닝 후기,다음 러닝코스 7탄도 기대해주세요 제발~ -서울 러닝 코스 추천 모음- 1.보라매공원 https://m.blog.naver.com/gunbbang930/224179177895 2.서울과기대 https://m.blog.naver.com/gunbbang930/224170353048?isFromSearchAddView=true... ,https://blog.naver.com/gunbbang930/224203215517,,저녁,"경희대학교,업힐런,다음,탄도,기대,제발,모음,보라매,과기대,여러분,삼겹살,데이,바로,모든,학교,입학식,진행,전국,선생님,화이팅"
서울러닝,내돈내산 서울러닝클래스 런바디스튜디오 왕초보 러너 7주차,"서울러닝클래스 런바디스튜디오 7주차 후기 ♀️ 이번 주 러닝클래스는 화, 목, 토 세 번 다 나갔다! 아주 대견하고 뿌듯하다  화요일 저녁 런바디스튜디오 러닝 클래스 지금까지는 5km만 러닝해왔는데... ",https://blog.naver.com/chaesubi/223842590941,,"아침,저녁","클래스,바디,스튜디오,왕초보,러너,주차,클래스,바디,스튜디오,주차,클래스,아주,화요일,저녁,바디,스튜디오,클래스,지금,클래스,바디"
서울러닝,서울 러닝크루 크루고스트 Run for Dog 기부런 5km 달리기,"햇지입니다 :) 누구나 참가할 수 있는 서울 러닝크루 크루고스트에서 4월 20일 런포도그 기부런을... 브룩스러닝양말, 게토레이 음료 참가비 결제 정보 및 신청은 아래 크루고스트 홈페이지에서 확인할 수... ",https://blog.naver.com/allaboutcanada/223832041500,,시간미상,"크루,크루,고스트,누구,참가,크루,크루,고스트,포도,브룩스,양말,게토레이,음료,참가,결제,신청,아래,크루,고스트,홈페이지"
서울러닝,[서울 러닝 코스] 한강 러닝 코스 총정리ㅣ5km·10km 추천 루트,서울식물원 튤립) 반포한강공원 가까운 집 근처에서 러닝 루틴을 만들고 싶다면 서울 지역 하천 러닝 코스를 찾아보세요! 하천 러닝 코스는 아래 글에서 확인할 수 있습니다. ↓↓↓↓↓↓↓↓↓↓↓,https://blog.naver.com/pila_writer/224248867708,"한남,한남역",시간미상,"한강,정리,루트,식물원,튤립,반포,한강,루틴,지역,하천,하천,아래,확인,한강,대표,한강,길이,한강,구성,한강"
서울러닝,키움런 2026 러닝대회 코스 주식추첨 여의도 배리어프리,재밌었던 키움런 내년에도 또가고 싶음 #키움런 #2026키움런 #키움런후기 #키움런주식 #키움런주식종류 #키움런주식당첨 #키움런코스 #여의도러닝 #러닝 #서울러닝 #러닝대회 #러닝행사 #러닝대회후기 #키움런존잼,https://blog.naver.com/xjvm9026/224262435398,"당산,그룹별",시간미상,"키움런,대회,주식,추첨,여의도,배리어프리,키움런,내년,키움런,오리,키움런,선착순,접수,진행,당일,접수,가격,나중,부금,처리"
서울러닝,서울 러닝크루 7979 완벽 가이드 ♂️ 무료 러닝 신청 방법... ,"여러분은 러닝, 혼자 vs 같이 중 어떤 스타일이신가요? 댓글로 알려주세요! [해시태그] #서울러닝크루 #7979러닝 #무료러닝 #서울운동 #야간러닝 #러닝모임 #운동습관 #건강관리 #러닝초보",https://blog.naver.com/sydneynuna/224260088598,,"저녁,밤","크루,완벽,가이드,무료,신청,여러분,스타일,가요,해시태그,요즘,정말,금방,프로그램,바로,크루,무료,참여,일정,꿀팁,크루"
서울러닝,서울 쉬엄쉬엄 모닝 후기｜마포대교 러닝 가족 참여 리얼 후기,cp=1 #쉬엄쉬엄모닝 #마포대교러닝 #서울러닝 #서울러닝코스 #서울러닝프로그램 #한강러닝 #마포대교 #러닝초보 #러닝입문 #가족러닝 #러닝추천 #서울걷기코스 #주말러닝 #서울운동 #블리에이 #러닝후기... ,https://blog.naver.com/velya_/224235548977,,아침,"쉬엄쉬엄,모닝,마포대교,가족,참여,리얼,콘텐츠,프린트,제작,지원,제작,마포대교,쉬엄쉬엄,모닝,평소,늦잠,자고,일요일,아침,조금"
서울러닝,2026 7979 러닝 서울 러닝크루 신청 방법 | 야간 러닝 코스 및... ,"지금 확보하세요!⬇️  7979 서울 런닝크루 신청 바로가기 ️ 7979 러닝 서울 코스 확인하기 2026 7979 서울 러닝크루 핵심 정보 요약 올해는 4월부터 10월까지 매주 목요일 밤, 서울 곳곳이 활기찬 러닝 코스로... ",https://blog.naver.com/hyejin2601/224258661781,,"저녁,밤","크루,신청,야간,지금,확보,런닝,크루,신청,바로가기,확인,크루,핵심,요약,올해,목요일,곳곳이,퇴근,야간,서울시,운영"
서울러닝,샥즈 러닝클럽 모집 서울 한강 러닝 무료 체험 신청 일정 총정리,샥즈 러닝클럽 모집 서울 한강 러닝 무료 체험 신청 일정 총정리 서울 도심에서 진행되는 러닝 체험... 있어 신청 기간 내 참여가 필요합니다. #샥즈 #러닝클럽 #한강러닝 #서울러닝 #무료체험 #러닝모임,https://blog.naver.com/ferrarin_/224261086258,,"아침,오전","샥즈,클럽,모집,한강,무료,체험,신청,일정,정리,샥즈,클럽,모집,한강,무료,체험,신청,일정,정리,도심,진행"
서울러닝,더현대 서울 MIM 러닝 브랜드 팝업 바람막이 모자 후기 이벤트... ,더현대 서울 MIM 팝업은 러닝 입문자분들이나 운동을 라이프스타일로 즐기는 분들께도 부담 없이 구경하기 좋은 팝업이라는 생각이 들었어요. 러닝을 일상 속에서 자연스럽게 즐길 수 있는 문화처럼... ,https://blog.naver.com/qkrwls7510/224165083821,,시간미상,"현대,브랜드,팝업,바람막이,모자,이벤트,현대,팝업,문자,라이프스타일,부담,구경,팝업,일상,자연,문화,현대,팝업,현대,가면"
서울러닝,"포켓몬 30주년! 2026 포켓몬 런 서울, 포켓몬 러닝 접수 예정","2026 포켓몬 런 서울 포켓몬 러닝에 대해 소개합니다. 포켓몬 런 1. 접수 일자 : 26.03.03 오전 9시 2. 대회 일자 : 26.05.05 어린이날! 3. 대회 장소 : 뚝섬 한강 공원 수변무대 4. 참가비, 가격 : 7만 5천 원 5. 집결 시간... ",https://blog.naver.com/bbakk-/224201906584,,"아침,오전,오후,밤","포켓몬,주년,포켓몬,포켓몬,접수,예정,포켓몬,포켓몬,대해,포켓몬,접수,일자,오전,대회,일자,어린이날,대회,장소,뚝섬,한강"
서울러닝,2026 서울러닝엑스포 러닝박람회 DDP행사 주차,"도착하몌 2026 서울러닝엑스포 큐알을 찍고, 등록 후,입장합니다. 쭉 들어가면 화장실도 있어요. ✔️행사장 안에는 아디다스 러닝 체험 부스도 있었어요. 서울마라톤과 연계된 이벤트 공간이라 러닝화와 러닝... ",https://blog.naver.com/helen_life/224218889513,지하철,시간미상,"엑스포,박람회,행사,주차,엑스포,큐알,등록,입장,화장실,행사,아디다스,체험,부스,이벤트,공간,요즘,정말,러버,관심,엑스포"
서울러닝,2026 서울마라톤 러닝엑스포/ 96회 동아마라톤 10km,2026 서울마라톤 러닝엑스포 96회 동아마라톤 10km 커피마시고 사진찍고 놀다오니 딱 엑스포가는... 2026 서울 러닝 엑스포 카스 샥즈 잠스트 등 다양한 회사들이 모여 있는 곳 메달 각인도 난생 처음 받아봤어... ,https://blog.naver.com/ksujeong7/224251579081,"타고,받고",아침,"엑스포,동아마라톤,엑스포,동아마라톤,커피,엑스포,엑스포,카스,샥즈,잠스트,회사,메달,각인,난생,처음,엑스포,동아마라톤,잠실,종합,운동장"
서울러닝,[서울러닝 추천] 고양이런을 그려보자 ! 아디다스 러닝 앱,"반다나 받으려면 아디다스 러닝 앱으로 인증해야해서 어플 꼬옥 깔아서 뛰었담니다 (아디다스 러닝 앱 좋아요)! 제군들이랑 맨날 한강,트랙 뛰고 지하에서 운동하다가 ㅋㅋㅋ 날 좋은날 ! 서울 한복판에서... ",https://blog.naver.com/henhao97/224234036301,,밤,"고양,아디다스,다나,아디다스,인증,어플,아디다스,제군,한강,트랙,지하,복판,성큼,날씨,야호,날씨,다나,다해,아디다스,퍼포먼스"
서울러닝,[2026년 서울 러닝 엑스포] 일반 방문객으로 방문한 후기,"가능) 서울 마라톤과 연계된 행사로 알고 있음! 동대문역사문화공원역 1번 출구로 나와서 서울러닝엑... 테이프, 해외마라톤 여행사, 양말, 오트밀, 관절영양제 등 러닝과 관련된 다양한 부스들이 있었다... ",https://blog.naver.com/happyjjolrang/224216327415,,오전,"엑스포,일반,방문객,방문,가능,행사,동대문역,화공,출구,테이프,해외,여행사,양말,오트밀,관절,양제,관련,부스,칭구,주가"
서울러닝,[서울 러닝 코스 추천 4탄]정릉천-성북천 10km 러닝 후기,-서울 하천 러닝 코스 추천 모음- 1.홍 제 천 https://m.blog.naver.com/gunbbang930/223897230234 2.중 랑 천 https://m.blog.naver.com/gunbbang930/223752011289 3.청 계 천 https://m.blog.naver.com/gunbbang930/224184682897 #서울하천러닝... ,https://blog.naver.com/gunbbang930/224187444720,,시간미상,"정릉천,성북천,하천,모음,요새,진짜,러너,러너,채피,요새,위해,노력,여러분,성북구,성북천,설날,여러분,반성,브이,그냥"
서울러닝,한국 최초 2026 서울러닝엑스포 관련 일정 및 정보 총정리,"관심 있는 분, 그리고 새로운 운동 경험을 찾는 분 모두에게 놓쳐서는 안 될 행사가 될 것입니다. #서울러닝엑스포 #러닝박람회 #서울러닝 #서울마라톤2026 #런닝이벤트 #러닝제품체험 #러닝커뮤니티 #운동문화",https://blog.naver.com/nan0709/224172336117,,"오전,저녁","한국,최초,엑스포,관련,일정,정리,관심,경험,모두,행사,한국,최초,엑스포,관련,일정,정리,러니윤,한국,최초,엑스포"
서울러닝,내돈내산 서울러닝클래스 런바디스튜디오 왕초보 러너 2주차,서울러닝클래스 런바디스튜디오 2주차 후기 ♀️ 저번주에는 신정교에서 러닝 훈련했는데 이번주는 목동 주경기장에서 훈련하게 되었다. 목동 주경기장에는 전국체전을 준비하는 엘리트 선수 청소년들이... ,https://blog.naver.com/chaesubi/223808471571,,아침,"클래스,바디,스튜디오,왕초보,러너,주차,클래스,바디,스튜디오,주차,저번,정교,목동,경기장,목동,경기장,전국체전,엘리트,선수,청소년"
서울러닝,"서울 도심 도로가 주말 아침 러닝 공간으로 바뀌고 있다, 생활형... ",최근 서울에서는 그런 바람에 조금 가까워진 듯한 변화가 보입니다. 서울시가 2026년 3월부터 주말 이른... ee/_must_run #머스트런 #러닝뉴스 #서울러닝 #쉬엄쉬엄모닝 #생활러닝 #러닝문화 #초보러닝 #중장년러닝... ,https://blog.naver.com/isha73/224257778038,,아침,"도심,도로,주말,아침,공간,생활,최근,바람,조금,변화,서울시,주말,라면,조금,조금,조금,공간,최근,바람,조금"
서울러닝,[서울 러닝 코스] 마곡 식물원 → 한강나들목 코스(5km),식물원 서울 러닝 코스로 아주 강추드립니다 한강 나들목 도착! 식물원 입구에서 한강 나들목까지 약... 좋을듯 러닝 끝나고 마시는 오늘의 첫 코히 얼마나 꿀맛이던지 날도 풀렸으니 서울 이곳저곳 다니면서... ,https://blog.naver.com/ju_hyun1031/224225657710,,시간미상,"마곡,식물원,한강,나들목,식물원,아주,강추,한강,나들목,식물원,입구,한강,나들목,얼마나,꿀맛,요즘,시즌,컨디션,바로,마곡"
서울러닝,"[서울 러닝 코스] GPS 아트런... ㅣ서울식물원 러닝, gpx파일... ","마곡 러닝은 서울식물원 러닝이 다였는데요. 마곡 카피바라런은 서울식물원 둘레를 돌면서 마곡 일대를 일주합니다. 더불어 가양동, 발산동까지 범위를 넓혀 동네 탐험에 나설 수 있습니다. 결과물이 생각보다... ",https://blog.naver.com/pila_writer/224267059860,"카피바라런의,마곡나루,마곡나루역,곡나루역에서,에서","아침,오전,오후,저녁","아트,식물원,파일,마곡,식물원,마곡,카피바라,식물원,둘레,마곡,일대,일주,가양동,발산동,범위,동네,탐험,결과물,재미,추구"
서울러닝,[서울러닝 코스 추천 8탄]... 6km 한강러닝 후기[feat.봄 봄 봄],구름이 구름이 층층이 줄지어 러닝하는 느낌 ㅎ.ㅎ 걸어가다 철쭉도 빼꼼 사람들도 중랑천 속으로 빼꼼 우리의 중랑천 공사는 매년 쉬지 않는거 같아요..공사천으로 정정 꽃을 볼려고 러닝을... ,https://blog.naver.com/gunbbang930/224256071230,,시간미상,"한강,구름,구름,층층,느낌,철쭉,빼꼼,중랑천,빼꼼,중랑천,공사,매년,공사,정정,러너,채피,중순,언제,여름,뱃살"
서울러닝,넛셰드X서울 러닝크루 와우산30 피넛버터 러닝데이!,피넛버터로 서울 러닝크루 와우산 30의 러닝을 든든히 지원했는데요. 여름이 채 가시지 않아 여전히... :) 원래 Evie와 Eliza도 와우산30크루와 러닝을 즐기려고 했지만 아일랜드와 달리 덥고 습한 서울의... ,https://blog.naver.com/flahavanskorea/223578845876,,시간미상,"넛셰드,크루,와우산,피넛,버터,데이,피넛버터,크루,와우산,지원,여름,가시,원래,와우산,크루,아일랜드,달리,아일랜드,피넛,버터"
서울러닝,2025 서울 10K 챌린지 서울 마라톤 일정 러닝 코스 10km 달리기,챌린지 서울 마라톤 러닝 코스 대회 코스는 한강을 따라 펼쳐지는 여의도 중심 러닝 루트로 구성됩니다. 도심의 빌딩 뷰와 한강의 경치를 함께 즐길 수 있는 구간입니다. START: 여의도공원... ,https://blog.naver.com/qhadldhaus98/224003164942,"그룹별,챌린지,이동,러너들의","아침,오전","린지,일정,린지,대회,한강,여의도,중심,루트,구성,도심,빌딩,한강,경치,여의도,린지,일정,린지,주최,도심,행사"
서울러닝,[서울식물원 러닝] 4월 튤립 개화 현황 &amp; 러너 카페 할인 꿀팁까지!,#서울식물원 #서울식물원러닝 #서울식물원튤립 #서울봄나들이 #서울러닝코스 #서울산책로추천 #러닝복장 #18도옷차림 #4월운동복 #서울식물원축제 #러닝카페할인 #러닝음료 #오운완 #러닝하는여자#휴일일상... ,https://blog.naver.com/bluelemon_86/224254617394,식물원으로,"오전,저녁","식물원,튤립,개화,현황,러너,카페,할인,꿀팁,휴일,일상,오전,사실,침대,수만,고민,현관문,제일,절로,식물원,날씨"
서울러닝,[러닝] 2026 동아 서울마라톤 10k 완주 소감 &amp; 러닝 엑스포... ,"2026 서울 마라톤 (동아 마라톤) 날짜 : 26. 3. 15 출발 장소 : 광화문 광장(풀코스), 잠실종합운동장(10k)... 러닝에 진심이었구나. 엑스포까지 가다니... 2026 서울 러닝 엑스포 날짜 : 26. 3. 13 ~15 장소 : 동대문 디자인... ",https://blog.naver.com/yeopbi_santa/224218281465,"그럼,그룹,다녀오느라,에서",아침,"동아,완주,소감,엑스포,동아,날짜,장소,광화문,광장,잠실,종합,운동장,진심,엑스포,엑스포,날짜,장소,동대문,디자인,완주"
서울러닝,러닝 유행 트랜드 버터런 8km 달려서 버터 만들기 서울우유... ,재미로 한번 버터런 도전해보시는건 어떠세요~? #버터런 #버터만들기 #러닝유행 #트랜드 #러닝트랜드 #유행따라하기 #생크림만들기 #생크림추천 #서울우유 #서울우유생크림 #러닝코스 #서울러닝 #청계천러닝,https://blog.naver.com/min_ttoni/224206389325,,시간미상,"유행,랜드,버터,버터,만들기,우유,재미,한번,버터,도전,유행,랜드,버터,생크림,버터,만들기,우유,남양,생크림,비교"
서울러닝,서울 러닝 클래스 런콥 여의도지부 후기,"서울 러닝클래스 런콥 10K 코스 마라톤 준비 후기 Copyright ⓒ 2025 뚜기뚜밥. All rights reserved. 본 사진은... 참여 과정 런콥 러닝클래스는 서울에 총 20개 지부가 있어서, 본인이 원하는 가까운 지부에 가서 참석할... ",https://blog.naver.com/ssook_90/223996511195,작년,시간미상,"클래스,런콥,여의도,지부,클래스,런콥,뚜밥,참여,과정,런콥,클래스,지부,본인,지부,참석,클래스,런콥,뚜밥,런콥,클래스"
서울러닝,서울 인기 러닝 코스 어디까지 뛰어봤니? 고구마런부터... ,"요즘 서울 러닝 코스로 인기가 있는 5곳을 찾아서 정리를 해봤다. 여의도 고구마런 여기가 순위권에... 서울 인기 러닝 코스 5곳, 얼마나 가보셨나요? 아직 달려보지 않은 곳은 조만간 달려보고, 기록을 또... ",https://blog.naver.com/heysan_nature/224263049362,"림픽공원에서,올림픽공원,여의나루","아침,오전,저녁,밤","인기,어디,고구마,요즘,인기,정리,여의도,고구마,여기,순위,인기,얼마나,보지,조만간,보고,기록,요즘,인기,어디,혹시"
서울러닝,반포 한강 러닝 후기 웰니스클럽 김단테 UK와 함께한 노을 러닝,웰니스클럽 정보 - 위치: 서울시 강남구 역삼동 623-25 가입문의: 인스타(@modelsanghopark) 유튜브... 노을러닝 #반포한강공원 #운동루틴 #자기관리 #서울러닝 #힐링코스 #역삼운동모임 #강남운동모임 #웰니스라이프... ,https://blog.naver.com/vippsh/224263084359,,시간미상,"반포,한강,니스,클럽,단테,노을,니스,클럽,위치,서울시,강남구,역삼동,가입,문의,인스타,유튜브,노을,반포,한강,니스"
서울러닝,[서울 러닝 코스] 한강 러닝 코스 추천 | 당산역... ,요즘 주말 나의 낙 서울 러닝 명소 찾아다니기 지하철역이랑 바로 이어져서 한강 러닝 할 수 있는... 서울 오면 가장 하고 싶었던 게 한강 러닝인데 너무 만족스러워요 이제 자전거 타기에도 너무 좋은 날... ,https://blog.naver.com/ju_hyun1031/224238803137,"표지판,표지판에서",오전,"한강,당산역,요즘,주말,명소,지하철역,바로,한강,가장,한강,이제,자전거,요즘,주말,명소,지하철역,바로,한강,토요일,바알"
서울러닝,2026 서울러닝엑스포 후기 | DDP 부스 굿즈 사전등록 볼거리... ,"서울미라톤 공식 굿즈 서울러닝엑스포 볼거리 아디다스가 공식 후원사라서 공간이 가장 넓었는데요. 러닝화도 신어볼 수 있고, 런닝복이랑 굿즈들도 있어서 구경하기 좋았어요~ 아디다스 존 에코백... ",https://blog.naver.com/asj0114/224216323366,,저녁,"엑스포,부스,사전,등록,볼거리,미라,공식,엑스포,볼거리,아디다스,공식,후원,사라,공간,가장,신어,런닝복,굿즈들,구경,아디다스"
서울러닝,"2024 서울러너스데이 여의나루역 진행, 러닝에티켓 실천... ","서울시에서는 건강한 러닝 문화 조성을 목적으로 2023년부터 7979 서울 러닝크루 프로그램을 운영해 왔으며, 올해에는 여의나루역에 러너스테이션을 개관하는 등 러닝문화 촉진을 위해서 노력하고 있습니다.... ",https://blog.naver.com/bk32167/223663638412,,오전,"러너,데이,여의나루역,진행,에티켓,실천,서울시,문화,조성,목적,크루,프로그램,운영,올해,여의나루역,러너,스테이션,개관,문화,촉진"
서울러닝,7979 서울러닝크루 마지막 달리기,서울시에서 주최하고 있는 러닝크루라서 진짜 서울러닝크루 라고 할 수 있고 서울시에서 부스를 차릴 수 있어 짐보관도 가능하며 끝나고 간식까지 주는 서울러닝크루 달리기 세션 13주차 때 달린 독립문... ,https://blog.naver.com/godud4132/223246263980,하고,"저녁,밤","크루,마지막,서울시,주최,크루,진짜,크루,서울시,부스,짐보,관도,간식,크루,세션,주차,독립문,주간,대장정,목요일,잠실"
서울러닝,서울 러닝크루 축제! 러너스 페스티벌 현장,"다채로운 러닝 행사는 계속된다 서울시에서는 매주 목요일 서울 러닝명소를 함께 달리는 '7979 서울러닝크루'가 4월 11일부터 시작되었고, 다음달 5월에는 여의나루역에 물품보관함 및 탈의실 등 러닝크루를... ",https://blog.naver.com/nicenet/223424175296,,밤,"크루,축제,러너,페스티벌,현장,행사,계속,서울시,목요일,명소,크루,다음,여의나루역,물품,보관,탈의실,크루,하루,종일,주룩주룩"
서울러닝,2026 서울마라톤 제 96회... 대회코스 그룹배정 서울러닝엑스포,"DDP 전관, 총 350개 부스가 설치되어 러닝에 관련된 모든 것을 볼 수 있는 2026 서울 러닝 엑스포 대회 당일에는 잠실종합운동장에서 DDP까지 셔틀버스도 운영하니 참고하세요. 서울마라톤 참가기념품 2026... ",https://blog.naver.com/yamu1129/224213107534,"그래도,사거리,변경된,모두","새벽,아침,오전,저녁","대회,그룹,배정,엑스포,전관,부스,설치,관련,모든,엑스포,대회,당일,잠실,종합,운동장,셔틀버스,운영,참고,참가,기념품"
서울러닝,서울 한강 러닝 코스 추천 10km 여의도공원... ,소통해요  #한강러닝코스 #서울러닝코스 #10km러닝 #여의도러닝 #러닝코스추천 #한강운동 #러닝일기... 한강10km러닝 #서울스프링페스티벌 #한강나들이 #서울크루즈 #아식스 #노바블라스트후기 #노바블라스트5,https://blog.naver.com/blue_wish_/224253501513,"동작,이제","아침,저녁","한강,여의도,소통,한강,날씨,분명,지금,소매,감기,기온,벚꽃,야외,활동,기분,날씨,한강,얼마나,직접,날씨,퇴근"
서울러닝,2026년 서울국제마라톤 D-7목동운동장 러너킹 장거리 러닝훈... ,러너킹 러닝교육 프로그램 자세히 보기 https://www.runnerking.com/runnerkingrunning #러닝클래스 #서울러닝클래스 #목동러닝클래스 #영등포러닝클래스 #구로러닝클래스 #러너킹 #러닝의찬스 #찬스디오 #서울국제마라... ,https://blog.naver.com/chansdio/224211518259,,"아침,오전","국제,목동운동장,러너,장거리,러너,교육,프로그램,보기,국제,목동운동장,러너,장거리,마지막,페이,스주,찬스,찬스,디오,코치,국제"
서울러닝,2025 815런 서울 마라톤 일정 기념품 접수안내 [러닝],참가신청은 요기 기부만 참여하려면 요기 #마라톤 #러닝 #서울마라톤일정 #815런 #2025815런 #광복절마라톤 #서울마라톤 #버추얼런 #기부런 #잘될거야대한민국 #러닝챌린지,https://blog.naver.com/qhadldhaus98/223912190259,,시간미상,"일정,기념품,접수,안내,참가,신청,요기,기부,참여,요기,일정,기념품,접수,안내,중순,매년,대회,기록,경쟁,대규모"
서울러닝,"2026 서울유아차런 신청 방법과 러닝 꿀팁(위치,주차)","2026 서울유아차런은, ♂️ 소개 서울특별시에서 주최하는 온 가족 유아차 러닝으로, 서울 도심을 유아차런으로 달리며 즐길 수 있는 특별한 러닝  코스 (출발) 광화문광장 (도착) 여의도공원 (길이 ) 약 8km... ",https://blog.naver.com/carenamnam/224209839296,"유아차런,광화문,광화문에서,이렇게,유아차런에서",시간미상,"유아차,신청,꿀팁,위치,주차,유아차,서울특별시,주최,가족,유아차,도심,유아차,달리,광화문,광장,여의도,길이,인기,생활,스포츠"
서울러닝,[서울 러닝 코스 추천 7탄]... 받고 8km 러닝 후기[feat.첵스 초코],보라매공원 러닝 https://m.blog.naver.com/gunbbang930/224179177895 #러닝후기 #러닝 #서울러닝코스 #서울런 #다이어트 #마라톤준비 #마라톤 #행복 #사랑 #채피니스 #성북천 #러너 #뛰기 #걷기 #러너스하이,https://blog.naver.com/gunbbang930/224213868016,시점,밤,"첵스,초코,보라매,국내,여행,러너,채피,여름,일본,여행,마음,신청,여권,발급,당장,꾸욱,참고,마음,북구청,성북천"
서울러닝,"[서울경제TV - 지금, 명의] 러닝 열풍 속 발 통증 급증…발... ","임상강사 서울시 체육회/장애인체육회 자문의 대한족부족관절학회 정회원 러닝 열풍, 발에 무리가 가는 경우는? 러닝 시 발에 가해지는 하중은 걸을 때보다 3~5배 정도 높아져 반복적인 구조적 손상을 유발할 수... ",https://blog.naver.com/senplus1/224266404274,,시간미상,"경제,지금,명의,열풍,통증,급증,강사,서울시,체육회,장애인체육,자문,한족,부족,관절,학회,회원,열풍,무리,경우,가해"
서울러닝,2026 서울 동아 마라톤 일정 러닝 멤버십 운영,앞으로 멤버십 운영을 어떻게 할지 궁금해집니다. #서울동아마라톤 #2026서울마라톤 #동아마라톤멤버십 #서울마라톤정보 #마라톤대회 #러닝라이프 #서울마라톤일정 #러닝,https://blog.naver.com/qhadldhaus98/224126862898,"실종합운동장,광화문광장,화문광장에서,합운동장에서","아침,오전","동아,일정,멤버십,운영,멤버십,운영,동아,일정,멤버십,운영,일정,순차,공개,러너,사이,다시,대한,관심,일정,공개"
서울러닝,[서울 동대문] 사람 어마무시하게 많은 - 서울 러닝엑스포 2026,"입장하러 가는 내부에는 #서울마라톤2026 공식 기념품을 판매하고 있었어요. #2026서울러닝엑스포... 서울마이소울샵은 사람이 별로 없더라고요. #타비오 일본 러닝양말인데, 발가락으로 되어있어서 통풍잘되고... ",https://blog.naver.com/cpfl8464/224216377379,,시간미상,"동대문,어마,무시,엑스포,입장,내부,공식,기념품,판매,마이,소울,별로,일본,양말,발가락,통풍,일기,소식,부랴부랴,방문"
서울러닝,2026 서울마라톤 굿즈 | 서울러닝엑스포 공식 기념품 라인업... ,"러너라면 한번 들러볼 서울 러닝 엑스포 서울마라톤 참가자라면 대회 전 엑스포를 방문하는 것도 하나의 재미입니다. 신발, 러닝 브랜드, 굿즈까지 다양한 러닝 아이템을 한 번에 볼 수 있기... ",https://blog.naver.com/chipmunk_camp/224213354490,,시간미상,"엑스포,공식,기념품,라인업,러너,라면,한번,엑스포,참가자,라면,대회,엑스포,방문,하나,재미,브랜드,굿즈,아이템,출처,엑스포"
서울러닝,'걷기 딱 좋은 날씨네'…서울 곳곳 러닝 프로그램 풍성! 지금... ,"추천 해시태그 #서울걷기, #서울러닝프로그램, #남산걷기챌린지, #중구러닝교실, #서초구슬로우조깅, #동대문구시간여행, #걷기실천율, #서울산책코스, #운동하는여자, #운동하는남자, #오운완, #건강관리... ",https://blog.naver.com/hiboom/224259424768,,아침,"걷기,날씨,곳곳,프로그램,지금,해시태그,날씨,진짜,실화,창밖,엉덩이,요즘,요즘,아침,산책,길거리,크루,정말,서울시,곳곳"
서울러닝,2026 서울러닝엑스포_흥둥이샘과 처음 만나다,#사짱의늦은일상기록 #서울러닝엑스포 #사짱의슬기로운2026 #흥둥이홈트 #아디다스러닝복사고싶어... 2026년 3월 14일 화이트데이에 서울에 갔다. 동대문역사공원의 DDP에서 서울러닝엑스포를 하는데... ,https://blog.naver.com/mikabae/224228716691,,"아침,오전,오후","엑스포,둥이,처음,화이트데이,동대문역,엑스포,린지,린지,자발,성향,점심,틈새,스쿼트,푸시업,혈당,노력,중이,화이트데이,동대문역,엑스포"
서울러닝,러닝 무릎보호대 잠스트 X 2026 서울러닝엑스포 꼭가야죠,국내에서 가장 큰 행사이자 96년 전통을 가진 서울마라톤이 대한민국 최초의 러닝 엑스포를 개최한다고 하는데요. 2026 서울 마라톤 일정인 3월 15일 일요일에 맞춰 서울 러닝 엑스포 역시 3월 13일(금) ~ 3월... ,https://blog.naver.com/hyoiing/224204336098,,저녁,"무릎,보호대,잠스트,엑스포,가야,국내,가장,행사,이자,전통,대한민국,최초,엑스포,개최,일정,일요일,엑스포,역시,무릎,보호대"
서울러닝,[서울 러닝 코스 추천 2탄] 보라매공원 약 6.2km  우중런 후기,서울에 있는 러닝 코스라면 다 가고 싶은 서울 러닝 러버..러닝보다 러닝 장소 구경버라는..ㅋㅋㅋㅋ 오늘은 서울의 3대 공원인.. 3대 공원이란..보라매 어린이대공원 올림픽입니다 네!!제가 만든... ,https://blog.naver.com/gunbbang930/224179177895,신대방,"오후,저녁","보라매,우중,라면,러버,장소,보라매,어린이,올림픽,채피,니스,라면,러버,장소,보라매,어린이,올림픽,거구,보라매로,보라매,출신"
서울러닝,서울 러닝 용품 편집샵 추천 37 디그리스 매장 자양점 ft.... ,37 디그리스 러닝 자양점 바로 옆에 있어서 뚝섬한강공원에서 러닝하고 러닝용품 구경하고 맥주까지 마셔주는 서울러닝코스로도 추천드리면서 포스팅 마치겠습니다. 클릭 후 팬하기 눌러주세요 다양한... ,https://blog.naver.com/hhyejjin0810/223849716173,,시간미상,"용품,편집,디그,리스,매장,자양,디그,리스,자양,바로,뚝섬,한강,용품,구경,맥주,플루,제로,요즘,제일,취미"
서울러닝,"2026더레이스 서울21km하프마라톤,10km러닝 대회 총정리... ","이번 포스팅에서는2026 더레이스 서울21K 대회일시, 장소, 참가비, 기념품, 참가 자격, 환불 규정, 기록 측정, 물품보관소, 교통통제 시간, 코스 변경 사항까지 한 번에 정리해보겠습니다.서울 봄 러닝... ",https://blog.naver.com/4168174/224233254457,"참가자,운영,광화문광장,화문광장에서,이동,에서","아침,오전","레이스,하프마라톤,대회,정리,레이스,대회,일시,장소,참가,기념품,참가,자격,환불,규정,기록,측정,물품,보관,교통,통제"
서울러닝,7979 서울러닝크루 달리기 23회차,서울시에서 생활체육프로그램을 운영하면서 매주 목요일마다 시민들과 함께 달릴 수 있게 되었어요.... 시원한 물과 간식도 나눠주는데 이 모든 것이 공짜- 놀러오세요 7979 서울러닝크루 #운동하는여자 #러닝해영,https://blog.naver.com/godud4132/223221958772,,시간미상,"크루,서울시,생활,체육,프로그램,운영,목요일,시민,간식,모든,공짜,크루,관심,라면,누구,참여,초보자,경험,처음,도전"
서울러닝,"키움런 2026 여의도 한강 러닝, 대회 전날 준비 및 추천할만한지?",나는 뉴발란스 앱과 이앱만 러닝 앱테크로 활용중일정도로 지금이 가장 혜택이 좋다. 서울마라톤 2026... #키움런2026 #여의도마라톤 #한강러닝 #10km #5km #러닝대회 #마라톤준비 #러닝팁 #봄마라톤 #서울러닝... ,https://blog.naver.com/realpsg/224256276422,"핵심은,간격으로,공통적으로는","아침,오전","키움런,여의도,한강,대회,전날,한지,뉴발란스,테크,활용,지금,가장,혜택,매달,재테크,뉴발란스,러너,라면,교보,문고,티머니"
서울러닝,여름 한강 러닝 여행. 서울 야경 잠실한강공원 - 잠실철교... ,잠실대교러닝 #러닝여행 #서울러닝여행 #서울러닝코스추천 #서울러닝코스 #여름한강러닝 #서울여행 #국내여행 #러닝여행 #야경여행 #잠실한강공원 #잠실한강공원주차장 #잠실철교야경 #잠실한강야경,https://blog.naver.com/habibi__/223535360661,잠실한강공원,"저녁,밤","여름,한강,여행,야경,잠실,한강,잠실철교,잠실대교,가장,매력,장소,꼽으라,한강,퇴근,한강,잠실,한강,잠실철교,잠실철교,왕복"
서울러닝,[서울 러닝코스 추천 5탄]중랑천 월릉교-장안교 9km 러닝  후기,#중랑천러닝 #러너 #마라톤준비 #마라톤 #러닝 #다이어트 #중랑천 #행복 #사랑 #뛰기 #걷기 #기안84 #나혼자산다 서울 러닝 코스 추천 시리즈 1.서 울 과 기 대 https://m.blog.naver.com/gunbbang930/224170353048 2.보 라 매... ,https://blog.naver.com/gunbbang930/224195903849,,"아침,오전,저녁","중랑천,월릉교,장안,시리즈,먹방,러너,채피,항상,동네,태릉입구역,월릉교,리릭,저녁,가면,지옥,감수,여러분,월릉교,출구,전철"
서울러닝,2026 서울러닝 엑스포  대한민국 최초라서 아쉬움이 매우 큰... ,"오늘까지 총 3일간 열렸던, 대한민국 최초의 마라톤 엑스포 [서울 러닝 엑스포] 달리기에 진심이 되버린... 러닝 엑스포인데 일단 방문객이 많지 않음. 마지막날이라서 그런가?? 싶다가도, 아니 오늘!!!! 서울마라톤... ",https://blog.naver.com/bambb1031/224217461856,,오전,"엑스포,대한민국,최초,아쉬움,매우,대한민국,최초,엑스포,엑스포,진심,엑스포,일단,방문객,마지막,런가,대한민국,최초,엑스포,엑스포,진심"
서울러닝,서울 한강 무료 러닝! 샥즈 러닝클럽 모집 일정 및 신청 방법... ,[태그 추천] #샥즈 #Shokz #샥즈러닝클럽 #한강러닝 #서울러닝모임 #무료러닝 #러닝이벤트 #오운완 #러닝크루모집 #여의도한강공원 #잠실한강공원 #더현대서울 #롯데백화점잠실점 #러닝입문 #스포츠행사... ,https://blog.naver.com/ch5rich/224261636756,,"아침,오전","한강,무료,샥즈,클럽,모집,일정,신청,태그,도심,한강,기회,샥즈,클럽,참가자,모집,프리미엄,스포츠,이어폰,브랜드,샥즈"
서울러닝,연예인들이 아침마다 모인다는 서울 연예인 러닝 성지 5곳,"② 스타들의 발자취가 가득한 서울 러닝 코스 TOP 5 V 1. 반포 한강공원 ~ 잠수교 코스 가장 대표적인 서울 연예인 러닝 성지 중 하나로, 가수 션 님이 자주 출몰하는 것으로 유명한 곳이에요. 특히 잠수교는 평지... ",https://blog.naver.com/upgrade_daily/224251891093,,"새벽,아침,저녁,밤","연예인,아침,연예인,성지,스타,발자취,반포,한강,잠수교,가장,대표,연예인,성지,하나로,가수,자주,출몰,잠수교,평지,요즘"
서울러닝,[서울 러닝 코스] 잠수교 러닝코스 추천｜잠원한강공원 7km... ,"특히 잠수교는 서울에서 러닝을 한다면 한 번쯤은 꼭 경험해 봐야 하는 구간입니다. 막상 뛰어보면 왜 많은 러너들이 잠수교를 찾는지 바로 이해가 되는 곳이기도 합니다. 서울 러닝 필수 코스, 잠수교 러닝... ",https://blog.naver.com/pila_writer/224262975913,"한남,에서",밤,"잠수교,한강,잠수교,경험,막상,어보,러너,잠수교,바로,이해,필수,잠수교,정말,한남역,잠수교,한강,루트,반포,한강,강바람"
서울러닝,서울 러닝코스 과기대 트랙 깔끔하게 1시간에 10km,#서울러닝코스 #서울과기대트랙 16시 56분 소나기가 내린 직후라 트랙이 조금 젖어있고 공기는 살짝... 깔끔하게 러닝을 마친다 ㅎㅎ 간만에 10km를 뛰었는데 역시나 쉽지는 않다 땀도 많이 나고 수분도... ,https://blog.naver.com/layups/223564714467,,오전,"과기대,트랙,소나기,직후,트랙,조금,공기,살짝,간만,역시,수분,날씨,갑자기,소나기,동안,버스,타고,과기대,목표,치인"
서울러닝,2026 서울러닝엑스포 사전등록... 꼭 가봐야 할 러닝 행사,"출처 : 서울엑스포 인스타그램 2026년 서울에서 러너들을 위한 특별한 행사가 열립니다. 바로 서울러닝엑스포(Seoul Running Expo) 입니다. 대한민국 최초로 열리는 마라톤 전문 엑스포로 러닝 브랜드, 장비... ",https://blog.naver.com/chipmunk_camp/224214644322,,시간미상,"엑스포,사전,등록,행사,출처,엑스포,인스타그램,러너,행사,바로,엑스포,대한민국,최초,전문,엑스포로,브랜드,장비,출처,엑스포,인스타그램"
서울러닝,2026 서울 러닝엑스포 ddp 전시 다녀옴!,"2026 서울 러닝엑스포 입니다 -행사소개- 요새 주위를 보면 러너분들이 무척이나 많은데요! 관련 용품들... 그리고 서울에서 큰 마라톤행사가 열리다보니 끝나고오시거나, 뛰러오시는 분들이 겸사겸사... ",https://blog.naver.com/qkrrudwls754/224216956418,,"아침,오전,저녁","엑스포,전시,엑스포,행사,요새,주위,러너,무척,관련,용품,행사,리다,오시,겸사겸사,남편,런닝,사랑,얼마,어디,자꾸"
서울러닝,"러닝일지 2개, 한강런, 심야 트레드밀 3km TT, 서울 동아... ",서울 동아 마라톤 10K D-10 #러닝 #러너 #달리기 #오운완 #운동하는남자 #운동하는여자 #run #running... 자기계발 #트레드밀 #갓생살기 #한강러닝 #뚝섬유원지 #뚝섬러닝 #한강런 #러닝코스추천 #서울러닝 #서이추,https://blog.naver.com/lsjun8484/224206025557,,"새벽,오전","일지,한강,심야,트레드밀,동아,동아,자기계발,오전,한강,제법,부쩍,공기,첫걸음,발자국,절대,다짐,정해진,완주,자신,발견"
서울러닝,"더현대서울 러닝클럽 직접 가보고 싶은 이유, 여의도 러닝 성지... ","이런 분위기 속에서 더현대서울이 러닝 판을 제대로 키우기 시작했다는 소식이 꽤 반갑게 느껴졌어요. 그냥 운동복 몇 벌 파는 스포츠 매장이 아니라, 아예 러너들을 위한 체험형 공간을 만들었다는 점이... ",https://blog.naver.com/kth4828/224225272988,"측정,분석","아침,저녁","현대,클럽,직접,이유,여의도,성지,분위기,현대,제대로,소식,그냥,운동복,스포츠,매장,아예,러너,체험,공간,라면,그냥"
서울러닝,우먼카인드 피트니스/서울 봄 러닝 추천 코스/발산역 헬스장,좋은서울 러닝 명소 10곳을 소개해드릴게요~ 러닝 하실 생각 있으신 분들은 보시고 메모해두세용^^♥ 1.... 서울숲 도심 속 자연을 제대로 느낄 수 있는 대표적인 러닝 장소입니다. 나무가 많아 공기가 쾌적하고... ,https://blog.naver.com/womankind1/224228627341,,밤,"우먼,카인,피트니스,발산역,헬스장,명소,보시,메모,세용,서울숲,도심,자연,제대로,대표,장소,나무,공기,요즘,정말,기온"
서울러닝,서울 한강 러닝 코스 추천 | 양화한강공원 마포대교 여의도... ,서울 한강 러닝 코스 추천 4 : 양화한강공원 - 여의도한강공원 - 마포대교 7.5km 후기 2026. 4. 17 (금) 저녁 달리기 안녕하세요 ! 오랜만에 온 기분이네요..ㅎㅎ 지난 포스팅에 이어서 오늘은 새로운 서울 러닝 코스를... ,https://blog.naver.com/mychsworld/224262707423,"마포대교,마포대교에서",저녁,"한강,양화,한강,마포대교,여의도,한강,양화,한강,여의도,한강,마포대교,저녁,기분,한강,양화,한강,여의도,한강,마포대교,저녁"
서울러닝,올리브영 산리오 마라톤 큐티런 티켓 서울 마라톤 일정 [러닝],"올리브영 산리오 마라톤 큐티런 티켓 서울 마라톤 일정 [러닝] 서울이 핑크빛으로 물드는 날이 다가오고 있습니다. 헬로키티, 마이멜로디, 시나모롤, 폼폼푸린… 이름만 들어도 심장이 몽글해지는 산리오... ",https://blog.naver.com/qhadldhaus98/223925746184,,오전,"올리브영,산리오,큐티런,티켓,일정,올리브영,산리오,큐티런,티켓,일정,핑크,헬로키티,마이,멜로디,시나,폼폼,푸린,이름,심장,산리오"
서울러닝,서울 바르다런 야외 러닝 원데이클래스 I 통증없는 달리기 소수... ,달리기클래스 #서울달리기교육 #서울러닝교육 #서울러닝클래스 #러닝원데이클래스 #원데이러닝클래스 #서울달리기클래스 #야간러닝 #달리기무릎통증 #9월러닝클래스 #달리기는과학이다 #사내러닝클래스... ,https://blog.naver.com/doseonsaeng/224260892279,,"오전,밤","야외,원데이,클래스,통증,소수,클래스,그동안,러너,가장,말씀,실내,진행,통증,분석,이론,수업,직접,요청,여러분,관심"
서울러닝,서울 러닝코스 추천 사당역부터 예술의전당까지,서울 러닝 코스로 사당역 예술의전당 코스에서 얼마 없는 평지코스다. 잠깐이지만 몸이 회복되는 구간이다. 오랜만에 보는 서울 둘레길 팻말. 작년에 둘레길 다 돌고 벌써 1년이 돼버렸다. 잠깐의 평지 길을... ,https://blog.naver.com/1manbo/224061568919,사당,시간미상,"사당역,예술의전당,사당역,예술의전당,얼마,평지,잠깐,회복,둘레길,팻말,작년,둘레길,벌써,잠깐,평지,사당역,예술의전당,무릎,부상,상태"
서울러닝,서울 근교 목감천 벚꽃 개화 현황 벚꽃 러닝 후기,"목감천 벚꽃 러닝 서울은 이미 벚꽃이 진 곳이 많은데, 이쪽은 아직까지 벚꽃이 예쁘게 남아있었어요! 특히 너부대교~ 광명교 구간이 가장 예쁘게 활짝 피어 있었습니다. 초반에는 벚꽃을 보면서 달리다가 점점... ",https://blog.naver.com/easyutopia/224244500458,너부대교,시간미상,"근교,목감천,벚꽃,개화,현황,벚꽃,목감천,벚꽃,벚꽃,벚꽃,부대,광명,가장,활짝,피어,초반,벚꽃,점점,자연,힐링"
서울러닝,[서울 러닝]여의도 한강 공원 벗꽃 구경 런,Hi~ 이번에 서울 러닝 여의도 한강 공원 벗꽃 구경 런 올려보겠음! [여의도 고구마] 이번에는 벚꽃 구경하면서 여의도 고구마 약8KM코스 러닝하기로 함. 이제 4월 시원하게 될수 있는 계절 얼마 안남았따요ㅋㅋ... ,https://blog.naver.com/jackie341174/224241544634,여의도,오후,"여의도,한강,벗꽃,구경,여의도,한강,벗꽃,구경,여의도,고구마,벚꽃,구경,여의도,고구마,이제,계절,얼마,여의도,한강,벗꽃"
서울러닝,서울 러닝클래스 추천 노스페이스 트레일 러닝클럽 마스터... ,목차 노스페이스 매장 소개 트레일 러닝 클래스 소개 브랜드에서 여는 러닝 클래스 노스페이스 트레일 러닝 클래스 노스페이스 매장 소개 도봉산 챌린지점  서울 도봉구 도봉산길 77 *도봉산역 1번출구... ,https://blog.naver.com/hhyejjin0810/223873953305,,시간미상,"클래스,노스페이스,트레일,클럽,마스터,목차,노스페이스,매장,트레일,클래스,브랜드,클래스,노스페이스,트레일,클래스,노스페이스,매장,도봉산,지점,도봉구"
서울러닝,우리나라 첫 러닝 엑스포 2026년 DDP 서울 러닝 엑스포 방문... ,첫 러닝 엑스포가 열렸다! 3월 13일부터 15일까지 DDP에서 진행된 2026년 #서울러닝엑스포 에 나는 14일 토요일에 다녀왔다. #2026서울마라톤 을 기념해서 열린 첫 행사라 그런지 입구부터 설렘 가득한 분위기였다!... ,https://blog.naver.com/gomjung912/224218327503,,시간미상,"우리나라,엑스포,엑스포,방문,엑스포,진행,토요일,기념,행사,입구,분위기,엑스포,현장,아디다스,잠스트,샥즈,카스,부스,브랜드,부스"
서울러닝,♂️ 2026 서울러닝엑스포 후기 | 국내 최초 러닝... ,"2026 서울러닝엑스포란? 이번 엑스포는 국내 최초이자 최대 규모의 러닝 박람회로, 서울마라톤 공식 엑스포로 기획되었습니다. 장소는 서울 동대문디자인플라자(DDP) 전관이었고, 3일간 무려 6만 명 이상이... ",https://blog.naver.com/hyeonholic_7/224217492796,어패럴,시간미상,"엑스포,국내,최초,엑스포,엑스포,국내,최초,이자,최대,규모,박람회,공식,엑스포로,기획,장소,동대문,디자인,플라자,전관,무려"
서울러닝,2025 스포츠서울 하프마라톤 도심형 러닝 페스티벌 일정 코스... ,"초보러너, 러닝고수까지 러닝 좋아하시는 분들은 서울에서 러닝페스티벌 참여하고 기념품까지 챙겨보세요. 자세한 대회 소식은 홈페이지통해서 확인가능합니다.",https://blog.naver.com/h_ana_24/224016084670,"광장,각자의","아침,오전","스포츠서울,하프마라톤,도심,페스티벌,일정,초보,러너,고수,페스티벌,참여,기념품,대회,소식,홈페이지,통해,확인,스포츠서울,하프,스포츠서울,창간"
서울러닝,7979 서울 러닝크루 참가 후기 (WEEK12 7979SRC 여의도),"7979 러닝 크루라고 서울시에 주관하는 러닝 크루인데, 그냥 동마클럽 홈페이지에서 신청만 하면... 7979 서울 러닝크루 나는 여의도로 신청을 했는데, 하필이면 제일 긴 코스에 당첨이 되었다. 코스는... ",https://blog.naver.com/lari8902/223494850222,여의도,"오전,저녁,밤","크루,참가,여의도,크루,서울시,주관,크루,그냥,클럽,홈페이지,신청,크루,여의도,신청,하필,이면,제일,당첨,이야기,이후"
서울러닝,2026 서울 러닝 엑스포 방문 후기 : 우리 나라 최초의 러닝... ,바로 서울마라톤 유니폼을 입은 곰돌이를 발견할 수 있습니다. 곰돌이 옆에 위치한 서울 러닝... 서울마라톤 한정 러닝화와 의류뿐만 아니라 일반 아디다스 의류도 구매할 수 있게 되어있었습니다.... ,https://blog.naver.com/angei1006/224215698340,역사문화공원,시간미상,"엑스포,방문,나라,최초,바로,유니폼,곰돌이,발견,곰돌이,위치,한정,의류,일반,아디다스,의류,구매,백도,우리나라,최초,엑스포"
서울러닝,"서울 2025 직관, 응원  Race Seoul 21K #마라톤 #스톤러닝... ",si=fPKLrRsNrKy239bG #더서울레이스 #하프마라톤 #러닝 #러너 #러닝크루 #마라톤대회 #서울러닝 #러닝스타그램 #마라톤준비 #러닝일기 #벚꽃런 #봄러닝 #4월의기록 #봄마라톤 #벚꽃시즌 #봄바람... ,https://blog.naver.com/joekang/223823821061,저도,아침,"직관,응원,아침,날씨,회사,동료,직장,동료,레이스,대회,아침,응원,포인트,동대문,포인트,바로,청계천,청계천,황학동,인근"
서울러닝,"2026 하트시그널 러닝페스타, 문화비축기지 10km 코스부터... ",#하트시그널러닝페스타 #2026하트시그널러닝페스타 #서울러닝대회 #서울10km대회 #문화비축기지 #문화비축기지러닝 #마포러닝 #월드컵경기장역 #러닝대회추천 #10km러닝 #서울마라톤 #봄러닝대회 #러닝이벤트... ,https://blog.naver.com/h5980256/224249942338,"문화비축기지,비축기지에서",시간미상,"하트,시그널,페스,문화,비축,기지,대회,하나,요즘,진짜,가끔,예전,그냥,이야기,이제,분위기,이벤트,대회,세상,하트"
서울러닝,4월 러닝 기록 - 성동구 중랑천 4km 러닝코스 (성수대교 왕복... ,러닝보다 봄꽃 풍경이 더 오래 기억에 남는 4월 러닝   용비쉼터정원 튤립꽃길 보기 #초보러닝 #중랑천러닝 #성수대교러닝 #응봉동러닝 #서울러닝코스 #4월러닝 #운동기록 #아침러닝 #중랑천산책 #건강습관... ,https://blog.naver.com/iamfree-/224253626428,"크닉정원에서,천피크닉정원","아침,오전,저녁","기록,성동구,중랑천,성수대교,왕복,봄꽃,풍경,기억,용비,정원,튤립,꽃길,보기,연습,중랑천,로그,중랑천,피크닉,정원,중랑천"
서울러닝,10K 챌린지 서울 러닝 대회 YOUR BEST 10K 션과 함께 10km... ,10K 챌린지 서울 러닝 대회 가을바람이 선선해지는 이때~ &quot;10K 챌린지 서울&quot; 러닝 대회가 열리는데요. 오후 4시에 출발해 서강대교를 건너며 노을이 물드는 한강 풍경을 그대로 만날 수 있는 10km 달리기... ,https://blog.naver.com/00dkfmal/223996891049,"국회의사당,코스와,여의도공원을,여의도공원,오후,시에","아침,오전,저녁","린지,대회,린지,대회,가을,바람,린지,대회,오후,서강대교,노을,한강,풍경,그대로,만날,린지,대회,가을,바람,린지"
서울러닝,서울 러닝크루 빠삐용 런 클럽... 한남-이태원역-한남역 러닝... ,매장도 아주 힙하고 귀여워요 인스타에 올릴 사진 백만장 남겨주심 ...ㅠㅠ♥ 함께 오전에 러닝도 하고 맛있는 아사이볼 먹으며 대화도 나누고 덕분에 토요일 오전이 넘 즐거웠어요 -! 이렇게 서울 런 클럽... ,https://blog.naver.com/cofls525w/224260759349,한남,오전,"크루,빠삐용,클럽,한남,이태원역,한남역,매장,아주,인스타,만장,주심,오전,아사,대화,덕분,토요일,오전,클럽,린린,요즘"
서울러닝,7979 서울 어반 러닝크루(SURC) 2주차,"ㅋㅋ 다음에 또 만나요,~ #룰루레몬런 #7979SURC #7979서울러닝크루 #찐서울크루 #SURCDAY #서울시 #동마클럽 #러닝크루 #시티런 #달리기 #러너 #7979seoulurbanrunningcrew #seoulrunningclub... ",https://blog.naver.com/elfishness/223090642935,,시간미상,"어반,크루,주차,다음,접수,플랫폼,클럽,국민,스포츠,미세먼지,세션,참가,위해,광화문,발걸음,허겁지겁,어쩜,저리,세종대왕,하나"
서울러닝,러닝하면서 커피 할인까지? 서울 러닝 커피 혜택 알아보기,오늘은 특이한 이벤트 러닝하면서 커피값도 할인 할 수 있는 서울 커피집을 소개드릴까해요. 러닝 인증하면 음료 20퍼 할인!! 카페 휴일 월요일은 제외 휴무날을 잘 체크하셔서 방문하시길 바랍니다.... ,https://blog.naver.com/buriburi1019/224248244971,,시간미상,"커피,할인,커피,혜택,이벤트,커피,할인,커피집,인증,음료,할인,카페,휴일,월요일,제외,휴무,체크,방문,출처,이벤트"
서울러닝,[2026 서울마라톤] 출발 시간 변경 공지 &amp; 역대급 '서울러닝엑... ,#2026서울마라톤 #서울마라톤 #동아마라톤 #동마 #서울러닝엑스포 #DDP #러닝엑스포 #마라톤출발시간 #오전7시30분 #러닝 #러너 #마라톤준비 #오운완 #러닝스타그램 #풀코스 #10K #광화문광장 #잠실종합운동장... ,https://blog.naver.com/musma_run/224178787401,"서울마라톤,특히,빨라진,광화문을,서울마라톤의","아침,오전","변경,공지,역대,전국,러너,여러분,동아마라톤,참가자,여러분,러너,명절,시즌,올해,평소,다른,아주,소식,정리,전격,변경"
서울러닝,서울 러닝엑스포♀️♂️,양말도 잔뜩 받았어요. 뒤꿈치가 이쁜 양말도 받았어요 무료입장인데 혜택이 너무 많아서 기분이 좋았습니다 #서울러닝엑스포 #런린이 #러닝 #무료이벤트 #무료증정 Love Spark 노래오왠 (O.WHEN)2026.03.14.,https://blog.naver.com/erange11/224218318056,,시간미상,"엑스포,양말,잔뜩,뒤꿈치,양말,무료,입장,혜택,기분,노래,엑스포,슬슬,다시,시즌,이벤트,자세,분석,룰렛,이벤트,참여"
서울러닝,서울 러닝 코스만 뛴 2025년 러닝 결산,서울 러닝 코스만 뛴 2025년 러닝결산 웨이트만 하던 내가 나름 2025년 한해동안은 운동을 서울 러닝... 그러다 발견한 서울 사당역 러닝 코스 사당역부터 서초쪽으로 신호등이 하나도 없다..? 신기한일일세..... ,https://blog.naver.com/1manbo/224159099407,강변,"새벽,오전,저녁","결산,결산,웨이트,나름,한해,동안,발견,사당역,사당역,서초,신호등,하나,일일,결산,웨이트,나름,한해,동안,위주,사실"
서울러닝,2026 서울러닝엑스포 동아마라톤 전에 동대문ddp가서 둘러본... ,2026서울 동아마라톤 날짜는 3월 15일이고 엑스포는 3월13일-15일까지 연답니다 저는 금요일 첫날에... 아디다스 부스를 지나 메인부스로 가보기로~ 가는길에 이렇게 러닝클래스가 있더라구요 사실 이거 레저디... ,https://blog.naver.com/dnjs1067/224215653621,종합운동장,저녁,"엑스포,동아마라톤,동대문,동아마라톤,날짜,엑스포,답니,금요일,첫날,아디다스,부스,지나,메인,부스,클래스,사실,레저,국내,최초,동아마라톤"
서울러닝,서울 동작러닝코스 추천｜동작역-이촌-국립중앙박물관 6~7km... ,서울 동작러닝코스 추천｜동작역-이촌-국립중앙박물관 6~7km 한강 겨울 러닝 후기 안녕하세요. 다시... #동작역러닝#한강러닝코스#반포한강공원 #잠수교러닝#이촌한강공원 #국립중앙박물관러닝#서울러닝코스... ,https://blog.naver.com/nan0709/224176014190,"건너,동작역,동작,동작역에서","아침,오전,저녁","동작,동작역,이촌,국립,중앙,박물관,동작,동작역,이촌,국립,중앙,박물관,한강,겨울,다시,한강,반포,한강,이촌,한강"
서울러닝,서울 봄 러닝 코스 추천 5 - 마이 웰니스 로그로 나만의 러닝... ,"❺ 남산 순환 + 한강 연계 코스 상급 러닝 코스, 10km, 업힐 포함, 장거리 대비 훈련 *출처: 서울특별시 내 손안에 서울 서울 러닝 코스 중 고도감이 가장 뚜렷한 루트예요. 남산 정상에서 내려다보는 봄 서울 뷰는... ",https://blog.naver.com/indigo_store/224253249340,"의나루역에서,여의나루,여의나루역","아침,오전","마이,웰니스,로그,남산,순환,한강,상급,업힐,포함,장거리,대비,출처,서울특별시,손안,도감,가장,루트,남산,정상,겨울"
서울러닝,[서울 러닝 코스 추천 1탄]서울과기대 8km 러닝[feat 체력 이슈],여의도 공원 https://m.blog.naver.com/gunbbang930/223769171757 #러닝 #러닝코스 #운동 #소지섭 #눈사람 #서울러닝코스 #러닝크루 #걷기 #뛰기 #다이어트 #마라톤준비 #마라톤연습 #서울과기대운동장 #공릉동맛집,https://blog.naver.com/gunbbang930/224170353048,,시간미상,"과기대,체력,이슈,여의도,가짜,러너,채피,다시,소울푸드,과기대,분명,공릉역,다리,제일,기적,다가,전철,리릭,과일,구매"
서울러닝,서울 강변역 러닝코스 20km lsd훈련 후기,서울 강변역 러닝코스 20km lsd훈련 후기 4/26 일요일 일주일의 마지막은 장거리 lsd를 한다 코스는 그날그날 마음대로 월요병 없애는 팁이다.ㅋㅋ 시작전 백만년만에 먹어보는 아아.. 바쁘게 놀다가 주말에... ,https://blog.naver.com/1manbo/224265968527,"어쨋든,날씨에",시간미상,"강변역,강변역,일요일,일주일,마지막,장거리,그날그날,마음대로,월요병,작전,만년,아아,주말,강변역,일요일,일주일,마지막,장거리,그날그날,마음대로"
서울러닝,온러닝 서울 스토어 오픈 일정과 제품 특징 한눈에 정리,"드디어 서울에 온 스토어가 생긴다 2025년 11월, 스위스 러닝 브랜드 ’온(On)’이 서울에 첫 번째 공식 스토어를 오픈한다. 그동안은 온유어마크, 굿러너 같은 러닝 전문 스토어를 통해 일부 제품만 체험할 수... ",https://blog.naver.com/realpsg/224061176578,,시간미상,"스토어,오픈,일정,제품,특징,한눈,정리,스토어,스위스,브랜드,공식,스토어,오픈,그동안,온유어마크,러너,전문,스토어,통해,일부"
서울러닝,[서울 러닝]하늘 공원 러닝 후기,든든 ✔️서울역 노이덴 ✔️을지로3가 동원집 ✔️구로 최우영스시 [마무리] 서울 러닝 하늘 공원 러닝 계속 강만 뛰다가 산&amp;숲 코스 신선하고 주차장 넒어 좋은데 마라톤 대회 많이 개최되니 주말 갈때 주의!!... ,https://blog.naver.com/jackie341174/224234049943,,오후,"하늘,서울역,노이덴,을지로,동원,구로,최우영,스시,마무리,하늘,계속,주차장,넒어,대회,개최,주말,주의,하늘,하늘,여러가지"
서울러닝,야간 도심을 달린다… '7979 서울 러닝크루' 16일 출발... ,"▲ 서울시가 '7979 서울 러닝크루'를 올해도 진행한다. &quot;지나갈게요!&quot; 다 함께 즐거운 러닝을 위한 '런티켓' 확산 최근 생활체육으로 러닝이 급부상하면서, 다수가 무리 지어 달리는 이른바 '러닝크루'로 인한... ",https://blog.naver.com/brunchtv/224254101027,,"저녁,밤","야간,도심,달린다,크루,서울시,크루,올해,진행,티켓,확산,최근,생활,체육,급부,다수,무리,크루,상급,수준별,전문가"
서울러닝,동대문디지털플라자 2026 서울 러닝 엑스포 방문후기,ㅎㅎ 다시 본격적으로 제가 다녀온 2026 서울 러닝 엑스포에 대해 말해볼게요..! 저는 사실 러닝... 2026 서울 러닝 엑스포 2026.03.13 ~ 03.15 동대문디지털플라자(DDP) 2026 서울 마라톤이 15일 일요일 예정으로... ,https://blog.naver.com/k2kry/224217366217,,"저녁,밤","동대문,디지털플라자,엑스포,방문,다시,본격,엑스포,대해,사실,엑스포,동대문,디지털플라자,일요일,예정,지니,엑스포,대해,사실,박람회,점점"
서울러닝,서울 가을 초급·중급·고급 러닝코스 추천 (Feat. 달리기 매너... ,#러닝 #러닝코스 #서울러닝 #러닝크루 #러닝동호회 #동호회 #코스추천 #코스 #서울 #서울러닝코스 #남산 #남산러닝 #남산북측순환로 #서서울호수공원 #잡수교 #한강 #한강공원 #잠실 #잠실한강공원 #나이트런... ,https://blog.naver.com/pac3083/224005260785,,저녁,"가을,고급,매너,가을,초보,고수,모두,가을,지금,가을,풍경,가지,대표,남산,순환로,남산,가을,단풍,남산,순환로"
서울러닝,아디다스 러닝 앱 한국 출시 어떻게 활용할까? 서울마라톤... ,궁금한 거 있으면 댓글로 남겨주길 바란다. #아디다스러닝 #AdidasRunning #아디다스 #러닝앱 #러닝기록 #애플워치러닝 #가민러닝 #러닝챌린지 #서울마라톤 #러닝습관 #러닝트렌드 #러닝이벤트,https://blog.naver.com/realpsg/224139277032,,시간미상,"아디다스,한국,출시,활용,러너,라면,교보,문고,티머니,적립,워치,활용,하단,확인,테크,교보,플래닛,점점,올해,등산"
서울러닝,2026 서울마라톤 아디다스 이벤트 | 러닝엑스포 · 아디다스... ,"서울마라톤 참가자라면 미리 알아두면 좋은 정보들을 정리해보겠습니다. 서울 러닝 엑스포 (Seoul... 러닝 엑스포, 응원 구간 완주 이벤트까지 서울마라톤을 더 즐길 수 있는 다양한 프로그램들이... ",https://blog.naver.com/chipmunk_camp/224213359010,,시간미상,"아디다스,이벤트,엑스포,아디다스,참가자,라면,미리,아두,정리,엑스포,엑스포,응원,완주,이벤트,프로그램,출처,아디다스,인스타그램,동영상,팔로워"
서울러닝,양재아트살롱 러닝위크 양재천 커피런 일정 신청 방법 서울... ,프로그램 참여를 고려하는 분들이라면 일정과 신청 여부를 미리 확인하는 것이 좋습니다. #양재아트살롱 #양재천커피런 #서울주말행사 #러닝행사 #서울러닝 #양재천 #아트마켓 #서울가볼만한곳 #강남가볼만한곳,https://blog.naver.com/ferrarin_/224253705704,양재살롱관,시간미상,"양재,아트,살롱,양재천,커피,일정,신청,프로그램,참여,고려,일정,신청,여부,미리,확인,요즘,주말,행사,양재천,일대"
서울러닝,&quot;서울7979 러닝크루&quot; 30주 대장정 시작! 체력에 맞는 코스에서... ,"의지만으로는 안 되더라고요 저도 몇 번 시도하다 포기한 적 있어서요 근데 &quot;같이 뛰는 사람&quot;이 있으면 얘기가 완전 달라집니다 서울시 무료 러닝크루, 올해도 시작! 7979 서울러닝크루가 4월 16일부터 10월... ",https://blog.naver.com/peakfit26/224254360867,,저녁,"크루,대장정,체력,의지,시도,포기,얘기,완전,서울시,무료,크루,올해,크루,퇴근,소파,의지,시도,포기,얘기,완전"
서울러닝,UVU 서울 플래그십 스토어 프리오프닝 방문기 | 성수동 러닝... ,@uvu @adi.gillespie.running #UVU #UVU서울 #성수러닝 #러닝웨어 #성수팝업 #성수동 #성수핫플 #러닝스타그램 #러닝크루 #서울러닝 #플래그십스토어 #런스타그램 #러닝브랜드 #성수동카페 #서울핫플 &quot;,https://blog.naver.com/kimssin/224226375822,,시간미상,"플래그,스토어,프리,오프닝,방문,성수동,성수동,성지,사실,브랜드,라면,호주,출신,창업,브랜드,웨어,라이프스타일,전세계,최초,플래그"
서울러닝,[서울 러닝 코스]... 8km 무장애 직선코스ㅣ당산 ~ 마곡 서울식물원,"메뉴 불고기와 우렁쌈밥, 막국수로 당산에서 마곡까지 이어지는 러닝 코스를 마무리합니다. 다른 한강 러닝 코스가 궁금하다면 아래 글에서 한 번에 확인해 보세요. ☞ 서울 한강 러닝 코스 총정리 5km / 10km",https://blog.naver.com/pila_writer/224260251948,"당산,여의도에서,의도한강공원,한강공원에서,당산역,여의도",시간미상,"무장애,직선,당산,마곡,식물원,메뉴,불고기,우렁,쌈밥,막국수,당산,마곡,마무리,다른,한강,아래,확인,한강,정리,한강"
서울러닝,도림천 러닝코스 평지 위주 편하게 뛰기 좋은 서울 러닝 코스,도림천 러닝코스 평지 위주 편하게 뛰기 좋은 서울 러닝 코스 안녕하세요. 서울에서 부담 없이 꾸준히 달리기 좋은 러닝 코스 찾고 계신 분들 많으시죠. 오늘은 제가 속한 러닝크루 서울뜀박질 5주년을 맞아 함께... ,https://blog.naver.com/nan0709/224143966508,"신대방,신도림역,신도림,신도림역에서",저녁,"도림천,평지,위주,도림천,평지,위주,부담,크루,주년,도림천,평지,위주,부담,크루,주년,도림천,도림천,개인,크루,자주"
서울러닝,7979 서울 러닝 크루 광화문 여의도 반포 코스 신청 방법 금액... ,▼ 상세 코스 바로보기 ▼ 자세한 내용은 링크 참고해주세요  7979 서울 러닝 크루란? 서울시에서 운영하는  도심 러닝 프로그램(공식 러닝 크루)입니다. ✔ 매주 목요일 ✔ 저녁 7시 ~ 9시 ✔ 서울 주요 명소... ,https://blog.naver.com/totorocandy/224254568822,,"저녁,밤","크루,광화문,여의도,반포,신청,금액,상세,바로,보기,링크,참고,크루,서울시,운영,도심,프로그램,공식,크루,목요일,저녁"
서울러닝코스추천,서울 러닝 코스 추천! 잠수교 분수런부터 귀여움 터지는... ,"서울 도심 댕댕이런 도전기! 코스는 광화문 근처에서 유명한 댕댕이런 추천 루트 러닝 앱 딱 켜고... 루트로 코스를 잡았는데, 평지 위주라 초보자들도 부담 없이 달리기 딱 좋음. 서울 러닝 코스 추천... ",https://blog.naver.com/kstevie/224259848914,"센터점,달빛광장,모여,반신반의하며,달빛광장에서",저녁,"잠수교,분수런,도심,댕댕,도전,광화문,댕댕,루트,루트,평지,위주,초보자,부담,발리,요즘,매력,발리,예전,기록,래야"
서울러닝코스추천,"서울 러닝코스 추천, 처음 시작하기 좋은 구간은 어디일까",이 점이 러닝을 꾸준히 이어가기 좋은 이유가 됩니다. 오늘은 서울 러닝코스 추천해드리도록... 그래서 추천 기준도 개인차가 큽니다. 자신이 원하는 러닝 방식부터 정리하는 것이 좋습니다.  서울 러닝코스를... ,https://blog.naver.com/fing3rscompany/224122802761,,"저녁,밤","처음,어디,이유,개인,자신,방식,정리,여러분,골프,핑골,생활,선택,점점,헬스장,바깥,공기,선호,이유,환경,도시"
서울러닝코스추천,2026 서울유아차런 훈련 고양시 러닝코스 성사체육공원 추천,#서울유아차런 #2026서울유아차런 #서울유아차런훈련 #2026서울유아차런훈련 #고양시러닝코스 #고양시러닝코스추천 #성사체육공원러닝 #성사체육공원 #성사체육공원주차 #성사체육공원맛집 #쿵차이,https://blog.naver.com/enterside/224225035937,,"오전,오후","유아차,고양시,성사,체육,고저,순환,미스터,유아차,주일,방문,고양시,성사,체육,맛집,성사,체육,경기도,고양시,덕양구,성사동"
서울러닝코스추천,도전기 #6 [서울 러닝 코스]... 무릎이 편안한 힐링 코스 추천),체력증진 #부상복귀 #복귀러닝 #동적스트레칭 #하프마라톤준비 #15km완주 #러닝목표 #성북천 #청계천 #중랑천 #러닝코스추천 #서울달리기 #성북천러닝 #한성대입구역 #석계역러닝 #서울러닝코스 #물길따라달리기,https://blog.naver.com/dudgmlqo/224265882257,"발바닥,입구,성북천,루트","오전,오후,밤","도전,무릎,힐링,체력,증진,부상,강제,휴식,다시,운동화,위로,평균,평균,심박,평균,케이,던스,복귀,가장,신경"
서울러닝코스추천,서울 초보 러닝 코스 추천 어린이대공원 붕어빵런 5KM 달리기,붕어빵런을 마치고 나서 붕어빵을 사 먹는 것도 일종의 코스라는데 저희는 다이어터들(?)이라 패스했어요 ㅋㅋㅋ 이색적인 풍경 속에서 즐겁게 뛰고 싶은 분들에게 어린이대공원 서울 러닝 코스를 강력 추천... ,https://blog.naver.com/sinnyarea/224131004045,"후문,정문",밤,"초보,어린이,붕어빵,붕어빵,마치,붕어빵,일종,다이어터,패스,이색,풍경,어린이,강력,초보,어린이,붕어빵,산시,요즘,노력,드릴"
서울러닝코스추천,서울 러닝코스 추천 (남산공원•위례호수공원 +포천산정호수),러닝화•러닝밸트만 있으면 되니까  사서 잘 쓰구 있는 카르닉 러닝벨트도 함께 추천하구 갑니당 ⬇️⬇️⬇️⬇️⬇️ #러닝코스 #서울러닝코스 #러닝코스추천 #서울러닝코스추천 #러닝벨트추천 #러닝벨트,https://blog.naver.com/dmsal217/224065126599,,아침,"남산,위례,호수,포천,산정호수,러닝밸트,사서,카르,벨트,요즘,회사,일이,실내,야외,선호,신랑,하나,취미,이자,데이트"
서울러닝코스추천,[서울 러닝 코스 추천] 영상 5도~10도 러닝 옷차림 완벽... ,#영상5도러닝 #영상10도옷차림 #러닝복장추천 #서울러닝코스 #5km러닝 #10km러닝 #러닝초보 #반포한강공원 #석촌호수러닝 #남산둘레길 #오운완 #상암러닝 #하늘공원러닝 #노을공원 #업힐훈련 #러닝스타그램,https://blog.naver.com/yeepi01/224214350293,,"저녁,밤","옷차림,완벽,업힐,서녕,요즘,기온,사이,날씨,정말,계륵,겉옷,막상,금방,뻘뻘,처치,곤란,고수,항상,강조,기온"
서울러닝코스추천,성북천 산책로 서울 혼자여행 러닝코스 추천,성북천 서울 혼자여행 산책로 러닝코스 추천 © 글 사진 | 모리송 안녕하세요 :) 전국 방방곡곡을 사진으로 소개하는 여행 인플루언서 모리송입니다  오늘은 뜻밖의 장소에서 만난 성북천 산책로와 러닝코스를... ,https://blog.naver.com/who_u_who/223919691513,,오전,"성북천,산책로,여행,성북천,여행,산책로,모리,전국,방방곡곡,여행,플루,모리,뜻밖,장소,만난,성북천,산책로,성북천,여행,산책로"
서울러닝코스추천,자연과 함께하는 서울 러닝코스 추천해요!,탁 트인 하늘과 바람이 함께 해주는 이 출발 지점은 서울 러닝 코스 중에서도 손에 꼽고 싶을... 오늘 제가달린 완벽한 코스 러너와 워커 모두에게 진심으로 추천합니다! ※ 본 콘텐츠는 SNS 서포터스가 작성한... ,https://blog.naver.com/prmapo77/223966897335,가양대교,오전,"자연,하늘,바람,지점,러너,워커,모두,진심,콘텐츠,서포터스,작성,이제,일상,노을,하늘,원래,노을,하늘,살짝,미리"
서울러닝코스추천,서울 러닝 코스 추천 및 후기(1),되겠습니다 러닝 코스 요약 #1. RM 숲에서 출발 우선 시작 장소는 잠실한강공원에 위치한 RM 숲입니다. 지하철 2호선을 타고 잠실새내역에서 하차한 뒤 6번 혹은 7번 출구로 나와서 약 800m 걸어가야 (직진)합니다.... ,https://blog.naver.com/seungjun-fanpage/224253393989,"숲에서,잠실새내",시간미상,"요약,우선,장소,잠실,한강,위치,지하철,호선,타고,잠실,하차,출구,직진,최고,기온,갈수록,다시,계절,요즘,시공간"
서울러닝코스추천,서울 트레일러닝 코스 추천 BEST 7: 입문부터 서울트레일런... ,"서울 트레일러닝 코스 추천 BEST 7: 입문부터 서울트레일런 대회 준비까지 난이도별 완벽 정리! 산과 도심을 넘나들며 달리는 매력, 트레일러닝(Trail Running)의 계절이 돌아오고 있습니다. 단순히 평지를 달리는... ",https://blog.naver.com/ohayo11/224192536824,"독립문,구파발,독립문역,수서","새벽,밤","트레일,입문,트레일,트레일,입문,트레일,대회,난이도,완벽,정리,도심,매력,트레일,계절,평지,트레일,입문,트레일,대회,난이도"
서울러닝코스추천,[서울 러닝 코스 추천 7탄]... 받고 8km 러닝 후기[feat.첵스 초코],&lt;서울 러닝 추천 코스 모음&gt; 1.경희대학교 러닝 https://m.blog.naver.com/PostView.naver?blogId=gunbbang930&amp;logNo=224203215517&amp;navType=by 2.청계천 러닝 https://m.blog.naver.com/gunbbang930/223745577737 3.보라매공원 러닝 https://m.blog.... ,https://blog.naver.com/gunbbang930/224213868016,시점,밤,"첵스,초코,모음,경희대학교,청계천,보라매,국내,여행,러너,채피,여름,일본,여행,마음,신청,여권,발급,당장,꾸욱,참고"
서울러닝코스추천,서울 관악구 러닝코스 추천 도림천 신림 별빛내린천 산책로 5km,젭알 추천 부탁드립니다...) 버스로 한 번에 갈 수도 있고 (시골 출신이라 버스를 선호하는 여자) 서울대벤처타운역 내리자마자 바로 달릴 수 있어서 가장 즐겨 찾는 코스입니다 (라고 하기엔 러닝 시작 2주 밖에... ,https://blog.naver.com/mkmagazine/224036504076,,"저녁,밤","관악구,도림천,신림,별빛,산책로,젭알,버스,수도,시골,출신,버스,선호,여자,서울대,타운,바로,가장,깝치,심박수,이면"
서울러닝코스추천,2026 서울 하프 마라톤 일정 러닝 코스 하프 10km 달리기,#서울하프마라톤 #2026서울하프마라톤 #서울러닝 #하프마라톤 #러닝대회 #마라톤코스 #러닝정보 #러닝대회추천 #서울마라톤 #광화문출발 #상암피니시 #여의도10km #러닝준비 #러닝코스 #러너일상... ,https://blog.naver.com/qhadldhaus98/224258685947,"광화문광장,화문광장에서,광화문",오전,"하프,일정,하프,하프,일정,하프,하프마라톤,도심,일대,개최,광화문,광장,여의도,상암동,대회,하프마라톤,종목,운영,주요,간선"
서울러닝코스추천,엉덩이만 밀었을 뿐! 서울 5km 러닝 코스 추천(feat.벚꽃 러닝),#서울5km러닝코스 #성내천러닝 #올림픽공원러닝 #러닝자세교정 #러닝무릎통증 #러닝무릎 #둔근러닝 #러닝챌린지 #건강검진준비 #오운완 #아디다스러닝 #런린이 #초보러너팁 #벚꽃 #러닝 #봄러닝 #봄철러닝... ,https://blog.naver.com/dee7781/224236353467,,시간미상,"엉덩이,벚꽃,건강검진,린지,기록,어제,근육통,가시,자신,약속,위해,다시,운동화,초보,러너,런린,가장,고생,무릎,통증"
서울러닝코스추천,서울 러닝코스 추천 3.5km 자전거없는 남산둘레길 가는법,"길, 서울 런닝하기 좋은 곳 등 다양하게 즐길 수 있는 서울 러닝코스 추천 장소 소개해 봅니다. 서울... 코스도 서울 런닝하기 좋은 곳 중 하나로 러닝코스 추천 3.5km 구간이라 나름 뛰는 재미가 있습니다.",https://blog.naver.com/oisuloi/224045210314,,시간미상,"자전거,남산,둘레길,런닝,장소,런닝,하나로,나름,재미,요즘,대세,스포츠,브랜드,나이키,가도,주력,운동화,런닝화,개인,건강"
서울러닝코스추천,"서울 러닝코스 추천 (서울숲, 뚝섬한강, 반포 등)",서울러닝코스 소개 러닝의 장점 중 하나는 새로운 곳을 내 두 다리로 달리며 멋진 풍경을 볼 수 있다는 점이에요. 보통 어디서 달리냐고 누군가 물어본다면 집 근처에서 가장 자주 달리지만 서울 어디던지... ,https://blog.naver.com/yellownoda/223981802252,후문,"새벽,저녁","서울숲,뚝섬,한강,반포,장점,하나,다리,달리,풍경,보통,누군가,가장,자주,달리,어디,장점,하나,다리,달리,풍경"
서울러닝코스추천,서울 5KM 달리기 러닝 코스 추천 어린이대공원 붕어빵런,이색적인 서울 러닝 코스 꼭 코스를 고정하지 않고 귀여운 동물 친구들이 있는 동물원을 가로질러 뛰거나~ 정원과 조형물들이 가득한 테마 공간들을 지나쳐 달리는 것도 가능합니다. 볼거리와 테마가... ,https://blog.naver.com/sinnyarea/224199498633,,"오전,밤","어린이,붕어빵,이색,고정,동물,동물원,정원,조형,테마,공간,볼거리,테마,어린이,붕어빵,광진구,서포터즈,산시,요즘,날씨,바로"
서울러닝코스추천,서울 러닝코스 추천_업&amp;다운 필수코스 '남산북측순환로',그래도 10km는 채우고 마무리!! 서울에도 여러 유명 러닝코스가 있겠지만 여긴 정말 추천할만함! 대회 전이면 같이 러닝하는 친구들 데리고 꼭 다시 방문하고싶은 코스임 잘 뛰고 갑니다 :),https://blog.naver.com/90seop/224052912303,평소엔,"새벽,아침","다운,필수,남산,순환로,마무리,여러,유명,정말,대회,전이,데리,다시,방문,런린이,유명,탐방,여러,유튜브,도심,최고"
서울러닝코스추천,서울 러닝코스 추천 사당역부터 예술의전당까지,서울 러닝코스 추천 사당역부터 예술의전당까지 새롭게 시작하는 11월 무릎 부상 때문에 아직은 몸... 서울 러닝코스로 사당역에서 예술의전당까지 이용하시는 분들이 많은 것 같다. 이해가 가는 게 뛰어보니까... ,https://blog.naver.com/1manbo/224061568919,사당,시간미상,"사당역,예술의전당,사당역,예술의전당,무릎,부상,사당역,예술의전당,이용,이해,어보,사당역,예술의전당,무릎,부상,상태,상태,날씨,만큼,한강"
서울러닝코스추천,[서울 한강 러닝 코스 추천] 주말 오후 더위 피하는 대교 밑... ,♀️♂️ #한강러닝코스추천 #여의도러닝코스 #한강그늘러닝 #더운날러닝코스 #여름한강달리기 #주말러닝코스 #부부러닝 #하프마라톤후기 #마인드컨트롤러닝 #러닝기분전환 #한강다리밑그늘 #초보러닝코스... ,https://blog.naver.com/h_story84/224265903293,"그리고,부근,부근에서",시간미상,"한강,주말,오후,더위,피하,대교,일상,에너지,기운,만끽,한낮,요즘,야외,사랑,러너,햇빛,슬슬,가장,복병,시기"
서울러닝코스추천,서울에서 뛰기 좋은 야간러닝코스 (나이트런) 추천,선선한 밤바람을 맞으며 달려보는 것은 어떠신가요? #러닝 #러닝코스 #서울러닝코스 #러닝명소 #서울러닝명소 #러닝하기좋은장소 #러닝하기좋은한강 #러닝명소추천 #러닝코스추천 #서울러닝코스추천,https://blog.naver.com/haionnet2020/224233938110,한강공원,밤,"야간,나이트런,선선,밤바람,가요,출처,분위기,마천루,불빛,한강,윤슬,고궁,정취,만끽,야간,야간,출처,명소,반포,한강"
서울러닝코스추천,2026년 4월 3주차 서울 마라톤 대회 총정리! (+러닝 코스 주말... ,달굴 서울 지역 마라톤 및 러닝 대회 소식에 실전 러닝을 위한 코스별 자전거 도로(자도)... k건강마라톤 #서울트레일런 #스카이런 #오운완 #기부런 #런린이 **러닝할때 좋은 베스퍼 경량 러닝라이트 추천해... ,https://blog.naver.com/yeepi01/224253190896,"인근에서,인근,돌담길","오전,저녁,밤","주차,대회,정리,주말,지역,대회,소식,실전,자전거,도로,자도,건강,베스,경량,라이트,업힐,서녕,라이딩,봄날,주말"
서울러닝코스추천,서울 힐링 러닝 코스! 한양도성길 트레일 러닝 후기,한양도성길은 단순히 서울 러닝 코스라고 생각하고 접근하면 생각보다 훨씬 힘들게 느껴질 수... 이 코스를 추천하는 가장 큰 이유는 단순히 운동이 아니라 경험에 가깝기 때문입니다. 인왕산과 북악산... ,https://blog.naver.com/sjsg0079/224257365254,"서울역,시에","아침,오전","힐링,한양도성,트레일,한양도성,접근,가장,이유,경험,인왕산,북악산,힐링,한양도성,트레일,힐링,한양도성,트레일,숭례문,서울특별시,중구,세종"
서울러닝코스추천,[서울 러닝코스 추천 6탄]경희대학교 업힐런 러닝 후기,다음 러닝코스 7탄도 기대해주세요 제발~ -서울 러닝 코스 추천 모음- 1.보라매공원 https://m.blog.naver.com/gunbbang930/224179177895 2.서울과기대 https://m.blog.naver.com/gunbbang930/224170353048?isFromSearchAddView=true... ,https://blog.naver.com/gunbbang930/224203215517,,저녁,"경희대학교,업힐런,다음,탄도,기대,제발,모음,보라매,과기대,여러분,삼겹살,데이,바로,모든,학교,입학식,진행,전국,선생님,화이팅"
서울러닝코스추천,"잠실 팝업 롯데월드몰 서울 놀거리 석촌호수 러닝 코스, 무조건... ",석촌호수 러닝 코스 추천 5. 잠실 팝업 후기 1. 잠실 롯데월드몰 위치 및 기본정보  위치: 서울 송파구 올림픽로 300 10번 출구 앞 잠실 롯데월드몰 1층 아트리움 ⏰ 기간 : 2026년 4월 18일까지 매일 10:30 ~ 22:00 2.... ,https://blog.naver.com/who_u_who/224254668120,,시간미상,"잠실,팝업,롯데,월드,석촌호수,무조건,석촌호수,잠실,팝업,잠실,롯데,월드,위치,기본,위치,송파구,올림픽로,출구,잠실,롯데"
서울러닝코스추천,일산 서울 한강 러닝 코스 27km lsd 러닝 코스 GPX첨부,마포에서 일산호공 서울에서 일산 LSD 러닝 코스 단톡방에도 물어보고 인터넷도 뒤져보고 조금의... 고민하는 코스일 거라 생각합니다. 서울 거주자분들은 한강을 크게 도는 것을 당연 추천. 일산에서 서울로... ,https://blog.naver.com/kaeback2/224109072674,,저녁,"일산,한강,첨부,마포,일산,호공,일산,톡방,인터넷,보고,조금,고민,주자,한강,크게,일산,마포,일산,호공,일산"
서울러닝코스추천,"서울 지역 초보 러너를 위한 러닝 코스 추천 - 8곳 (위치, 코스... ","서울 지역 초보 러너를 위한 러닝 코스 추천 - 8곳 (위치, 코스, 거리, 장점 정리) 항상 집앞 뚝섬역 쪽 한강변이나 서울숲만 뛰다가 이번에 남산에서 뛰어보니 너무 좋아서 서울 내 러닝 코스들을 찾아보았다.... ",https://blog.naver.com/doctorgeek/223824928129,앞에서,"저녁,밤","지역,초보,러너,위치,지역,초보,러너,위치,장점,정리,항상,집앞,뚝섬역,강변,서울숲,남산,어보,지역,초보,러너"
서울러닝코스추천,운동화끈묶는법으로 해결됨(서울 러닝 5km 코스 추천),특히 많은 러닝 전문가와 재활 의학 전문가들이 부상 방지를 위해 필수적으로 추천하는 방식이 바로... #서울5km러닝코스 #성내천러닝 #올림픽공원러닝 #러닝무릎통증 #러닝무릎 #운동화끈묶는법 #러닝화... ,https://blog.naver.com/dee7781/224237639636,차분히,시간미상,"화끈,해결,전문가,재활,의학,전문가,부상,방지,위해,필수,방식,바로,건강검진,목표,어제,체득,골반,중립,활성화,감각"
서울러닝코스추천,러닝코스 추천 l 성남탄천 2탄 l 10K l 서울방향,저번 성남탄천 율동공원 방향 10~15K 러닝코스 추천글의 뜨거운 반응에 힘입어 서울방향 10K 코스를 소개하는 글을 작성해보았다. (사실 멀리 가기 귀찮아서 또 집근처에서 러닝했다) 성남탄천은 야탑역 3번... ,https://blog.naver.com/ones285/224265931628,,시간미상,"성남,탄천,저번,성남,탄천,율동,반응,작성,사실,멀리,가기,성남,탄천,야탑역,저번,성남,탄천,율동,반응,작성"
서울러닝코스추천,서울 한강 러닝코스 추천 여의도 고구마런 7km 주차까지,#여의도한강공원 #여의도러닝코스 #여의도고구마런코스 #여의도러닝 #서울고구마런 #서울러닝코스 #여의도러닝코스추천 #서울러닝코스추천 #러닝 #서울러닝 #러닝코스 #여의도러닝코스꿀팁 #여의도러닝주차,https://blog.naver.com/yyyujj0242/224013794307,"해서,샛강,근린공원","오전,밤","한강,여의도,고구마,주차,한강,여의도,고구마,유니,로드,요즘,한창,볼일,일박,이일,동안,이유,하나,한강,여의도,고구마"
서울러닝코스추천,서울 봄 러닝 코스 추천 5 - 마이 웰니스 로그로 나만의 러닝... ,"❷ 서울숲 러닝 트랙 초급 러닝 코스, 4km, 잔디 구간 포함, 러닝 입문자 *출처: 대한민국 구석구석 여행기사 처음 달리기를 시작하는 분들에게 가장 자주 추천하는 러닝 입문 코스예요. 아스팔트가 아닌... ",https://blog.naver.com/indigo_store/224253249340,"의나루역에서,여의나루,여의나루역","아침,오전","마이,웰니스,로그,서울숲,트랙,잔디,포함,입문,출처,대한민국,구석구석,여행,기사,처음,가장,자주,입문,아스팔트,겨울,내내"
서울러닝코스추천,서울러닝코스 추천 뚝섬역 서울숲 연남동 효창공원역... ,서울 러닝 코스 추천: 초보자부터 고급자까지 수준별 완벽 정리 서울 도심 한가운데에서도 상쾌한... 서울숲 공원 러닝 코스 (초보자 추천) 위치: 성동구 | 지하철 2호선 뚝섬역 또는 분당선 서울숲역 거리: 약 3~4km... ,https://blog.naver.com/roh339/223890541798,,"아침,저녁","뚝섬역,서울숲,연남동,효창공원역,초보자,고급,수준별,완벽,정리,도심,한가운데,서울숲,초보자,위치,성동구,지하철,호선,뚝섬역,분당선,서울숲"
서울러닝코스추천,서울 러닝코스 추천 뚝섬유원지부터 한강대교까지,그러다 장거리 뛰면서 생각 든 게 문득 기록 겸 서울 러닝코스 추천 포스팅이나 해볼까란 생각이었다. 뚝섬유원지 이번에 추천할 서울 러닝코스는 자양역에 있는 뚝섬유원지의 자벌레 인근부터 시작해서... ,https://blog.naver.com/1manbo/223986536299,"뚝섬유원지,섬유원지에서","저녁,밤","뚝섬,유원지,한강대교,장거리,문득,기록,뚝섬,유원지,자양역,뚝섬,유원지,자벌레,인근,뚝섬,유원지,한강대교,이전,경기도,항상,천만"
서울러닝코스추천,"마곡식물원, 서울러닝코스 추천_튤립, 수선화가 예쁜 러닝코스... ",오늘은 봄날 뛰기 좋은 서울 러닝 코스를 추천해드리려고 합니당 퇴근하고 마곡식물원으로 러닝 하러가는길 #서울식물원 #마곡식물원 마곡나루역 3번출구나 2번출구로 나오면 바로 보이는데요! (코트야드... ,https://blog.naver.com/hyeon73dc/224255514964,,저녁,"마곡,식물원,튤립,수선화,봄날,퇴근,마곡,식물원,마곡나루역,출구,출구,바로,코트,야드,라미,봄날,퇴근,마곡,식물원,식물원"
서울러닝코스추천,서울 러닝 코스 추천 | 여의도  고구마런 (코스 안내 + GPX 공유),고구마런 추천합니다아 !! 26년도 4월의 고구마런 끝 !! 아래 사진은 작년 2025년도 12월 11일에 처음 달린 고구마런인데요 페이스 많이 좋아졌네요 헤헤 뿌듯 ️ 끝 . .! 앞으로 서울의 러닝코스 많이 소개할게요... ,https://blog.naver.com/mychsworld/224246502327,가을,저녁,"여의도,고구마,안내,공유,고구마,고구마,아래,작년,처음,고구마,헤헤,뿌듯,여의도,고구마,공유,저녁,가을,한지,왕초보,인사"
서울러닝코스추천,서울 마포구 상암 하늘공원·노을공원 추천 러닝 코스 후기,싶네요 ^^ #상암러닝 #하늘공원러닝 #노을공원러닝 #상암러닝코스 #서울러닝코스 #마포러닝 #러닝성지 #도심러닝 #일몰러닝 #서울러닝추천 #러너기록 #업힐왔서녕 ** 밝고 안전한 야간 러닝라이트 추천 **러닝 후... ,https://blog.naver.com/yeepi01/224077996644,,"저녁,밤","마포구,상암,하늘,노을,야간,라이트,업힐,서녕,요즘,날씨,상암,하늘,노을,마포,주민,러너,사이,대표,성지,한번"
서울러닝코스추천,[서울 러닝코스 추천 5탄]중랑천 월릉교-장안교 9km 러닝  후기,#중랑천러닝 #러너 #마라톤준비 #마라톤 #러닝 #다이어트 #중랑천 #행복 #사랑 #뛰기 #걷기 #기안84 #나혼자산다 서울 러닝 코스 추천 시리즈 1.서 울 과 기 대 https://m.blog.naver.com/gunbbang930/224170353048 2.보 라 매... ,https://blog.naver.com/gunbbang930/224195903849,,"아침,오전,저녁","중랑천,월릉교,장안,시리즈,먹방,러너,채피,항상,동네,태릉입구역,월릉교,리릭,저녁,가면,지옥,감수,여러분,월릉교,출구,전철"
서울러닝코스추천,의정부 중랑천 러닝코스 추천,앞에 사람 한두명만 있어도 러닝하는데 되게 불편 하더라구요. 여튼 제가 추천 드리는 코스로 쭉쭉 올라시면 20km이상 서울 노원쪽으로 올라가셔도 또는 의정부 성모병원 쪽으로 내려가셔도 좋을 것 같습니다.... ,https://blog.naver.com/cookbad/224234120976,"장암,제가",시간미상,"의정부,중랑천,불편,쭉쭉,노원,의정부,성모,병원,의정부,돌콩,달린다,의정부,중랑천,보통,지역,물줄기,하천,자전거,걷기,지역"
서울러닝코스추천,서울 러닝 코스 추천 북촌 런허브 러닝화 대여하고 댕댕런 안암... ,"따뜻해진 봄날, 늘 뛰던 트랙이나 한강을 벗어나 색다른 서울 러닝 코스를 찾고 계신다면 이 동선 그대로 꼭 한번 다녀와 보시길 추천해요. 그럼 오늘도 부상 없이 즐겁고 맛있는 러닝 하세요! #북촌러닝 #댕댕런... ",https://blog.naver.com/kirruazz/224231482511,"북촌,북촌에서","오전,오후","북촌,허브,대여,댕댕,안암,봄날,트랙,한강,동선,그대로,한번,부상,날씨,대여,댕댕,음식,용품,쇼핑,서울특별시,교육청"
서울러닝코스추천,[러닝 코스 추천] 10km 완주... 힐링 러닝 명소 BEST 5 (서울... ,#러닝코스추천 #초보러너 #10km완주 #마라톤완주 #리커버리러닝 #힐링러닝 #러닝명소 #일산호수공원 #서울숲 #올림픽공원러닝 #광교호수공원 #남산북측순환로 #런트립 #런린이,https://blog.naver.com/playingmom/224265186174,,"아침,저녁,밤","완주,힐링,명소,구석,세상,보기,놀맘,얼마,인생,완주,컬처,출전,위해,남편,가끔,기록,압박,모두,풍경,행위"
서울러닝코스추천,가을에 달리기 좋은 서울 러닝코스 추천,"웰라이프 매거진에서 서울 도심 속에서 가볍게 달리기 좋은 러닝코스를 추천해 드릴게요. 추천 러닝코스 1. 노들섬 코스 노들섬은 한강에 위치한 인공섬으로, 섬을 한 바퀴 돌며 한강의 탁 트인 전경을 감상할... ",https://blog.naver.com/wellifeblog/223610091078,"백범광장,백범광장에서",시간미상,"가을,도심,노들섬,노들섬,한강,위치,인공,바퀴,한강,전경,감상,선선,바람,가을,계절,가을,대회,도전,거나,자연"
서울러닝코스추천,시 무릎 통증&quot; 잡는 상체 이완법? 서울 5km 벚꽃 러닝코스 추천,#러닝무릎통증 #무릎통증완화 #상체이완 #러닝자세 #달리기자세 #운동화끈묶는법 #러닝화추천 #서울러닝코스 #벚꽃러닝코스 #성내천러닝 #올림픽공원러닝 #송파러닝 #2주챌린지 #건강검진준비 #오운완... ,https://blog.naver.com/dee7781/224238913094,,아침,"무릎,통증,상체,이완,벚꽃,벚꽃,건강검진,목표,벌써,사실,침대,평소,조금,근육,피로,아침,루틴,경계,운동화,어제"
서울러닝코스추천,러닝/서울러닝코스추천]... 2.8km입니다 (케이던스 180 음악 추천),#올림픽공원러닝 #러닝코스추천 #올림픽공원몇키로인가요 #올림픽공원한바퀴몇키로 #올림픽공원한바퀴 #올림픽공원 #서울러닝코스추천 #케이던스180 #180bpm 올림픽공원 한바퀴 몇 키로 인가요??... ,https://blog.naver.com/muckzza/224037151734,,시간미상,"케이,던스,음악,올림픽,바퀴,올림픽,바퀴,안쪽,최근,올림픽,마지막,주전,석촌호수,별로,올림픽,도로,아주,처음,요즘,케이"
서울러닝코스추천,"서울러닝코스추천 : 한강, 보라매공원","아껴두는 중ㅋ,ㅋ) 서울러닝코스 추천 보라매공원은 부산에서 함께 달리던 y님이 소개해 준 곳이다.... 너무 재밌는 서울 한강과 보라매공원 + 그리고 새로운 러닝코스 발굴까지... 일과 나의 소확행 모두 화이팅!",https://blog.naver.com/naaaming_/223458423032,옥수,밤,"한강,보라매,보라매,부산,한강,보라매,발굴,일과,확행,모두,화이팅,주말,부산,메이트,요즘,포함,거의,모든,숨쉬기,먹기"
서울러닝코스추천,"양재천 벚꽃 러닝 후기, 서울 봄 산책 러닝코스 여기 하나면 끝!",#양재천러닝 #양재천벚꽃 #서울러닝코스 #벚꽃러닝 #서울벚꽃명소 #러닝코스추천 #서울달리기 #봄러닝 #러닝일상 #런스타그램 #러닝기록 #서울운동 #야외운동 #러닝스타그램 #벚꽃명소 #서울산책코스 #운동기록... ,https://blog.naver.com/minsanity-/224241559588,"매봉,대청,매봉에서",시간미상,"양재천,벚꽃,산책,여기,하나,벚꽃,시즌,여윽시,양재천,산책,정말,양재천,전체,길이,정비,대부분,평지,초보자,유지,환경"
서울러닝코스추천,서울 러닝 코스 올림픽공원... 러닝 &amp; 단풍 -빵집 추천... ,오늘은 서울 러닝코스로 좋은 올림픽공원 단풍과 근처 함께 가면 좋은 베이커리 카페인 르보마리아쥬 소개해 볼게요! 올림픽공원으로 뛰는 러닝코스의 시작은 석촌호수였어요. 제가 가장 많이 뛰는곳이... ,https://blog.naver.com/bigway22/224084412055,"소마미술관,동호,동호에서,석촌호수","아침,오전","올림픽,단풍,빵집,올림픽,단풍,가면,베이커리,카페인,르보마리아쥬,올림픽,석촌호수,가장,토요일,모습,올림픽,단풍,르봉,마리아,베이커리,모리"
서울러닝코스추천,"6월, 서울 러닝 코스 추천! with 가벼운 야외활동 텀블러 슬로... ","그래서 추천드리는 지금, 뛰기 딱 좋은 서울 러닝코스 추천5 ✨ 코스 거리 난이도 포인트 서울숲 러닝 코스 약 3~4 km 초보자 나무 그늘, 순환 구조 한강 반포지구 약 6~7 km 중급자 노을·강변 야경 경의선 숲길 약... ",https://blog.naver.com/locknlock1978/223909021187,,"아침,저녁","야외,활동,텀블러,슬로,지금,난이도,포인트,서울숲,초보자,나무,그늘,순환,구조,한강,반포,지구,노을,강변,야경,경의선"
서울러닝코스추천,서울 도심 러닝 코스 추천 | 청계천(광화문 종로 을지로) 5km... ,코스의 핵심은 바로 청계천입니다 ! 청계천을 따라 시원하게 달릴 수 있는 이번 러닝은 야경도 볼 수 있고.. 청계천을 즐기는 서울 사람들도 구경할 수 있는 이름하여 청계천런 입니다 ! 서울 러닝 코스 추천 3... ,https://blog.naver.com/mychsworld/224250472662,에서,저녁,"도심,청계천,광화문,종로,을지로,핵심,바로,청계천,청계천,야경,청계천,구경,이름,청계천,핵심,바로,청계천,청계천,야경,청계천"
서울러닝코스추천,"러닝 후기, 도심 속 호수뷰 서울 달리기 명소 러닝코스 추천",#석촌호수 #석촌호수러닝 #석촌호수코스 #서울러닝코스 #잠실러닝 #서울달리기 #러닝코스추천 #서울러너 #호수뷰러닝 #도심러닝 **종아리 압박 회복에 최고! 러닝용품 추천,https://blog.naver.com/yeepi01/223999691424,러닝을,"저녁,밤","도심,호수,명소,종아리,압박,회복,최고,용품,업힐,서녕,얼마,저녁,지인,석촌호수,도심,한가운데,호수,만족도,여러분,석촌호수"
서울러닝코스추천,[서울 러닝 코스 추천 1탄]서울과기대 8km 러닝[feat 체력 이슈],54분 러닝 완료! 그럼 다음 러닝 코스에서 만나요 안녕!!! -서울 러닝 코스 추천 3 곳- 1.어린이대공원... com/gunbbang930/223769171757 #러닝 #러닝코스 #운동 #소지섭 #눈사람 #서울러닝코스 #러닝크루 #걷기 #뛰기... ,https://blog.naver.com/gunbbang930/224170353048,,시간미상,"과기대,체력,이슈,다음,안녕,어린이,가짜,러너,채피,다시,소울푸드,과기대,분명,공릉역,다리,제일,기적,다가,전철,리릭"
서울러닝코스추천,서울 동작러닝코스 추천｜동작역-이촌-국립중앙박물관 6~7km... ,서울 동작러닝코스 추천｜동작역-이촌-국립중앙박물관 6~7km 한강 겨울 러닝 후기 안녕하세요. 다시 기온이 확 낮아지면서 강추위의 나날들이라 러닝의지가 꺾이기 쉬운 요즘입니다. 저는 일부러 강제성을... ,https://blog.naver.com/nan0709/224176014190,"건너,동작역,동작,동작역에서","아침,오전,저녁","동작,동작역,이촌,국립,중앙,박물관,동작,동작역,이촌,국립,중앙,박물관,한강,겨울,다시,기온,추위,나날,의지,요즘"
서울러닝코스추천,남산 둘레길 러닝 코스... 남산도서관 출발 러닝무릎보호대 추천,서울 러닝코스 추천: 남산 둘레길에서 뛰는 즐거움 서울 도심에서 자연을 느끼며 달릴 수 있는 최고의... 남산러닝 코스 구간 추천 남산 북측순환로 입구 → 팔각정 → 남산도서관 → 서울애니메이션센터... ,https://blog.naver.com/ohayo11/223886129804,"동대입구역,남산도서관,추천하는,대입구역에서,대표적인,동대입구,따라,산도서관에서,다양한","저녁,밤","남산,둘레길,남산,도서관,무릎,보호대,남산,둘레길,즐거움,도심,자연,최고,남산,남산,순환로,입구,팔각정,남산,도서관,애니메이션"
서울러닝코스추천,서울 러닝코스 추천 가볍게 7km 조깅,서울 러닝코스 추천 가볍게 7km 조깅 4월14일 화요일 오늘은 가볍게 7km 천천히 뛰며 회복해야겠다. 퇴근... 서울 러닝코스중 제일 마음에 드는 뷰 중 하나다. 이 뷰 보고 잠깐 힘내서 다시 뛴다 오늘음 7km만... ,https://blog.naver.com/1manbo/224252425125,퍼먹고,저녁,"조깅,조깅,화요일,퇴근,제일,마음,하나,보고,잠깐,다시,조깅,화요일,퇴근,잠시,일어난다,쪼가리,하나,땅콩,버터,숟갈"
서울러닝코스추천,서울 러닝코스 추천 BEST 7 한강·남산·서울숲까지 초보부터... ,"♂️ 서울 러닝코스 추천 BEST 7 초보부터 감성·장거리까지 한 번에 정리  1. 여의도공원 ✔ 거리 : 2.5km ~ 10km 선택 가능 ✔ 추천 이유 서울 러닝의 기준 같은 코스입니다. 루프형, 한강 연결형 등 선택지가... ",https://blog.naver.com/sadieu/224251856757,,시간미상,"한강,남산,서울숲,초보,초보,감성,장거리,정리,여의도,선택,가능,이유,루프,한강,연결,선택,초보,감성,장거리,정리"
서울러닝코스추천,"서울 러닝 코스 추천,남산 북측 순환로 러닝코스 추천",할 때 가는 이곳 서울 러닝 성지 추천드려요 주차는 국립극장 또는 버스를 이용하세요. (버스는 남산 북측순환로 하차) 코스:1바퀴 8km 그늘 많고 업힐 평지 다운힐 골고루 있음. 안녕하세요 운동을 좋아하는... ,https://blog.naver.com/2park_gazi/223972527509,거기서,저녁,"남산,순환로,성지,주차,국립극장,버스,이용,버스,남산,순환로,하차,바퀴,그늘,업힐,평지,다운,남산,성지,주차,국립극장"
서울러닝코스추천,서울 러닝코스 댕댕런 강아지런 코스 지도 gpx 8.7km 완주,다른 드로잉런 코스대로 산책해야겠다는 생각을 했는데요~ 괜찮은 드로잉런 코스가 있다면 댓글로 추천 부탁드립니다 :) 댕댕이와 함께한 강아지런 산책하기 서울 러닝코스 8.7km 산책하기 이렇게 클리어 했어요~~,https://blog.naver.com/goldendaebak/224134628217,"거기,거기부터,시작점부터,시작점",오전,"댕댕,강아지,완주,다른,드로잉,산책,드로잉,댕댕,강아지,산책,산책,클리어,왕귀,댕댕,강아지,따라서,산책,아래,댕댕,모양"
서울러닝코스추천,서울 한강 러닝 코스 추천 10km 여의도공원... ,소통해요  #한강러닝코스 #서울러닝코스 #10km러닝 #여의도러닝 #러닝코스추천 #한강운동 #러닝일기 #운동기록 #잠수교러닝 #한강뷰러닝 #잠수교러닝 #용산러닝 #한강10km러닝 #서울스프링페스티벌 #한강나들이... ,https://blog.naver.com/blue_wish_/224253501513,"동작,이제","아침,저녁","한강,여의도,소통,날씨,분명,지금,소매,감기,기온,벚꽃,야외,활동,기분,날씨,한강,얼마나,직접,날씨,퇴근,한강"
서울러닝코스추천,[서울 러닝코스 추천] 한강진... 한강 러닝 코스 / 서이추 환영,"그래서 서울 러닝코스 5km, 10km 코스를 소개해드릴게요 ! 한강 보면서 달리니까 넘 좋더라구요 〰️ 5km 한남역 - 이촌한강공원 - 잠수교 - 반포한강공원 - 잠원한강공원 - 한남대교 10km 한강진역 3출 - 이촌한강... ",https://blog.naver.com/suchae_yeon/224265684478,여기서,"아침,오전","강진,한강,서이추,환영,한강,달리,한남역,이촌,한강,잠수교,반포,한강,한강,한남대교,한강진역,이촌,한강,성창,수연,요즘"
서울러닝코스추천,2월 서울 러닝 코스 5가지 추천,서울 러닝코스 추천 추운 겨울 웅크리고 있지말고 나가서 뛰어보자! 서울의 한강은 러너들에게... 즐거운 러닝을 즐기시길 바랍니다. 아래 영상에서는 서울에서 달리기 좋은 코스 TOP 5를 소개하고 있으니... ,https://blog.naver.com/ulsoooo_h/223768211385,"한강공원,출구,청담대교",저녁,"가지,겨울,한강,러너,아래,겨울,한강,러너,천혜,제공,강변,달리,도심,풍경,자연,동시,한강,가지,여의도,한강"
서울러닝코스추천,[서울 러닝 코스 추천 2탄] 보라매공원 약 6.2km  우중런 후기,그럼 저는 다음엔 서울 하천 러닝 추천코스로 돌아올게요 안녕!! 그나저나 내일 어떻게 일어나지.... 러닝 후에 먹는 im your energy -서울 러닝 코스 추천- 0.겨울철 서울 러닝 코스 1탄 서울과기대 https... ,https://blog.naver.com/gunbbang930/224179177895,신대방,"오후,저녁","보라매,우중,다음,하천,안녕,내일,일어나지,겨울철,과기대,채피,니스,라면,러버,장소,보라매,어린이,올림픽,거구,보라매로,보라매"
서울러닝코스추천,[서울 러닝 코스 추천 3탄] 청계천 완전정복 9km 러닝 후기... ,그럼 행복런 합시다요 ㅎ.ㅎ #러닝후기 #서울러닝코스추천 #러닝코스 #러너 #러닝 #뛰기 #걷기... 가족 &lt;러닝 코스 추천 모음&gt; 1.서울 과기대 https://m.blog.naver.com/gunbbang930/224170353048 2.보라매공원 https://m.blog.... ,https://blog.naver.com/gunbbang930/224184682897,정릉천,시간미상,"청계천,완전,정복,행복,가족,모음,과기대,보라매,러너,채피,청계천,날씨,날씨,프로,정릉천,햇빛,그늘,경계,사이,햇빛"
서울러닝코스추천,[서울러닝 코스 추천 8탄]... 6km 한강러닝 후기[feat.봄 봄 봄],-러닝코스 추천 1탄- https://m.blog.naver.com/PostView.naver?blogId=gunbbang930&amp;logNo=224187444720&amp;navType=by -러닝코스 추천 2탄- https://m.blog.naver.com/PostView.naver?blogId=gunbbang930&amp;logNo=224184682897&amp;navType=by #운동 #다이어트... ,https://blog.naver.com/gunbbang930/224256071230,,시간미상,"한강,러너,채피,중순,언제,여름,뱃살,제거,날씨,정릉천,중간,리릭,구름,구름,층층,느낌,철쭉,빼꼼,중랑천,빼꼼"
서울러닝코스추천,[서울 러닝 코스 추천 4탄]정릉천-성북천 10km 러닝 후기,-서울 하천 러닝 코스 추천 모음- 1.홍 제 천 https://m.blog.naver.com/gunbbang930/223897230234 2.중 랑 천 https://m.blog.naver.com/gunbbang930/223752011289 3.청 계 천 https://m.blog.naver.com/gunbbang930/224184682897 #서울하천러닝... ,https://blog.naver.com/gunbbang930/224187444720,,시간미상,"정릉천,성북천,하천,모음,요새,진짜,러너,러너,채피,요새,위해,노력,여러분,성북구,성북천,설날,여러분,반성,브이,그냥"
서울러닝코스추천,"서울 러닝코스 추천, 경복궁 돌담길 달리기 후기",다음엔 서촌이나 부암동까지 이어지는 코스도 도전해봐야겠어요! #서울러닝코스 #경복궁러닝코스 #돌담길달리기 #북촌러닝 #광화문러닝 #서울달리기 #감성러너 #도심러닝 #러닝코스추천 #클립챌린지 #클립챌린저,https://blog.naver.com/kirruazz/223838689919,,"오후,저녁","경복궁,돌담,다음,부암동,도전,요즘,동네,루틴,조금,뉴발란스,북촌,화랑,대여,겸사겸사,도심,도전,북촌,감성,경복궁,돌담"
서울러닝코스추천,봄에 달리기 좋은 수도권/서울 러닝 코스 추천 Best 9,서울 러닝 코스 추천! 3. 경복궁-청와대 일대 경복궁과 청와대 주변을 따라 달리는 코스는 전통적인... 서울 봄맞이 러닝 코스 추천! 5. 남산 순환로 남산을 둘러싸고 있는 순환로는 도심 속 숲을 느끼며 달릴 수... ,https://blog.naver.com/nwoongwin/223765529610,,시간미상,"수도권,경복궁,청와대,일대,경복궁,청와대,전통,봄맞이,남산,순환로,남산,순환로,도심,봄맞이,수도권,산책,날씨,자연,장소,모두"
서울러닝코스추천,서울 러너들이 추천하는 가을 커피&amp;러닝 코스 5,서울에 거주하는 5인의 러너에게 물었다. 당신의 최애 동네 러닝 코스를 알려주세요. 달리는 행위가... 음료 한 잔을 들이켠 뒤 따릉이를 타고 호젓하게 집으로 돌아가는 나의 최애 러닝 코스. 추천 메뉴... ,https://blog.naver.com/the_edit_magazine/224071678059,집에서,"아침,오전,오후,저녁","러너,가을,커피,거주,인의,러너,당신,최애,동네,행위,음료,따릉,타고,최애,메뉴,안녕,마음,은평구,황영조,객원"
서울러닝코스추천,9월 러닝 초보 서울 5km 코스 추천 가을 마라톤 준비 페이스 시간,찾아보시길 추천드려요. ↓ 8월에 다녀온 서울 러닝 코스가 궁금하다면 아래 포스팅을 참고해 주세요.... 러닝을 시작하려는 분들이라면 5km부터 도전해 보세요. 서울 러닝 코스 추천 루트로 가을의 시작을... ,https://blog.naver.com/pharmkim-/224037196907,"중랑천,동작,동대문","새벽,아침,저녁","초보,가을,아래,참고,부터,도전,루트,가을,가을,선선,바람,계절,초보자,부담,중심,청계천,남산,종묘,한강,도심"
서울러닝코스추천,[서울 한강 러닝 코스 추천] 옥수에서 뚝섬까지 달리고 스타벅스... ,"서울 한강 러닝 코스 추천 옥수에서 뚝섬까지 꽃길 달리고 스타벅스에서 누리는 안온한 주말 글,사진 데일리비 마라톤이 끝난 후로 왠지 모르게 러닝화에 손이 잘 안 갔던 요즘, 드디어 마음을 다잡고 운동화를... ",https://blog.naver.com/ussu84/224260105085,"점은,우리의,에서",시간미상,"한강,옥수,뚝섬,달리,스타벅스,한강,옥수,뚝섬,꽃길,달리,스타벅스,주말,일리,요즘,마음,운동화,한강,옥수,뚝섬,꽃길"
서울러닝코스추천,서울 8km 야간 러닝 코스: 경복궁-종로 댕댕런 GPX 공유... ,것을 추천드려요!) 저도 다음엔 몸만 가서 이용해 볼 생각입니다 짐 보관 및 환복: 경복궁역 똑타라커... #댕댕런 #강아지코스 #서울러닝코스 #GPX공유 #뉴발란스북촌점 #경복궁러닝 #야간러닝... ,https://blog.naver.com/haosrwqae01/224264700820,"바로,경복궁역","저녁,밤","야간,경복궁,종로,댕댕,공유,다음,이용,보관,환복,경복궁역,라커,러너,사이,이자,산다,전현무,도전,댕댕,강아지,완주"
서울러닝코스추천,서울 러닝코스 추천 : 여의도 한강공원에서 용산까지,그리고 다시 러닝!! 잠수교를 뛸때마다 항상 질주하고 싶어진다. 잠수교를 건너 서쪽으로! 이쪽 코스는 정말 낯설었다. 사람도 없고 어둡고 나무도 많아서 서울 한가운데 한강변이라는 느낌과는 거리가 멀었다.... ,https://blog.naver.com/woon2567/223988868767,"공원에서,길고",저녁,"여의도,한강,용산,다시,잠수교,항상,질주,잠수교,건너,서쪽,정말,나무,한가운데,강변,느낌,하프마라톤,대회,나름,역시,더위"
서울러닝코스추천,"서울 러닝 코스추천, 청계천 러닝 추천 5k, 10k","서울 도심에서 달리며 자연과 도시의 매력을 동시에 느낄 수 있는 곳을 찾고 있다면 청계천 러닝 코스 추천드려요. 고층 빌딩 사이를 흐르는 시원한 물줄기와 도심 속 여유로운 산책로, 그리고 곳곳에 마련된... ",https://blog.naver.com/2park_gazi/224021432454,광화문,"오전,저녁,밤","청계천,도심,달리,자연,도시,매력,동시,청계천,고층,빌딩,사이,물줄기,도심,여유,산책로,곳곳,마련,청계천,청계천,서울특별시"
서울러닝코스추천,러닝크루 주목! 제이엘브 이벤트 서울 러닝코스 정보,경복궁 댕댕런 '경복궁 강아지런'이라는 별명으로도 불리는 광화문/경복궁 주변 코스가 감성 사진 명소로도 인기를 있어 서울 나들이를 겸한 러닝코스로 추천합니다. 서울의 랜드마크와 자연이... ,https://blog.naver.com/nicenet/224023619006,,저녁,"크루,주목,제이,이벤트,경복궁,댕댕,경복궁,강아지,별명,광화문,경복궁,감성,명소,인기,나들이,랜드마크,자연,일상,리프,레시"
서울러닝코스추천,10월 가을 서울 러닝 코스 추천 마라톤 준비 젤카야노31... ,"#서울러닝코스 #가을러닝 ↓ 9월에 다녀온 서울 러닝 코스가 궁금하다면 아래 포스팅을 참고해 주세요.... 편이라, 러닝용 장갑을 사러 던던에 들렀어요. 러닝 방한용품 추천 손가락장갑과 벙어리가 함께 있는... ",https://blog.naver.com/pharmkim-/224065688127,,"아침,저녁,밤","가을,아래,참고,편이,장갑,방한,용품,손가락,장갑,벙어리,러너,가장,달이,선선,공기,단풍,계절,최고,환경,가을"
서울러닝코스추천,운동 달리기 일기 트레일 러닝 코스 추천 서울 한양도성 씨티런... ,러닝크루 #러닝코스추천 #한양도성런 #씨티런 #인왕산 #북악산 #와룡공원 #낙산공원 #남산공원 #북측순환로 #서울한양도성 #스탬프투어 #완주기념배지 #돈의문 #숙정문 #흥인지문 #숭례문... ,https://blog.naver.com/mintguni/224227695501,완주기념배지,시간미상,"일기,트레일,한양도성,씨티,크루,월간,한양도성,크루,타지,고생,고향,가족,치유,기분,실제,평생,가지,고민,모두,해결"
서울러닝코스추천,서울러닝코스추천(feat.두루미),해시태그 (블로그 최적화)  러닝·운동 #러닝붐 #러닝코스추천 #도심러닝 #서울러닝 #초보러닝  청계천·종로 #청계광장 #청계천러닝 #종로러닝코스 #광화문러닝 #서울야경러닝  디저트·쉑쉑 #쉑쉑버거... ,https://blog.naver.com/lvtocsy/224167183548,초보자,"오전,저녁,밤","두루미,해시태그,최적화,청계천,종로,디저트,쉑쉑,요즘,청계,광장,진짜,요즘,실감,실제,어제,러너,이순신,세종대왕,헬스장,대신"
서울러닝코스추천,서울 러닝코스 추천 남산 둘레길 코스,그중에서도 서울 러닝코스 추천하면 떠오르는 이곳 바로 남산 둘레길코스입니다. 저는 퇴근후 바로갔었는데 이날 날씨가 어찌나 뜨겁던지... 사실 이번에 서울 러닝코스 중 하나인 남산둘레길을 가게된이유는... ,https://blog.naver.com/jobblisher/223990320667,,저녁,"남산,둘레길,바로,남산,둘레길,퇴근,바로,날씨,사실,하나,남산,둘레길,가게,이유,잡블리셔,일상,주제,취미,하나,바로"
서울러닝코스추천,"하카타에서 오호리 공원까지, 아침을 깨우는 7km 러닝 코스 추천",안녕하세요 :) 러닝을 즐겨하는 백데이터입니다✨ 일요일 서울하프마라톤 10K 나갈 예정이라 일본 여행... 나오니 러닝하기 참 좋은 코스라 추천합니다! 달리는 주로도 아주 깔끔하게 정리되어 있고 뛰는... ,https://blog.naver.com/wowterry/224262109622,에서,"아침,오전","하카타,호리,아침,일요일,하프마라톤,예정,일본,여행,나오니,주로,아주,정리,하프마라톤,주년,하마,사전,기념품,페이스메이커,물품,보관"
서울러닝코스추천,서울 한강 러닝 코스 추천 | 양화한강공원 마포대교 여의도... ,서울 한강 러닝 코스 추천 4 : 양화한강공원 - 여의도한강공원 - 마포대교 7.5km 후기 2026. 4. 17 (금) 저녁 달리기 안녕하세요 ! 오랜만에 온 기분이네요..ㅎㅎ 지난 포스팅에 이어서 오늘은 새로운 서울 러닝 코스를... ,https://blog.naver.com/mychsworld/224262707423,"마포대교,마포대교에서",저녁,"한강,양화,한강,마포대교,여의도,한강,양화,한강,여의도,한강,마포대교,저녁,기분,한강,양화,한강,여의도,한강,마포대교,저녁"
서울러닝코스추천,런린이들 서울 한강 러닝코스 추천 여의도 고구마런 X... ,Fun Run :: 고구마런 X 다운 타우너 글 @테니제로 이미지 @downtowner 고구마런 그게 뭔데 서울 한강... 한강 러닝 코스로 추천드리는데요. 여의도 고구마런 정보 출발위치 - 여의나루역 2번출구 한강변... ,https://blog.naver.com/hhyejjin0810/223995016824,여의도,시간미상,"런린이들,한강,여의도,고구마,고구마,다운,타우,제로,이미지,고구마,그게,한강,한강,여의도,고구마,위치,여의나루역,출구,강변,고구마"
서울러닝코스추천,서울 근교 러닝코스 추천｜팔당역~능내역 10km 힐링런,분들께 추천 - 10km 도전하는 러너 - 뷰 좋은 러닝코스 찾는 분 - 서울 근교 러닝 장소 찾는 분 요 터널을 지나오면 런닝 코스가 바로 보입니다 ️️ 인증샷 !  러닝 꿀팁 - 낮에는 햇빛 강해서 모자 필수... ,https://blog.naver.com/my__ban/224259259347,팔당,"아침,오전","근교,팔당역,능내역,힐링,도전,러너,근교,장소,터널,런닝,바로,인증샷,꿀팁,햇빛,모자,필수,휴가,런닝,목표,런닝"
서울러닝코스추천,서울 러닝코스 추천｜경복궁 러닝(돌담길) + 서촌 카멜커피 마무리,#경복궁러닝 #서울러닝코스 #서촌러닝 #경복궁돌담길 #가을러닝 #은행나무 #런스타그램 #러닝스타그램 #러닝크루 #ACTOcrew #서촌카페 #카멜커피 #카멜커피서촌 #아침러닝 #리커버리 #호카 #스페리 #코로스,https://blog.naver.com/kimssin/224114071646,,아침,"경복궁,돌담,카멜,커피,마무리,가을,계시,경복궁,정답,돌담,워밍업,은행나무,아래,햇살,타이밍,살짝,스냅,벤치,셀카,돌담"
서울러닝코스추천,서울 러닝코스 추천 4곳 + 러닝 후 가기 좋은 카페까지 총정리... ,"22:00  서울 러닝코스 + 카페 한눈에 정리! 코스 거리 난이도 추천 카페 광화문 아트컬처런 5km ⭐⭐ 테라로사, 블루보틀, 리와인드 서울 반포한강공원 미들런 6.8km ⭐⭐⭐ 에스프레소 코어, 카페돌체... ",https://blog.naver.com/velya_/224211016827,경춘선숲길,"아침,오전,저녁,밤","가기,카페,정리,카페,한눈,정리,난이도,카페,광화문,아트,컬처,테라로사,블루,보틀,와인,반포,한강,미들런,에스프레소,코어"
서울러닝코스추천,[서울 러닝 코스] 잠수교 러닝코스 추천... ,10km 러닝코스&gt; 자세히 보기 잠수교 러닝 잠수교 러닝 코스가 서울 러닝 코스 추천에 빠지지 않는... 맛집 추천 &lt; &gt; 다른 한강 러닝 코스가 궁금하다면 아래 글에서 한 번에 확인해 보세요. ☞ 서울 한강 러닝 코스... ,https://blog.naver.com/pila_writer/224262975913,"한남,에서",밤,"잠수교,보기,잠수교,잠수교,맛집,다른,한강,아래,확인,한강,정말,한남역,잠수교,한강,루트,반포,한강,강바람,잠수교,이색"
서울러닝코스추천,[서울 러닝 코스 추천 #15] 강동구(5km코스 &amp; 10km코스),[서울 러닝 코스 추천 #15] 강동구 편: 한강 상류의 순수함과 암사의 숨결 강동구 코스는 복잡한 도심... 암사역러닝 #오런완 #러닝코스추천 #서울조깅 #강동운동 #에코러닝 #5km코스 #10km코스 #한강뷰러닝,https://blog.naver.com/eotjr83/224210277302,"카카오맵,보충하고",시간미상,"강동구,강동구,한강,상류,암사,숨결,강동구,도심,암사역,강동구,한강,상류,암사,숨결,강동구,도심,빌딩,갈대,한강,민낯"
서울러닝코스추천,굽네 오븐런 서울 마라톤 일정 5월 이색 러닝 코스 추천 5km,장소 - 서울 상암 월드컵공원 평화광장  일정 - 2025.05.18(일) *접수 - 2025.04.08(화) ~ 2025.0428(월)  코스 - 5km 참가비 - 3만원 굽네 오븐런 굽네의 브랜드 컨셉을 러닝으로 풀어낸 이색 마라톤 대회 인데요. 오븐을... ,https://blog.naver.com/hhyejjin0810/223833557704,,시간미상,"오븐,일정,이색,장소,상암,월드컵,평화,광장,일정,접수,참가,오븐,브랜드,컨셉,이색,대회,오븐,플루,제로,개최"
서울러닝코스추천,[서울 러닝 코스 추천 #16] 용산구(5km코스 &amp; 10km코스),"[서울 러닝 코스 추천 #16] 용산구 편: 서울의 심장, 이촌과 용산의 하모니 용산 코스는 남산의 업힐과는... 동작대교 #한강대교 #오런완 #러닝코스추천 #서울조깅 #용산운동 #선셋러닝 #5km코스 #10km코스 #서울피날레",https://blog.naver.com/eotjr83/224210279316,카카오맵,시간미상,"용산구,용산구,심장,이촌,용산,하모니,용산,남산,업힐,동작대교,용산구,심장,이촌,용산,하모니,용산,남산,업힐,다른,매력"
서울러닝코스추천,뚝섬한강공원 러닝 코스 추천_퇴사한 시골쥐의 서울상경... ,"♀️ [서울 광진] 뚝섬한강공원 러닝 코스 추천 | 자양역~잠실대교~잠실철교 봄 산책 후기  기분 전환 필요할 때, 한강 러닝 추천 요즘처럼 생각은 많은데 아무것도 하기 싫을 때, 가볍게 몸을 움직여보는 게 정말... ",https://blog.naver.com/hyuniup_/224262903783,한강공원으로,밤,"뚝섬,한강,퇴사,시골,상경,광진,뚝섬,한강,자양역,잠실대교,잠실철교,산책,기분,전환,한강,요즘,정말,광진,뚝섬,한강"
서울러닝코스추천,"일상, 여의도공원에서 한강까지 1시간 산책코스 (걷기·러닝 추천)",한강까지 이어지는 러닝코스로도 추천 ✔️ 봄·여름 시즌 행사와 볼거리까지 더해진 요즘 핫한 산책길 #여의도공원 #여의도한강공원 #여의도산책코스 #서울산책코스 #한강러닝코스 #여의도데이트 #한강라면,https://blog.naver.com/miyoun92/224264713591,,"오전,밤","일상,여의도,한강,산책,걷기,한강,여름,시즌,행사,볼거리,요즘,산책길,요즘,일상,걷기,여의도,한강,산책,션앤슈,요즘"
서울러닝코스추천,러닝 여행. 서울 야경 잠실한강공원 - 잠실철교 코스 추천... ,com/habibi__/223535319536 #한강러닝 #한강러닝코스 #한강러닝코스추천 #서울야경 #서울야경추천... 잠실한강러닝 #잠실한강러닝코스 #잠실대교러닝 #러닝여행 #서울러닝여행 #서울러닝코스추천 #서울러닝코스... ,https://blog.naver.com/habibi__/223535360661,잠실한강공원,"저녁,밤","여행,야경,잠실,한강,잠실철교,잠실,한강,가장,매력,장소,꼽으라,한강,퇴근,한강,잠실,한강,잠실철교,잠실철교,왕복,잠실철교"
서울러닝코스추천,서울 러닝 코스 추천 BEST 7! 초보부터 마라톤까지 인생... ,서울 러닝 코스 추천 BEST 7! 초보부터 마라톤까지 인생 달리기를 찾아봐!#서울러닝 #러닝코스... 운동하는여자 #러닝크루 #운동스타그램 #러닝스타그램 #야경러닝 #힐링러닝 #주말운동 #서울가볼만한곳 #운동추천... ,https://blog.naver.com/0111khh/223999833496,,"아침,밤","초보,인생,초보,인생,여자,선선,바람,계절,아침,맞이,정말,최고,인생,초보,러너,숙련,토너,모두,주목,한강"
서울러닝코스추천,"서울 러닝코스 추천, 러너들이 가장 좋아하는 서울 달리기 코스",코스 같은 검색어가 꾸준히 검색되고 있습니다. 오늘은 러너들이 가장 많이 찾는 서울 러닝코스 추천을... 남산러닝코스 #올림픽공원러닝 #러닝코스추천 #율리시스러닝화 #데일리러닝화 #러닝입문 #서울러닝,https://blog.naver.com/ulyssesrunning/224217250266,,아침,"러너,가장,검색어,검색,러너,가장,남산,가장,검색,하나,바로,환경,도시,한강,남산,서울숲,장소,러너,명소,조깅"
서울러닝코스추천,[서울 러닝코스 추천] 광화문 댕댕이런 하고왔습니다,처음뛰었는데 강아지가 이쁘게 그려져서 기분이 좋음 무조건 길을 잘찾는사람하고 뛰어야함(나) #광화문러닝 #서울러닝코스 #광화문강아지런 #댕댕런 #댕댕이런 #그림그리기러닝 #서울러닝 #러닝 #러닝코스,https://blog.naver.com/ops1200/223981005499,번출구,밤,"광화문,댕댕,처음,강아지,기분,무조건,경복궁역,호선,서울특별시,종로구,사직로,경복궁역,출구,식중독,이틀,회복,질거려,갑자기,그냥,요즘"
서울러닝코스추천,[서울 러닝 코스 추천 #14] 은평구(5km코스 &amp; 10km코스),[서울 러닝 코스 추천 #14] 은평구 편: 불광천의 물길과 북한산의 숨결 은평구 코스는 상암 한강공원까지... 구파발러닝 #오런완 #러닝코스추천 #서울조깅 #은평운동 #불광천산책로 #5km코스 #10km코스 #한옥런,https://blog.naver.com/eotjr83/224210276017,카카오맵,밤,"은평구,은평구,불광천,물길,북한,숨결,은평구,상암,한강,구파발,은평구,불광천,물길,북한,숨결,은평구,상암,한강,물길,아래"
서울러닝코스추천,서울 러닝코스 추천... 용산 장교숙소5단지 - 잠수교 왕복코스,서울 러닝코스 추천 국립중앙박물관 - 용산가족공원 - 용산 장교숙소5단지 - 잠수교 왕복코스... 오늘은 서울 러닝코스 로 왕추천 하는 코스로 가 볼 건데요~ 국립중앙박물관 에서 조인 1.국중박 관람 후 2.... ,https://blog.naver.com/badalaik/224244361793,이촌,"아침,오전,저녁","용산,장교,숙소,단지,잠수교,왕복,국립,중앙,박물관,용산,가족,용산,장교,숙소,단지,잠수교,왕복,건데,국립,중앙"
서울러닝코스추천,[Athletes]서울 러닝 코스 추천 5 - 남산/한강/덕수궁-광화문... ,"코스 말고 서울의 매력을 느낄 수 있는 색다른 코스에서 달려보면 어떨까요? 서울 러닝 코스 추천 5... 분에게 추천! 2. 한강변 러닝코스 한강변 러닝코스는 총 150km로, 서울의 다양한 모습을 감상하며 달리기... ",https://blog.naver.com/e4a_official/223286696177,,"새벽,저녁","남산,한강,덕수궁,광화문,매력,강변,강변,모습,감상,매력,흠뻑,계절,계절,춘천,아국,이벤트,한창,매일,매력,도시"
서울러닝코스추천,서울러닝코스 추천 보라매공원은 어떨까?,더 고민하면 못나갈거 같아서 바로 옷을 입고 바로 나왔다.오늘 뛴 러닝코스는 보라매공원인데 예전에 한두번 뛰어본 정도고 집에서 2.5키로 뛰어가면 보라매 공원이여서 보라매공원을 쭉 뛰고 오는거까지... ,https://blog.naver.com/realpsg/223287931116,,"아침,오전,저녁","보라매,고민,바로,바로,보라매,예전,보라매,보라매,신도림,개월,이사,고려,어디,고려,편이,실내,오전,고민,고민,고민"
서울러닝코스추천,#오운완 인증각! 요즘 뛰기 좋은 서울 러닝 코스 추천,"날씨도 풀린 만큼 러닝을♂️ 시작해보고 싶은 입문자라면 오늘 교봉이가 추천하는 러너들을 위한 서울 러닝 코스를 달려보자! 자, 그럼 시작할게! ✅ 바쁜 당신을 위한 핵심 체크 ✅ &lt;반포 한강공원&gt; 서울... ",https://blog.naver.com/kyoboblog/223773054499,,저녁,"인증,요즘,날씨,만큼,입문,교봉,러너,당신,핵심,체크,반포,한강,안녕,날씨,최고,선선,바람,요즘,날씨,건강"
서울러닝코스추천,서울 러닝 코스 추천: 경복궁부터 경희궁까지(댕댕이런) with... ,서울 러닝 코스 추천 5宮런 경복궁 창덕궁 창경궁 덕수궁 경희궁 꼬리가 없는 댕댕이...ㅠㅠ 안녕하세요... 구경오세요  #러닝일지 #러닝일기 #달리기 #댕댕이런 #서울러닝코스 #서울러닝추천 #경복궁러닝... ,https://blog.naver.com/dud_9350/223358826408,,시간미상,"경복궁,경희궁,댕댕,경복궁,창덕궁,창경궁,덕수궁,경희궁,꼬리,댕댕,구경,경복궁,창덕궁,창경궁,덕수궁,경희궁,꼬리,댕댕,일지,쿠레레"
서울러닝코스추천,'뛰기 좋은' 서울 벚꽃 러닝 코스 추천 3곳,주차장 러닝 핵심 코스 : 서울숲 내부 -&gt; 한강 연결 거리 : 2~4km 특징 : 숲 + 벚꽃 + 여유로운 분위기 주차... 주차 편함 + 러닝 다양성 -&gt; 여의도 조용 + 접근성 좋음 -&gt; 서울숲 (뚝섬 추천) 편의시설 + 야경 -&gt; 석촌호수,https://blog.naver.com/hobbitime/224241393962,,시간미상,"벚꽃,주차장,핵심,서울숲,내부,한강,연결,특징,벚꽃,여유,분위기,주차,주차,다양성,여의도,접근성,서울숲,뚝섬,편의,시설"
서울러닝코스추천,[서울 러닝 코스 추천 #11] 강서구(5km코스 &amp; 10km코스),[서울 러닝 코스 추천 #11] 강서구 편: 마곡의 첨단 도시 뷰와 습지의 평온함 강서구 코스는 잘 닦인... 한강러닝 #가양대교 #오런완 #러닝코스추천 #서울조깅 #강서구운동 #습지러닝 #5km코스 #10km코스 #시티런,https://blog.naver.com/eotjr83/224207670424,카카오맵,밤,"강서구,강서구,마곡,첨단,도시,습지,강서구,한강,강서구,마곡,첨단,도시,습지,강서구,보도블록,자연,호수,산책로,가장,시티"
서울러닝코스추천,서울 한강 러닝 코스는... 런린이 한강변 LSD 러닝 코스 추천!!,이왕 서울까지 가서 달리는 김에 한강변 경치를 마음껏 오래오래 즐기면서 달리고 오고싶었다. 그래서 한강변 러닝 코스를 추천 받아보고자 유튜브며 인스타며 검색해봤지만 러닝 코스는 잘 나오지 않더라.... ,https://blog.naver.com/hero88y/223108052514,"새벽에,잠실,잠실에서,다시","새벽,아침,오전","한강,런린,강변,강변,경치,마음껏,오래오래,달리,강변,보고,유튜브,인스타,검색,지난주,토요일,날씨,한강,달리,강변,경치"
서울러닝코스추천,[서울 러닝 코스 추천 #10] 광진구(5km코스 &amp; 10km코스),[서울 러닝 코스 추천 #10] 광진구 편: 동물의 정원과 한강의 물결 광진구 코스는 가족 단위 나들이객이... 잠실대교 #청담대교 #오런완 #러닝코스추천 #서울조깅 #광진구운동 #이색러닝 #5km코스 #10km코스 #한강야경,https://blog.naver.com/eotjr83/224207669288,"카카오맵,정문","저녁,밤","광진구,광진구,동물,정원,한강,물결,광진구,가족,단위,나들이,잠실대교,광진구,동물,정원,한강,물결,광진구,가족,단위,나들이"
서울러닝코스추천,"서울 아침 러닝코스 추천, 양재천~한강","긍정선언 한번더 되새기고 꾸준히, 길게 적금들기! 서울 러닝코스로 추천하고픈 이 길, 이번 주말에도 한강코스가 생각날것 같다~ #서울러닝코스 #한강러닝 #양재천러닝 #한강러닝뷰",https://blog.naver.com/5jun329/224089236901,,"새벽,아침,오전","아침,양재천,한강,긍정,선언,한번,적금,주말,한강,하프마라톤,완주,자신감,뿜뿜,대회,마음,삼일,맥주,집도,클럽,참여"
서울러닝코스추천,[서울 러닝코스 추천]반포 한강 잠수교 석양 러닝｜분수쇼,#잠원역 #한강러닝 #잠수교러닝 #서울러닝 #한강크루 #퇴근후러닝 #여름러닝 #잠원한강공원 #달빛무지개분수 #러닝코스추천 #서울운동코스 #한강달리기 #잠수교 #서울야경 #석양러닝 #도심운동 #서울크루러닝... ,https://blog.naver.com/emma8072/223930073246,"주차장으로,잠원","저녁,밤","반포,한강,잠수교,석양,분수,잠원역,반포,한강,잠수교,석양,분수,낭만,하루,마무리,가장,하나,바로,퇴근,한강,퇴근"
서울러닝코스추천,서울 주말러닝 코스 추천 3곳 가보자,"서울 주말 러닝 코스 추천 3곳 요즘처럼 선선한 날씨엔, 도심 속 러닝으로 몸도 마음도 환기시켜보는 건 어떨까요? 복잡한 트래픽과 공기에서 잠시 벗어나 자연 속을 달리는 것만큼 상쾌한 주말은 없습니다.... ",https://blog.naver.com/beneficial-beom/224141586700,,오전,"주말,주말,요즘,선선,날씨,도심,마음,환기,트래픽,공기,잠시,자연,주말,주말,요즘,선선,날씨,도심,마음,환기"
서울러닝코스추천,서울 업힐 러닝 훈련장소 TOP3러너들이 인정한 언덕 코스 추천,추천 대상: 인터벌 훈련 목적 러너 장점: 반복 훈련 효율 좋음 특징: 짧고 강한 언덕 구성 하늘공원/노을공원은 서울 서부권 러너들에게 인기 높은 업힐 코스입니다. 서울 업힐 러닝 장소 추천 정리 1위 남산... ,https://blog.naver.com/beneficial-beom/224254367352,,시간미상,"업힐,장소,러너,인정,언덕,대상,인터,목적,러너,장점,반복,효율,특징,언덕,구성,하늘,노을,서부,러너,인기"
서울러닝코스추천,4월 서울 벚꽃 러닝 코스 추천 여의도 말고 달리기 좋은 곳,↑ ↑ ↑ ↑ ↑ ↑ 더 다양한 상품들 확인하세요 ↑ ↑ ↑ ↑ ↑ ↑ #서울러닝코스 #벚꽃러닝 #4월러닝 #여의도말고 #서울벚꽃명소 #서울러닝 #서울달리기 #러닝코스추천 #서울봄나들이 #서울벚꽃코스... ,https://blog.naver.com/daily__with_dan/224242580582,있어서,"아침,오전,저녁","벚꽃,여의도,상품,확인,벚꽃,벚꽃,여의도,다시,아침,공기,벚꽃,언제,기분,자주,가게,여의도,벚꽃,피하,정리,바퀴"
서울러닝코스추천,[서울 러닝 코스 추천 #12] 관악 &amp; 금천(5km코스 &amp; 10km코스),[서울 러닝 코스 추천 #12] 관악 &amp; 금천 편: 도림천의 생동감과 안양천의 여유 관악구에서 시작해... 보라매공원 #금천구청역 #신림러닝 #오런완 #러닝코스추천 #서울조깅 #하천러닝 #5km코스 #10km코스 #벚꽃길러닝,https://blog.naver.com/eotjr83/224207671668,"관악구,카카오맵",밤,"관악,금천,관악,금천,도림천,생동감,안양천,여유,관악구,보라매,관악,금천,도림천,생동감,안양천,여유,관악구,금천구,물길,도림천"
서울러닝코스추천,[서울 러닝 코스 추천 #13] 동대문 &amp; 중랑(5km코스 &amp; 10km코스),[서울 러닝 코스 추천 #13] 동대문 &amp; 중랑 편: 장미의 정원과 중랑천의 직선 주로 동대문구와 중랑구... 장안동러닝 #살곶이다리 #중랑천러닝 #오런완 #러닝코스추천 #서울조깅 #직선주로 #5km코스 #10km코스 #장미터널,https://blog.naver.com/eotjr83/224210274789,"아래,카카오맵",시간미상,"동대문,중랑,동대문,중랑,장미,정원,중랑천,직선,주로,동대문구,중랑구,장안동,동대문,중랑,장미,정원,중랑천,직선,주로,동대문구"
서울러닝코스추천,[서울 러닝 코스 추천 #7] 종로구(5km코스 &amp; 10km코스),[서울 러닝 코스 추천 #7] 종로구 편: 고궁의 담장을 따라 달리는 시간 여행 종로구 코스는 단순히... 청계광장 #시티런 #오런완 #러닝코스추천 #서울조깅 #종로구운동 #야간러닝 #5km코스 #10km코스 #고궁러닝,https://blog.naver.com/eotjr83/224199985670,"카카오맵,도심","새벽,밤","종로구,종로구,고궁,담장,여행,종로구,청계,광장,종로구,고궁,담장,여행,종로구,정취,헤리티지,경복궁,둘레길,광화문,광장,카카오"
서울러닝코스추천,[서울 러닝 코스 추천 #8] 서초구 (5km코스 &amp; 10km코스),[서울 러닝 코스 추천 #8] 서초구 편: 양재천의 숲 터널과 매헌의 정기 서초구 코스는 잘 관리된... 오런완 #러닝코스추천 #서울조깅 #서초운동 #에코러닝 #벚꽃러닝 #5km코스 #10km코스 #메타세쿼이아길,https://blog.naver.com/eotjr83/224201007299,카카오맵,밤,"서초구,서초구,양재천,터널,정기,서초구,관리,오런완,서초구,양재천,터널,정기,서초구,관리,산책로,녹지,덕분,여름,상대,에코"
서울러닝코스추천,서울 한강 러닝코스 추천 런린이도 도전해볼만한 여의도 고구마런,저번에 소개해드린 서울 러닝코스 추천중 남산 둘레길코스는 조금 빡센코스였기에 이번엔 조금... 서울 한강 러닝코스중 여름에 고구마런을 추천드리는 이유중 하나가 바로 이 수영장입니다. 8km 거리를... ,https://blog.naver.com/jobblisher/223993318721,,오전,"한강,런린이,도전,여의도,고구마,저번,남산,둘레길,조금,조금,한강,여름,고구마,이유,하나,바로,수영장,잡블리셔입니,저번,남산"
서울러닝코스추천,"서울러닝코스 추천, 남산 한바퀴 달리기! 화려한 야경에... ",서울 러닝 코스 추천2 남산 둘레길 달리기 코스 저번 정릉천-성북천 코스에 이어서 제가 좋아하는 서울 런닝코스 추천해드리려고 합니다! 실내운동은 물론 야외에 나가기도 어려워지긴... ,https://blog.naver.com/njw601/222068760314,,밤,"남산,바퀴,야경,남산,둘레길,저번,정릉천,성북천,런닝,실내,야외,남산,둘레길,저번,정릉천,성북천,런닝,실내,야외,외출"
서울러닝코스추천,서울 러닝코스 추천 한강 여의도~뚝섬 35km LSD코스,"생각되어 서울 여의도~뚝섬 LSD에 참여하고 왔어요. 서울 러닝코스 추천으로 다양한 코스들이 많은데... LSD준비물은 에너지젤 4개정도와 핸드폰,러닝벨트 정도만 챙겼습니다. 급수포인트는 어떻게?... ",https://blog.naver.com/jobblisher/224032655429,,새벽,"한강,여의도,뚝섬,여의도,뚝섬,참여,준비물,에너지,핸드폰,벨트,급수,포인트,잡블리셔입니,모두,추석,연휴,추석,연휴,첫날,이제"
서울러닝코스추천,"양재천 러닝, 매일 달리고 싶은 서울 러닝코스 추천 (봄 벚꽃... ",■ – 매일 달리고 싶은 서울 러닝코스 양재천 러닝은 계절마다 다른 풍경을 보여줘요. 봄에는 벚꽃... 여러분의 러닝 이야기도 댓글로 나눠주세요  이웃추가 해두시면 다음 러닝코스 추천 글도 빠르게 받아보실... ,https://blog.naver.com/sh__k87/224192562602,,"아침,밤","양재천,매일,달리,벚꽃,매일,달리,양재천,계절,다른,풍경,벚꽃,여러분,이야기,추가,두시,다음,언제,부터,요즘,사이"
서울러닝코스추천,"서울, 부산 러닝코스 추천 TOP 4, 여러분들의 러닝 추천 코스는... ","서울, 부산 러닝코스 추천 TOP 4, 여러분들의 러닝 추천 코스는 어디인가요? 요즘 살짝 날씨가 쌀쌀해졌죠? 러닝하면 너무 시원하고 딱 좋더라고요! 서울 그리고 부산에서 지금 날씨와 경치를 만끽하면서 러닝을... ",https://blog.naver.com/dagymdieting/220834498234,,시간미상,"부산,여러분,부산,여러분,어디,요즘,살짝,날씨,부산,지금,날씨,경치,만끽"
서울러닝코스추천,서울 한강 러닝 코스 추천 | 마포대교 마름모런 5km (여의도... ,서울 한강 러닝 코스 추천 2 : 마포대교 - 여의도한강공원 - 원효대교 - 이촌한강공원 5km 후기 2026. 4. 2 (목) 저녁 달리기 안녕하세요 ! 지난 포스팅에 이어서 오늘은 새로운 서울 러닝 코스를 가져왔습니다 ! 제가... ,https://blog.naver.com/mychsworld/224247535242,"사실,여기서,마포대교,마포대교에서",저녁,"한강,마포대교,마름모,여의도,한강,마포대교,여의도,한강,원효대교,이촌,한강,저녁,한강,마포대교,여의도,한강,원효대교,이촌,한강,저녁"
서울러닝코스추천,실패없는 서울도심 러닝코스 추천 가볍게 뛰기 좋은 곳,"그냥 오늘 저녁, 운동화 신고 나가고 싶어질 정도면 충분해요.서울도심 러닝코스 추천할게요! 1. 한강공원 코스 — 서울 러닝의 클래식 서울에서 러닝을 시작했다면 누구나 한 번쯤은 한강을 달리죠. 한강... ",https://blog.naver.com/kjcfree1234/224251046603,"서울숲,뚝섬에서,쪽에서,창의문,뚝섬","아침,저녁,밤","실패,도심,그냥,저녁,운동화,신고,도심,한강,클래식,누구,한강,달리,한강,가장,먼저,문제,러닝머신,금방,차도,인도"
서울러닝코스추천,[서울 러닝 코스 추천 #9] 마포구 상암 편 (5km코스 &amp; 10km코스),[서울 러닝 코스 추천 #9] 마포구 상암 편: 하늘과 맞닿은 언덕 위 레이싱 상암 코스는 평지 위주의 한강... 메타세쿼이아길 #오런완 #러닝코스추천 #서울조깅 #마포운동 #업힐훈련 #노을러닝 #5km코스 #10km코스,https://blog.naver.com/eotjr83/224201008565,카카오맵,밤,"마포구,상암,마포구,상암,하늘,언덕,레이싱,상암,평지,위주,한강,메타세쿼이아,마포구,상암,하늘,언덕,레이싱,상암,평지,위주"
서울러닝코스추천,쉬엄쉬엄모닝런 서울 러닝코스 3월 일정 시간 참가 접수 방법,서울러닝코스를 소개해보려고 합니다. 기록 경쟁 없이 걷기·러닝·자전거를 자유롭게 즐길 수 있는... 2026 쉬엄쉬엄모닝런 정보 정리 서울러닝코스 추천 쉬엄쉬엄 모닝이란? ‘쉬엄쉬엄 모닝’은 기록 경쟁... ,https://blog.naver.com/lovely7287/224206950499,정해진,아침,"쉬엄쉬엄,모닝,일정,참가,접수,기록,경쟁,걷기,자전거,쉬엄쉬엄,모닝,정리,쉬엄쉬엄,모닝,쉬엄쉬엄,모닝,기록,경쟁,쉬엄쉬엄,모닝"
서울러닝코스추천,서울 한강공원 러닝코스 일본 무릎보호대가 답이다,"서울 한강공원, 왜 러닝 코스로 최고일까? 한강공원은 정말 서울 시민에게 축복이죠. 일단 접근성이... 혹시 한강 러닝 코스 추천이나, 무릎보호대 관련해서 궁금한 점 있으시면 언제든지 댓글로 물어보세요!",https://blog.naver.com/roh339/224056582257,"영취사에서,영취사,지하철",시간미상,"한강,일본,무릎,보호대,한강,최고,한강,정말,시민,축복,일단,접근성,혹시,한강,무릎,보호대,관련,언제,혹시,부족"
서울러닝코스추천,서울 근교 러닝 코스 추천 | 경기 성남 탄천 5km ~ 10km 뻥뚫린... ,"서울 근교 경기 성남 러닝 코스 추천 5 : 경기도 성남 탄천 러닝 5km ~ 10km 2026. 4 달리기 안녕하세용 지난 포스팅에 이어서 오늘은 처음으로 서울이 아닌 서울 근교, 경기도 성남의 러닝 코스를 가져왔습니다... ",https://blog.naver.com/mychsworld/224263677236,,아침,"근교,경기,성남,탄천,근교,경기,성남,경기도,성남,탄천,처음,근교,경기도,성남,근교,경기,성남,경기도,성남,탄천"
서울러닝코스추천,서울 벚꽃 러닝 코스 추천 | 서울둘레길13코스 | 7km 러닝 후기... ,26년 4월 4일 안양천 벚꽃 현황입니다 러닝을 하지 않더라도 벚꽃 구경 장소로도 왕추천합니다 구일역... #러닝초보코스 #서울둘레길 #서울둘레길벚꽃 #서울둘레길러닝 #구로러닝코스 #안양천러닝코스... ,https://blog.naver.com/yeong______/224240484735,,오전,"벚꽃,둘레길,안양천,벚꽃,현황,벚꽃,구경,장소,구일역,지난번,둘레길,벚꽃,다시,둘레길,초보,구로,둘레길,안양천,하류,완연"
서울러닝코스추천,[서울 러닝 코스 추천 #2] 성동구(5km코스 &amp; 10km코스),[서울 러닝 코스 추천 #2] 성동구 편: 서울숲의 녹음과 한강의 물길 성동구 코스는 평탄한 지형 덕분에... #서울러닝 #성동구러닝 #서울숲러닝 #성수동러닝 #중랑천러닝 #한강러닝 #오런완 #러닝코스추천 #서울조깅... ,https://blog.naver.com/eotjr83/224184426390,"카카오맵,아름다움",시간미상,"성동구,성동구,서울숲,녹음,한강,물길,성동구,지형,덕분,성동구,서울숲,녹음,한강,물길,성동구,지형,덕분,초보자,서울숲,내부"
서울러닝코스추천,서울 러닝 코스 추천 응봉산 개나리 보면서 달리기 [계절을... ,서울 러닝 코스 추천 응봉산. 심지어 지금은 개나리까지 만개해서 그냥 산 자체가 노란색이다 노란색 응봉산 좋아 응봉산 러닝 코스 서울숲 가려고 했던거라 서울숲 주차장에 차 세워두고 저렇게 한바퀴 빙... ,https://blog.naver.com/khb9779/223823338434,,시간미상,"응봉산,개나리,계절,응봉산,심지어,지금,개나리,그냥,자체,노란색,노란색,응봉산,응봉산,서울숲,서울숲,주차장,바퀴,응봉산,개나리,계절"
서울러닝코스추천,서초구 러닝코스 추천 예술의전당 다녀오기,서초구 러닝코스 추천 예술의전당 다녀오기 어제는 시원하게 봄비 쏟아져서 같이 시원하게 쉬어주고... 시크하네 슬슬 몸풀며 출발~ 서울시립 남서울미술관 앞 벚꽃이 볼만한데 비에 우수수 다 털렸다. 이번... ,https://blog.naver.com/1manbo/224248245697,"미술관쯤에서,사당역부터,몸풀며,서울미술관쯤,사당역",시간미상,"서초구,예술의전당,서초구,예술의전당,어제,봄비,시크,슬슬,시립,남서,미술관,벚꽃,우수수,서초구,예술의전당,어제,봄비,불금,서초구,예술의전당"
서울러닝코스추천,이촌한강공원 반려견동반 걷기좋은길 한강러닝코스추천,40분정도 가볍게 걷고 돌아왔는데요 다음에 날씨가 좀 더 따뜻해지면 조금 더 걸어볼까 싶어요 겨울한강산책코스 한강러닝코스 반려견과함께걷기좋은길 서울한강걷기좋은길로 추천하는 이촌한강공원산책 후기... ,https://blog.naver.com/helpgod83/224160422898,,시간미상,"이촌,한강,반려견,동반,걷기,한강,다음,날씨,조금,겨울,한강,산책,한강,반려견,걷기,한강,걷기,이촌,한강,산책"
서울러닝코스추천,[서울 러닝 코스 추천 #1] 영등포구 (5km코스 &amp; 10km코스),[서울 러닝 코스 추천 #1] 영등포구 편: 한강과 여의도의 에너지를 느끼다 영등포구는 '여의도'라는... 한강러닝 #오런완 #러닝코스추천 #서울조깅 #영등포운동 #시티런 #5km코스 #10km코스 #여의도둘레길,https://blog.naver.com/eotjr83/224184425702,카카오맵,"아침,오전,저녁","영등포구,영등포구,한강,여의도,에너지,영등포구,여의도,한강,영등포구,한강,여의도,에너지,영등포구,여의도,최고,스팟,보유,빌딩,강바람,도심"
서울러닝코스추천,[러닝 일기] 서울 양화대교 마포대교10km 러닝 코스 추천,유종의미를 거두기 위해 이번 주말에도 신나게 달려보겠습니다. 서울 양화대교 마포대교 10km 러닝 코스 추천 러닝 일기를 마치도록 하겠습니다. ▼ [러닝 일기] 서울 노을 러닝 코스 추천 망원한강공원 10km,https://blog.naver.com/real_best/224036887254,흙길로,"저녁,밤","일기,양화대교,마포대교,유종,의미,위해,주말,양화대교,마포대교,일기,일기,노을,망원,한강,일기,양화대교,마포대교,계속,방문,사옥"
서울러닝코스추천,서울•경기 트레일러닝 코스 추천 모음 (초급부터 상급까지),gpx 쳐서 나오는거 다운 받아서 쓰기 서울 경기도 트레일러닝 훈련 코스 추천 사실 거의 안 가봐서 나중에 가 볼 곳들의 리스트 먼저 퇴근하고도 가능한 야간 트레일러닝 코스를 껴서 정리해본... ,https://blog.naver.com/sanmul_life/224223464210,"동작역,수서역,수서",밤,"경기,트레일,모음,상급,다운,쓰기,경기도,트레일,사실,거의,나중,리스트,먼저,퇴근,야간,트레일,정리,트레일,거의,매번"
서울러닝코스추천,마곡나루공원 &amp; 서울식물원 러닝코스 완전 가이드 | 87kg... ,♂️ ━━━━━━━━━━━━━━  함께 읽으면 좋은 글 ▶ 서울 벚꽃 러닝 코스 추천 BEST 5... 활용법 #서울식물원러닝코스 #마곡나루공원러닝 #마곡나루공원트랙 #강서구러닝코스 #서울러닝코스추천... ,https://blog.naver.com/momomo-8/224252940104,,"새벽,아침,오전,저녁","마곡,나루,식물원,완전,가이드,벚꽃,활용,발바닥,미식,강서구,본가,가양동,동네,수십,비로소,여기,몸뚱아리,산책,러너,정말"
서울러닝코스추천,2026 포켓몬런 마라톤 신청 서울 러닝 코스 접수 예매 티켓팅... ,"2026 포켓몬런 마라톤 신청 서울 러닝 코스 접수 예매 티켓팅 방법 어린이날 행사 굿즈 참가상품 뚝섬... 5km 잉어킹 바둥바둥 런: 전 연령 가능, 2,500명 모집, 가족 추천. 8km 잉어킹 튀어오르기 런: 8세 이상... ",https://blog.naver.com/miha1023/224201547581,,"아침,오전,저녁","포켓몬,신청,접수,예매,티켓팅,포켓몬,신청,접수,예매,티켓팅,어린이날,행사,참가,상품,뚝섬,잉어킹,바둥바둥,연령,가능,모집"
서울러닝코스추천,2025 서울 마라톤 일정 대회... 글로벌 6K 이색 러닝 코스 추천,장소 - 서울 상암 월드컵공원 평화광장  일정 - 2025.06.21(토) *접수 - 2025.04.14(월)~05.13(화)  코스 - 6km... 6K 러닝 메달 6K 티셔츠 6K 러닝 배번호 입니다. *각 대회 일정 기준 2주 전에 기념품이 배송되니 참고! TIP... ,https://blog.naver.com/hhyejjin0810/223835054366,,밤,"일정,대회,글로벌,이색,장소,상암,월드컵,평화,광장,일정,접수,메달,티셔츠,번호,대회,일정,기념품,배송,참고,플루"
서울러닝코스추천,[서울 러닝 코스 추천]나만의 작은 러닝 코스 올림픽공원 1km... ,"다양한 러닝 루트가 있지만, 제가 추천하는 건 정확히 1km로 떨어지는 순환 코스입니다. ✅ 길이: 한... 서울에서 러닝할 곳을 찾고 계신다면, 꼭 한 번 올림픽공원 코스를 달려보세요! 감사합니다!",https://blog.naver.com/kwonsh1130/223972616620,,시간미상,"올림픽,루트,순환,길이,올림픽,러너,가장,장소,하나,올림픽,자주,순환,춘천,대비,올림픽,바퀴,올림픽,워낙,루트,순환"
서울러닝코스추천,서울 러닝코스 추천_여의도 한바퀴 '고구마런',"이 생기곤 한다 그래서 쉬는 날이 생기거나 하면 거리, 시간적으로 허락하는 선에서 유명한 러닝 코스들을 다녀보려고 하는 편이다 5월에 급 하루 휴가가 생겨서 서울에서 아주 유명한 러닝코스인....!! 여의도... ",https://blog.naver.com/90seop/223880840117,번출구,"오전,밤","여의도,바퀴,고구마,허락,편이,하루,휴가,아주,여의도,주로,회사,장소,주로,러너,느낌,허락,편이,하루,휴가,아주"
서울러닝코스추천,[서울 아트런 GPX] 경복궁... 댕댕런 / 서촌&amp;북촌 러닝코스 추천,부분인 &quot;서울 통의동 우체국&quot; 앞에서 했어요 경복궁을 크게 돌면서 중간에 귀도 그려주고... 첨부파일 경복궁 댕댕런 코스.gpx #아트런GPX #댕댕런 #경복궁댕댕런 #서촌러닝추천 #북촌러닝코스 #러닝GPX,https://blog.naver.com/raevelylog/224250698585,방문했다가,시간미상,"아트,경복궁,댕댕,북촌,부분,우체국,경복궁,크게,중간,첨부파일,경복궁,댕댕,래블리,경복궁,댕댕,살짝,댕댕,다시,아디다스,촌점"
서울러닝코스추천,서울 러닝 코스 초보 러너 5K 러닝 코스 추천,서울 러닝 코스 초보러너 5K 러닝 코스 추천 안녕하세요!! 러닝을 계속 하다 보면 러닝 코스에 대한 관심도 높아지는것 같아요. 서울만 해도 뛰기 좋은곳이 이렇게 많았나 싶어요. 한편으로는 오늘은... ,https://blog.naver.com/nan0709/224130462778,,시간미상,"초보,러너,초보,러너,계속,대한,관심,해도,한편,초보,러너,계속,대한,관심,해도,한편,고민,효율,집앞,제일"
서울러닝코스추천,서울 러닝 코스... 광진구까지 (중랑천길) LSD 코스 추천,서울 러닝 코스 LSD 코스 추천 - 중랑장미공원 이날은 친구와 함께 중랑장미공원에 다녀왔어요 태릉입구역 8번 출구로 나오면 바로 있는 공원인데 여기가 중랑천 길 따라 자전거도로와 보행도로가 있어서 뛰기... ,https://blog.naver.com/kayta2/224246647118,"풀어주고,태릉입구",오전,"광진구,중랑천,중랑,장미,중랑,장미,태릉입구역,출구,바로,여기,중랑천,자전거,도로,보행,도로,구매,살로,모자,하프,대회"
서울러닝코스추천,[서울 러닝 코스 추천 #6] 마포구 &amp; 서대문구 추천 러닝코스... ,[서울 러닝 코스 추천 #6] 마포구 &amp; 서대문구 편: 연트럴파크와 홍제천의 감성 이 코스는 아기자기한... 홍제천 #한강러닝 #망원한강공원 #오런완 #러닝코스추천 #서울조깅 #시티런 #5km코스 #10km코스 #인공폭포,https://blog.naver.com/eotjr83/224199984580,"풍경,좋게,카카오맵,지하철",시간미상,"마포구,서대문구,마포구,서대문구,트럴,파크,홍제천,감성,홍제천,마포구,서대문구,트럴,파크,홍제천,감성,골목,풍경,하천,특징,경의선"
서울러닝코스추천,서울 러닝크루 빠삐용 런 클럽... 이태원역-한남역 러닝 코스 추천,있는 코스였어요 러닝 후 티키티키에서 식사하며 대화나누는 시간이 있고 참가비는 아주 혜자롭게... 좋았던 서울 런클럽이었어요 이런 런클럽 문화가 더 더 많아졌으면 하는 마음 ..♥ 참고로 한남 티키티키... ,https://blog.naver.com/cofls525w/224260759349,한남,오전,"크루,빠삐용,클럽,이태원역,한남역,키티,식사,대화,참가,아주,혜자롭,클럽,클럽,문화,마음,참고,한남,키티,린린,요즘"
서울러닝코스추천,"서울러닝코스 광화문 댕댕런 하는법, 경복궁 댕댕런","서울러닝코스추천 광화문댕댕런, 경복궁댕댕런 댕댕런 하는 법, 댕댕런 지도 광화문댕댕런코스... 강아지의 코끝, 귀, 꼬리 모양의 디테일까지 그리면서 뛰는 재미있는 러닝 코스에요. 서울 도심 한 복판을... ",https://blog.naver.com/juhee4628/224030929326,"동그라미는,지점이,점까지,점과","아침,오전","광화문,댕댕,경복궁,댕댕,광화문,댕댕,경복궁,댕댕,댕댕,댕댕,광화문,댕댕,강아지,코끝,꼬리,모양,디테일,도심,복판,광화문"
서울러닝코스추천,"과천 조깅, 과천 산책 추천. 과천 서울대공원 동물원 둘레길 코스.",최고의 힐링 과천 러닝 코스. 고요하게 사색하며 달릴 수 있음에 감사한 코스. 과천 서울대공원 동물원둘레길. 동물원과 접해있는 길이라 소음을 일으키거나 단체로 가면 동물원 운영에 피해가 된다. 오죽하면... ,https://blog.naver.com/eungyeol629/224026683844,"럴스위트에서,센트럴스위트",오전,"과천,조깅,과천,산책,과천,서울대,동물원,둘레길,최고,힐링,과천,사색,과천,서울대,동물원,둘레길,동물원,길이,소음,단체"
서울러닝코스추천,서울 러닝 코스 추천 | 노들~동작,줄 알았는데 역시나 무거웠지만(?)ㅋㅋㅋ 잘 뛰어져서 좋았어요 히히 밤 한강의 매력과 함께 달리고싶은 분들은 노들러닝코스 추천합니다! #서울러닝코스 #한강러닝코스 #노량진러닝코스 #노들러닝코스 #런린이,https://blog.naver.com/danngnni/224061830957,단교차로지점,밤,"동작,역시,한강,매력,요새,방면,노들역,출구,한강대교,남단,교차로,지점,한강대교,남단,교차로,서울특별시,동작구,본동,한강대교,아래"
서울러닝코스추천,[서울 러닝 코스 추천 #4] 강남구 추천 러닝코스(5km코스... ,"[서울 러닝 코스 추천 #4] 강남구 편: 화려한 시티라인과 한강의 질주 강남구 코스는 압구정, 청담... #서울러닝 #강남러닝 #압구정러닝 #한강러닝 #반포한강공원 #잠원한강공원 #오런완 #러닝코스추천 #서울조... ",https://blog.naver.com/eotjr83/224186560374,카카오맵,"저녁,밤","강남구,강남구,시티,라인,한강,질주,강남구,압구정,청담,강남구,시티,라인,한강,질주,강남구,압구정,청담,삼성동,스카이라인,배경"
서울러닝코스추천,[서울 러닝 코스 추천 #5] 송파구 추천 러닝코스(5km코스... ,"[서울 러닝 코스 추천 #5] 송파구 편: 호수와 공원, 도심 속 힐링 런 송파구 코스는 아기자기한 호수... 평화의문 #나홀로나무 #오런완 #러닝코스추천 #서울조깅 #송파구운동 #탄성매트 #5km코스 #10km코스 #잠실야경",https://blog.naver.com/eotjr83/224186561260,카카오맵,"아침,오전,밤","송파구,송파구,호수,도심,힐링,송파구,호수,평화의문,송파구,호수,도심,힐링,송파구,호수,대지,모두,노면,상태,부상,걱정"
서울러닝코스추천,서울 강남 탄천 양재천 러닝코스 추천 운동화 기능성 충격흡수... ,"서울 강남 탄천·양재천 러닝코스 추천 – 운동화와 기능성 깔창, 충격흡수 필수템까지! 서울에서 러닝을 시작하기에 가장 인기 있는 지역 중 하나가 바로 강남 탄천과 양재천입니다. 넓은 수변공간과 잘 정비된... ",https://blog.naver.com/ohayo11/223974525073,송파구,밤,"강남,탄천,양재천,운동화,기능,충격,흡수,강남,탄천,양재천,운동화,기능,깔창,충격,흡수,필수,가장,인기,지역,하나"
서울러닝코스추천,직접 뛰어보고 알려주는 서울 러닝코스 추천,"러너에게 추천하는 코스입니다 총 거리는 약 8Km로 입문자, 초급자에게는 어려울 수 있습니다 네 오늘은 서울에 여러 가지 러닝 코스에 대해 알아보았습니다 날씨도 좋아지고 요즘 러닝도 부쩍 유행이라 한번쯤... ",https://blog.naver.com/ganggc/223835389482,"신도림,문화마당에서,문화마당",시간미상,"직접,보고,러너,입문,여러,가지,대해,날씨,요즘,부쩍,유행,한번,강찬,저번,무도,요즘,대해,자꾸,직접,여러분"
서울러닝코스추천,[러닝 일기] 서울 노을 러닝 코스 추천 망원한강공원 10km,말도 안되는 숫자를 보면서 놀라고 아직도 어떨떨한 상태인데 정신 차리고 서울 노을 러닝 코스 추천으로 좋은 망원한강공원 후기를 작성해보겠습니다. 9월 2일이지만 아직은 무더운 날씨로 최고 온도 31도... ,https://blog.naver.com/real_best/224003090350,,저녁,"일기,노을,망원,한강,숫자,상태,정신,노을,망원,한강,작성,날씨,최고,온도,일기,노을,망원,한강,탐정,최근"
서울러닝코스추천,서울 러닝코스 추천 : 청계천 코스,관계로 퇴근 후 러닝 감행 청계천 코스는 뭔가 낮보다 밤이 더 좋다 서울 한복판 빌딩에서 나오는 빛이 코스를 비추는게 예술이다 낮에는 비둘기들이 넘 많았던 기억이 있어 겨울 야간 러닝 코스로는 청계천 추천,https://blog.naver.com/yeonbo-/224178268078,,"저녁,밤","청계천,관계,퇴근,감행,청계천,뭔가,복판,빌딩,예술,비둘기,기억,겨울,야간,청계천,구내식당,저녁밥,관계,퇴근,감행,청계천"
서울러닝코스추천,잠수교 러닝코스 추천 가볍게 조깅하기 좋은 루트,잠수교 러닝코스 추천 가볍게 조깅하기 좋은 루트 4월 7일 화요일 오랜만에 해지기 전에! 그것도 심지어... 바쁜 서울하늘… 이쪽은 전멸이구나 이제 잠수교 러닝코스인만큼 잠수교 쪽으로 열심히 달려가야지... ,https://blog.naver.com/1manbo/224244349916,,시간미상,"잠수교,조깅,루트,잠수교,조깅,루트,화요일,지기,그것,심지어,하늘,전멸,이제,잠수교,잠수교,잠수교,조깅,루트,화요일,지기"
서울러닝코스추천,[서울 러닝 코스 추천 #3] 중구 &amp; 용산구 추천 러닝코스... ,"[서울 러닝 코스 추천 #3] 중구 &amp; 용산구 편: 서울의 지붕, 남산을 달리다 남산 코스는 일반적인 평지... 남산도서관 #오런완 #러닝코스추천 #서울조깅 #업힐훈련 #남산야간러닝 #5km코스 #10km코스 #서울운동명소",https://blog.naver.com/eotjr83/224186559616,카카오맵,밤,"중구,용산구,중구,용산구,지붕,남산,달리,남산,일반,평지,남산,도서관,중구,용산구,지붕,남산,달리,남산,일반,평지"
서울러닝코스추천,"서울도심 러닝코스 추천 청계천-광화문-경복궁 5K 달리기, 러닝... ",야외러닝하기 어려울 예정으로 날씨 좋을 때 마니 달리자 싶어 야외러닝 고고 서울 러닝 코스 추천... 향했다 #서울러닝코스 #서울러닝코스5km 나와서 쭉 걸어가다보면 청계천으로 들어가는 입구가 나온다 여기... ,https://blog.naver.com/bebetobearsskyblue/223888771472,,시간미상,"도심,청계천,광화문,경복궁,야외,예정,날씨,야외,고고,청계천,입구,여기,요즘,살짝,날씨,조금,야외,예정,날씨,야외"
서울러닝코스추천,"서울 도심 러닝 코스 추천 - 니혼산 전현무 런 코스, 봄맞이... ",이거 진짜 추천드립니다. - 꺾어야 할 지점이 정확하게 표시됨 - 길을 헷갈릴 일이 거의 없음 - 멈춰서... #서울러닝코스 #서울도심러닝 #전현무런 #나혼자산다런 #청와대앞러닝 #안국역러닝 #삼청동러닝... ,https://blog.naver.com/reanworld/224200158727,,시간미상,"도심,혼산,전현무,봄맞이,진짜,지점,표시,거의,그동안,도심,요즘,햇살,완전,느낌,바로,도전,나혼자산다,전현무,루트,복판"
서울러닝코스추천,"서울 러닝 코스 추천, 피크닉의 계절 놀러가기 딱 좋은 4곳","따사로운 햇볕을 즐겨요 따릉이를 타고 개포에서부터 가면 사람이 별로 없고 버드나무가 양쪽으로 늘어선 풍경이 너무 평화롭고 좋아요. 이상 서울 러닝코스, 피크닉 장소 추천 4곳을 알아봤어요 감사합니다",https://blog.naver.com/deyryoung/223856783281,,시간미상,"피크닉,계절,가기,햇볕,따릉,타고,개포,가면,별로,버드나무,양쪽,풍경,평화,피크닉,장소,서울숲,서울숲,처음,서울숲,장소"
서울러닝코스추천,서울 러닝코스 추천 BEST 5 (초보자~고급자),서울 러닝코스 추천 BEST 5 (초보자~고급자) 안녕하세요. 운동습관연구소의 운습쌤 입니다. 서울에는... 이번 글 에서는 서울의 대표적인 러닝코스 5곳을 난이도별로 소개해드리겠습니다.  초보자 추천 코스... ,https://blog.naver.com/unsup_lab/223988428855,청계천,"저녁,밤","초보자,고급,초보자,고급,습관,연구소,운습쌤,대표,난이도,별로,초보자,초보자,고급,습관,연구소,운습쌤,초보자,고급,모든,레벨"
서울러닝코스추천,속초 청초호 러닝 코스 5km... 좋은 코스 (초보자도 추천... ,"청초호 러닝 코스 5km 경치가 너무 좋은 코스 (초보자도 추천/주차정보) 오랜만에 남편하고 속초 여행 우리가 서울에서 약 200km를 달려와서 제일 먼저 한 것은여 ⭐속초 러닝 하기⭐ 속초로 출발하기 전에, 집... ",https://blog.naver.com/holly_ez/224267539763,"속초로,드디어",시간미상,"속초,청초,초보자,청초,경치,초보자,주차,남편,속초,여행,제일,먼저,속초,속초,속초,청초,경치,초보자,주차,남편"
서울러닝코스추천,인천러닝코스 강력추천 인천대공원러닝코스,"오늘은 간만에 다시 들고 온 인천러닝코스추천 인천대공원러닝코스 알려드리려고 해요. 이미... 저는 내일 JTBC 서울마라톤 10km에 나가는데요. 올해 마지막 대회는 아니지만, 저의 메인 대회라서 대회전 마지막... ",https://blog.naver.com/m3374528/224060924345,,"아침,오전","인천,강력,인천대,간만,다시,인천,인천대,내일,올해,마지막,대회,메인,대회,회전,마지막,요즘,대회,대회,간만,다시"
서울러닝코스추천,[서울 아트런 GPX] 마곡... 3K 카피바라런 / 강서 러닝코스 추천,신상코스 바로 뛰어보고 GPX 들고 왔습니다❤️ 마곡 러너들에게는 이미 유명한 장소죠? 서울식물원에... gpx #아트런GPX #카피바라런 #마곡카피바라런 #강서아트런 #강서러닝코스추천 #러닝GPX,https://blog.naver.com/raevelylog/224240712777,"방향으로,서울식물원",시간미상,"아트,마곡,카피바라,강서,신상,바로,보고,마곡,러너,장소,식물원,래블리입니,강서,아트런,얼마,따끈따끈,신상,바로,보고,마곡"
서울러닝코스추천,"망원역 한의원 l 서울 러닝 코스 추천, 초보자 가능 &lt;러닝하는... ","망원역 한의원 l 서울 러닝 코스 추천, 초보자 가능 &lt;러닝하는 한의사 &gt; 무해안 칼럼 백 칠십 여덟 번째... 한강 러닝 코스 서울에서 가장 대표적인 러닝 코스 추천 이라면 역시 한강을 빼놓을 수 없습니다. 여의도... ",https://blog.naver.com/moohaehani/224032499123,,밤,"망원역,한의원,초보자,가능,망원역,한의원,초보자,가능,한의사,칼럼,칠십,여덟,한강,가장,대표,라면,역시,한강,여의도,망원역"
서울러닝코스추천,"(서울 러닝 코스 추천)안양천 러닝 5KM 코스 추천, 안양천 러닝... ",좋고 러닝하기에는 전혀 손색없는것 같아요 안양천 러닝 코스 5KM 추천드립니다요! 서울 러닝 코스... 신정교러닝코스 #서울러닝코스 #서울러닝코스추천 #서울러닝코스5KM #서울5KM러닝코스... ,https://blog.naver.com/rudqo0705/224019243887,,시간미상,"안양천,안양천,전혀,손색,안양천,정교,땡볕,안양천,거의,한강,안양천,보기,안양천,가지,방문,주차,무료,가능,평지,라서"
서울러닝코스추천,서울 남산 러닝코스 6.5km 하트런 북측순환로 탈의실 위치,"남산 러닝코스로 추천드리지만 서울 산책길로도 좋은 남산둘레길 저는 걷기좋은길로 함께 추천드립니다. 루비의 소중한 기록들 중에 남산 산책코스로 새롭게 생긴 남산 하늘숲길, 북측숲길도 소개하고... ",https://blog.naver.com/smcool7/224068556801,,오전,"남산,하트,순환로,탈의실,위치,남산,산책길,남산,둘레길,걷기,루비,기록,남산,산책,남산,하늘,숲길,숲길,걷기,길이"
서울러닝코스추천,서울대학교 트랙에서 달리기하기 서울 러닝코스 추천,서울대학교 러닝  주소 서울 관악구 관악로 1  주차장 학교 내 유료주차장 운영중입니다  화장실 서울대학교 정문 운동장 건물에 화장실 있습니다 서울대학교 러닝 제가 달리기하러 자주 오는 서울대학교... ,https://blog.naver.com/how_g/222871374576,,시간미상,"서울대학교,트랙,서울대학교,주소,관악구,관악로,주차장,학교,유료,주차장,운영,화장실,서울대학교,정문,운동장,건물,화장실,서울대학교,자주,서울대학교"
서울러닝코스추천,서울 러닝 코스 추천 남산 둘레길 북측순환로,"러닝 코스 추천: 남산 북측순환로 안녕하세요. ‘인나’ 입니다. 오늘은 제가 요즘 자주 가는 러닝 코스... 산책 코스로도 매력적이에요. 달리다 보면 활쏘기 체험을 할 수 있는 석호정도 있고, [서울시... ",https://blog.naver.com/moveinna/223977628610,,시간미상,"남산,둘레길,순환로,남산,순환로,요즘,자주,산책,매력,달리,활쏘기,체험,석호,서울시,남산,순환로,요즘,자주,남산,순환로"
서울러닝코스추천,서울러닝코스 잠수교 5km 10km 러닝코스 공영주차장,추천하는 서울러닝코스 포스팅 시오시작합니다 이촌 반포대교 북단하류 공영주차장 주차는 잠수교 바로 근처에 있는 이촌 반포대교 북단하류 공영 주차장에 댔습니다 주차장 크기가 엄청 큰 편은 아니어서... ,https://blog.naver.com/gkdmsgkfn/224210909066,,시간미상,"잠수교,공영,주차장,이촌,반포대교,북단,하류,공영,주차장,주차,잠수교,바로,이촌,반포대교,북단,하류,공영,주차장,주차장,크기"
서울러닝코스추천,[러닝 일기] 주말 서울 러닝 코스 남산 추천 (1회전 6.5km),좋은 제안을 해주셔서 받으면 자세하고 솔직한 후기도 작성해 보겠습니다. 협찬 얼마든지 제안해 주세요. 저는 준비되어 있습니다  이상으로 주말 서울 러닝 코스 남산 추천 1회전 후기를 마치도록 하겠습니다.,https://blog.naver.com/real_best/223992702505,,"새벽,아침","일기,주말,남산,제안,작성,협찬,얼마,제안,주말,남산,일기,주말,런린,탐정,남산,순환로,처음,방문,주가,주말"
서울러닝코스추천,제주 서귀포 일몰 러닝코스 추천 올레7코스,제주에선 나도 갓생러 서울 콘크리트 빌딩 사이 러닝은 3일이면 질리는데 제주 서귀포 일몰 러닝은... 올레7코스를 따라가며 아름다운 석양과 외돌개를 볼수있는 서귀포 러닝코스 갓생 살기 추천추천,https://blog.naver.com/sooquirtle/224245748288,방향으로,시간미상,"제주,서귀포,일몰,올레,제주,갓생러,콘크리트,빌딩,사이,제주,서귀포,일몰,올레,석양,외돌,서귀포,살기,제주,갓생러,콘크리트"
서울러닝코스추천,서울러닝 20km코스 서울러닝코스추천 러닝코스추천_양화대교... ,"이때도 막 한창달릴때는 아니었는데, 20km 서울러닝코스 추천할겸 한번 써보겠음. 코스는 딱히 포인트... 끝내고 나니 서울 러닝코스,, 한강러닝코스 20km로 강추하며 이번 포스팅을 마치겠음!!",https://blog.naver.com/yeobdol/224034992407,"선착장,한강북쪽",시간미상,"양화대교,한창,한번,포인트,나니,한강,군생활,한창,어디,도전,과연,한계,어디,일지,한창,한번,포인트,지정,그냥,직선"
서울러닝코스추천,송정제방길 벚꽃 실시간 서울 숨은 벚꽃 명소 주차 러닝코스,주차 러닝코스 서울 숨은 벚꽃 명소 송정제방길 주차 러닝 실시간 송정제방길 벚꽃 어제 강릉... 대중교통을 이용해 오신다면 지하철역에서 조금 거리가 있어 마을버스를 타는 걸 추천해요. 분홍색 '송정 18길... ,https://blog.naver.com/dailytrip_/224243653255,"송정체육공원,지하철","오전,저녁,밤","송정,제방,벚꽃,실시간,벚꽃,명소,주차,주차,벚꽃,명소,송정,제방,주차,실시간,송정,제방,벚꽃,어제,강릉,대중교통"
서울러닝코스추천,이모저모 일상 모닝런 다시어트 2주차 서울 러닝코스 추천,주말만 골라서 비오는거 왜 때문인데ㅠㅠ #서울러닝코스 #잠실한강공원 #러닝 오랜만에 와보는... ㅎㅎㅎㅎ #플라이밀 #플라이밀피넛버터 #단백질쉐이크추천 이거 진짜 마시써여 피넛버터 덕후들 모여랑~~~~~ 이... ,https://blog.naver.com/dbwjd619/224004260183,,"아침,오후,저녁","이모저모,일상,모닝,주차,주말,진짜,피넛,버터,덕후,결혼식,뷔페,밀가루,방어,주말,클린,유지,성공,등산,일정,우취"
서울러닝코스추천,좋다구 !! ♀️ 과천 서울대공원 러닝코스 &amp; 맛집 추천,는 내 얘기 ㅎ 초보 러너는 한강만 종종 가다가 이번에 서울대공원을 뛰어봤는데요! 결론 = 또 다른... 점심 먹어야지 쿄쿄 다들 날 좋을 때 요 러닝코스도 뛰아보는 걸 추천함댱  마무리는 시원한 음료로 끝 ! xx,https://blog.naver.com/bye_pluto/224024801283,일쯤,"오전,오후","과천,서울대,맛집,얘기,초보,러너,한강,종종,가다가,서울대,결론,다른,점심,쿄쿄,아보,함댱,마무리,음료,얘기,초보"
서울러닝코스추천,직접 다녀온 겨울여행지 러닝코스 추천. 서울·대구·안동·곡성 편,다음 여행지 러닝 계획을 세우며 겨울 런투어를 즐겨보길 추천한다. - 끝 - #겨울러닝 #겨울여행지러닝 #서울남산러닝 #안동러닝 #섬진강러닝 #겨울여행러닝코스 #대구러닝코스 #겨울철달리기... ,https://blog.naver.com/cdman011/224093121800,"충무로역에서,충무로역,충무로","새벽,아침,저녁,밤","직접,겨울,여행지,대구,안동,곡성,다음,여행지,계획,겨울,런투어,겨울,계절,여행지,달리,경치,감성,경험,곡성,섬진강"
서울러닝코스추천,"아침, 망원한강공원에서 선유도까지 달린 날 서울 러닝코스 추천","주차, 러닝코스, 분위기까지 모두 완벽했던 하루였다.  망원한강공원 위치 서울특별시 마포구... 망원한강공원 → 선유도 → 양화한강공원 이 코스는 초보 러너에게도 추천할 만큼 경치 좋고 달리기 좋은... ",https://blog.naver.com/find_mytaste/224061421784,"여유롭게,대충확인하고","아침,오전,오후","아침,망원,한강,선유도,주차,분위기,모두,하루,망원,한강,위치,서울특별시,마포구,망원,한강,선유도,양화,한강,초보,러너"
서울러닝코스추천,서울 한강 공원 러닝 코스 추천  | 노을 보면서 뛰는 러닝 후기,특히 ✔ 러닝 처음 시작하는 분 ✔ 스트레스 풀고 싶은 분 ✔ 운동 습관 만들고 싶은 분 이런 분들한테 저녁 한강 러닝 코스 추천드립니다. 앞으로도 시간 날 때마다 러닝 기록 꾸준히 남겨볼 생각입니다. 부족한... ,https://blog.naver.com/banquet_oo/224253910008,,저녁,"한강,노을,처음,스트레스,습관,저녁,한강,기록,여러분,요새,날씨,부쩍,저녁,무렵,분위기,기록,노을,화목,가족,한강"
서울러닝코스추천,올림픽대교_서울야경 러닝코스 추천,올림픽대교_서울야경 러닝코스 추천 밤에 눈이 온다는 소식에 도로에 염화나트륨이 뿌려져 있었다. 올림픽 대교를 설레이며 뛰는데 큰 차들이 쌩쌩 지나가면서 거의 총알 튕기듯 염화나트륨이 사정없이 내 몸을... ,https://blog.naver.com/whoami_yoga/224168485952,,밤,"올림픽대교,야경,올림픽대교,야경,소식,도로,염화나트륨,올림픽,대교,거의,총알,튕기듯,염화나트륨,올림픽대교,야경,영화,겸사겸사,한번,보고,야경"
서울러닝코스추천,[서울 마포 러닝코스 추천] 월드컵경기장에서 난지한강공원... ,"걸음, 천천히 그러나 멈추지 않고 달려봅니다 ✨ #서울러닝코스 #마포러닝코스 #월드컵경기장러닝 #난지한강공원러닝 #불광천러닝 #홍제천러닝 #상암러닝 #한강러닝코스 #서울한강러닝 #아침러닝 #러닝추천코스",https://blog.naver.com/ak_abcd/224201685973,"드컵경기장역,컵경기장에서,월드컵경기장","아침,저녁","마포,월드컵경기,한강,걸음,노력,중이,습관,대해,이야기,마포,월드컵경기,한강,불광천,홍제천,루트,한강,바람,한강,기록,내기"
서울러닝코스추천,[서울 러닝 코스] 하천 러닝... 청계천·홍제천 추천,"당장, 내일 아침 어디서 뛸까요? 골라보세요!!! 청계천 오간수교 홍제천 서울의 대표 러닝 코스 한강 러닝 코스는 아래에서 확인하세요! ↓↓↓↓↓↓↓↓",https://blog.naver.com/pila_writer/224249399563,,아침,"하천,청계천,홍제천,당장,내일,아침,청계천,수교,홍제천,대표,한강,아래,확인,하천,하천,신호,덕분,루틴,만들기,나위"
서울러닝코스추천,[러닝 일기] 서울 남산 러닝 코스 10km 추천 (북측순환로),러닝 일기 서울 남산 러닝 코스 10km 추천 안녕하세요. 지구탐정입니다. 오늘은 서울 한복판에서 자연을 만끽하며 달릴 수 있는 남산 북측순환로 10km 러닝 코스를 소개하겠습니다. 달리기 좋아하는 동생이 이번... ,https://blog.naver.com/real_best/223976047728,"목표로,동대","아침,오전,저녁","일기,남산,순환로,일기,남산,탐정,복판,자연,만끽,남산,순환로,동생,일기,남산,탐정,복판,자연,만끽,남산,순환로"
서울러닝코스추천,서울 러닝코스 추천 ‘댕댕런’   북촌 러닝 코스 GPX 파일 공유... ,"특히 북촌 쪽에서 출발하는 동선이라 풍경도 예쁘고 러닝 후 서순라길 카페나 맛집, 산책까지 이어가기 좋은 루트여서 완전 추천입니다 #서울러닝코스 #서울러닝추천 #북촌러닝코스 #댕댕런 #뉴발란스런허브... ",https://blog.naver.com/wnal0305/224193895825,쪽에서,시간미상,"댕댕,북촌,파일,공유,북촌,동선,풍경,카페나,맛집,산책,루트,완전,왔슴다,그림,아트,고구마,부터,나비,고래,그림"
서울러닝코스추천,서울 봄나들이 러닝 추천: 상계역-중랑천-망월사역 11km 코스... ,"망월사역 코스를 새로운 루트를 선택해서 러닝을 했습니다. 당현천의 노란 개나리 군락과 이제 막 시작된 벚꽃을 보면서 러닝을 하다 보니 발걸음도 가벼웠고, 지루할 틈이 없었습니다. 상계역에서... ",https://blog.naver.com/dudgmlqo/224233581105,"상계,상계역","오전,오후,저녁,밤","나들이,상계역,중랑천,망월사역,망월사역,루트,선택,당현천,개나리,군락,이제,벚꽃,발걸음,상계역,겨울,공기,계절,미세먼지,수치,확인"
서울러닝코스추천,"서울 러닝 코스 추천, 여의도 고구마런 (난이도 easy)",#고구마런 #여의도러닝 #서울러닝코스 #한강러닝 #러닝모임 #러너일상 #여의도한강공원 #서울달리기 #러닝코스추천 #러닝기록 #러닝로그 #주말운동 #혼달추천 #서울러닝 #러너그램 #고구마처럼꾸준히... ,https://blog.naver.com/amy209/223855380255,"오른편으로,여의나루역",시간미상,"여의도,고구마,난이도,여의도,고구마,난이도,국회의사당,빌딩,여의도,건물,가운데,현대,건물,가늠,한강,여의도,따라서,그림,그리기,무척"
서울러닝코스추천,[서울 러닝코스 추천]... (여의도)에서 동묘까지! 15km 코스추천!,걸 추천드립니다! 원효&amp;한강대교 동작 &amp; 한남대교 평일이라 그런지 사람들도 없고 기온도 15도까지... 서울러닝 #서울러닝코스 #서울10키로 #한강러닝 #도심달리기 #여의도한강공원 #동묘투어 #데일리런... ,https://blog.naver.com/horangdoksuretriver/224086799800,"번출구,여러분들도,약수",시간미상,"여의도,동묘,원효,한강대교,동작,한남대교,평일,기온,정건우,말임,불구,날씨,날씨,도중,여의도,동묘,공유,시장,쇼핑,대부분"
서울러닝코스추천,"봄에 뛰기 좋은 러닝 코스 추천 4곳 (양재천, 서울대공원... ","뛰어서 작년보다 더 많이 뛸 수 있는 한 해가 되었으면 좋겠다. 3월도 너무 바빠서 못뛰었는데, 슬슬 따뜻해지니 4월엔 좀 더 열심히 뛰어보자. 누군가에게 러닝코스가 도움이 됐길! #러닝코스추천 #서울러닝코스",https://blog.naver.com/hiwabisabi/224236265172,,시간미상,"양재천,서울대,작년,슬슬,누군가,도움,한강,양재천,레쓰,작년,아모,작년,재미,남편,겁결,안양천,정말,나니,성취,다시"
서울러닝코스추천,러닝코스 추천 : 서울 중구 대현산배수지공원,예전부터 러닝코스로 추천받아 한번쯤 다녀와보고 싶은 곳이었는데 접근성이 좋은편은 아니라 매번 망설이다가 요번에 마침 약속이 잡혀 다녀오게되었다ㅋㅋ 오늘은 vmk에서 알게된 이OO님과 함께하였다.... ,https://blog.naver.com/ywo1992-/223491225435,예전,시간미상,"중구,대현산,배수지,예전,한번,보고,접근성,매번,마침,약속,금일,신금호역,출구,대현산,배수지,예전,한번,보고,접근성,매번"
서울러닝코스추천,남산 둘레길 러닝코스 추천 서울 야외 러닝 명소 총정리,남산 둘레길 러닝코스 추천 서울 야외 러닝 명소 제대로 즐기는 방법! 서울에서 러닝코스 찾고 계신가요? 요즘 러닝 인구가 많아지면서 단순히 “뛰는 것”을 넘어서 분위기와 환경까지 중요하게 보는... ,https://blog.naver.com/signituregym/224220601618,초보자,"오전,저녁,밤","남산,둘레길,야외,명소,정리,남산,둘레길,야외,명소,제대로,요즘,인구,분위기,환경,남산,둘레길,야외,명소,제대로,요즘"
서울러닝코스추천,[서울 아트런 GPX] 여의도 고구마런 8K / 여의도러닝코스 추천,뺑뺑이를 살짝 하고 다시 한강으로 나가도 좋더라구요 다음엔 어디로 가볼까요?! 저와 함께 다양한 아트런 즐겁게 뛰어봅시다❤️ #아트런GPX #여의도고구마코스 #서울러닝코스추천 #여의도러닝코스 #러닝GPX,https://blog.naver.com/raevelylog/224102604900,,시간미상,"아트,여의도,고구마,여의도,뺑뺑,살짝,다시,한강,다음,어디,아트,래블리,요즘,그림,아트,워치,시계,해도,그림,완성"
서울러닝코스추천,서울러닝코스 추천 어린이대공원 붕어빵런 코스 공유... ,여긴 번호키라 정문꺼보다 좀 더 간지남 ㅎㅎ 참고하시길 #어린이대공원 #어린이대공원붕어빵런 #아트러닝 #서울러닝코스 #서울러닝 #서울러닝코스추천 #붕어빵런 #어대공붕어빵 #붕어빵런코스... ,https://blog.naver.com/wisdom4you/223765035663,지금,오전,"어린이,붕어빵,공유,번호,키라,정문,참고,어린이,올해,붕어빵,감격,기억,기록,자리,빌어,모임,장님,마음,무한,감사"
서울러닝코스추천,[ 일상 ] 서울 여의도공원 선유도공원 러닝 코스 야경 &amp; 일몰 추천,양화한강공원 -&gt;여의도한강공원 -&gt; 여의도공원 12K 페이스 : 4:45 km/h 일몰질때 너무 아름다워요 여의도의 야경 러닝 코스 추천드려요~ 선유도공원에서 바라보는 여의도 야경도 너무 아름답습니다. :-),https://blog.naver.com/cointents/224038746799,,밤,"일상,여의도,선유도,야경,일몰,양화,한강,여의도,한강,여의도,일몰,질때,여의도,야경,선유도,여의도,야경,윤턍입니,날씨,정말"
서울러닝코스추천,동작역 한강 러닝코스 추천 15km 서울 달리기코스,#동작역러닝코스 #서울러닝코스 #서울달리기코스추천 #서울러닝코스추천 #동작역15km러닝 #한강러닝코스 #한강달리기코스 #동작역2번출구 #동작역물품보관함 #한강러닝 #한강달리기 #마라톤... ,https://blog.naver.com/wlsgh2297/223240946132,"동작역,동작,동작역에서","오전,저녁","동작역,한강,동작역,한강,대회,위해,동작역,철인,경기,이후,제대로,이제야,연습,동작역,동작역,한강,정리,동작역,한강,호선"
서울러닝코스추천,11월 가을 러닝 기록 서울 5km 코스 초보 추천 기록 페이스... ,#가을러닝 #서울러닝코스 11/3 대현산배수지공원 트랙 11월의 첫 달리기입니다. 부쩍 날씨가 추워진 것이... 경복궁 한 바퀴는 약 2.6km 정도라서 초보 러너들에게도 매우 추천드려요. #경복궁러닝 #경복궁한바퀴... ,https://blog.naver.com/pharmkim-/224094663623,평화광장,저녁,"가을,기록,초보,기록,대현산,배수지,트랙,부쩍,날씨,경복궁,바퀴,초보,러너,매우,기온,바람,지속,곳곳,달리,계절"
서울러닝코스추천,성수 러닝코스 추천 뉴발란스에서 러닝화 대여 후 서울숲 달리기,"다양한 러닝 용품 편집샵과 브랜드 매장들도 모여 있으니, 신나게 달린 후 맛집 탐방과 쇼핑까지 알찬 하루를 직접 경험해 보시길 바랍니다. #성수 #성수러닝코스 #러닝코스추천 #서울러닝코스 #남짐릇 #LOOOP",https://blog.naver.com/kirruazz/224253136142,,시간미상,"성수,뉴발란스,대여,서울숲,용품,편집,브랜드,매장,맛집,탐방,쇼핑,하루,직접,경험,뉴발란스,런허브,성수,지인,북촌,런허브"
서울러닝코스추천,러닝행사 추천! 서울 러닝코스 여의도한강공원 무료 이벤트... ,"러닝행사 추천 서울 러닝코스 여의도한강공원 무료 이벤트 총정리 요즘 날씨 좋아지면서 운동 시작하는 분들 많죠 특히 러닝행사 추천, 서울 러닝코스, 여의도한강공원, 무료 러닝 이벤트 찾는 분들께... ",https://blog.naver.com/mi517/224244715764,,시간미상,"행사,여의도,한강,무료,이벤트,행사,여의도,한강,무료,이벤트,정리,요즘,날씨,행사,여의도,한강,무료,이벤트,행사,여의도"
서울러닝코스추천,"서울 러닝 코스 추천 Ι 남산 러너 무료 샤워장, 서울시... ",저도 그래서 찾게 된 게 바로 서울시 중부공원여가센터 !! 러너들 사이에서 이미 핫한 시설! 무료 샤워에 짐보관까지 가능한 곳!! 러닝화 들고 바아로 다녀와쑴당 남산 일대 러닝 코스 근처에 있어서 러닝... ,https://blog.naver.com/youliwert/224168766896,,오전,"남산,러너,무료,샤워,서울시,바로,서울시,중부,여가,센터,러너,사이,시설,무료,샤워,보관,남산,일대,주말,남산"
서울러닝코스추천,[레저디] 서울 러닝 코스 추천... 한 번에! 신규 용산 러닝 트랙,"서울 러닝 코스 중에서도 감성 + 분위기 둘 다 잡은 곳, 용산 러닝 트랙 추천해요! ️♀️ 러닝 + 야외 웨이트까지 한 번에 용산 러닝 트랙의 숨은 핵심 포인트는 야외 웨이트존이에요! 트랙 한쪽에 웨이트존이... ",https://blog.naver.com/leisuredy/224098238597,클래스,시간미상,"레저,신규,용산,트랙,감성,분위기,용산,트랙,야외,웨이트,용산,트랙,핵심,포인트,야외,웨이트존,트랙,한쪽,웨이트존,레저"
서울러닝코스추천,서울 일출 레이스! 남산 일출 러닝 완벽 가이드! 코스·난이도... ,"서울 일출러닝 추천 코스 TOP3 서울 일출 레이스는 주로 1월 1일 새벽 3K~10K 코스로 열리며, 남산·한강·아차산이 핫플입니다. 남산공원 순환로: 포장길로 안전, 시내 전경+일출 뷰. 초보 OK, 택시 이용 추천.... ",https://blog.naver.com/ohayo11/224125270411,,"새벽,오전,밤","일출,레이스,남산,일출,완벽,가이드,난이도,일출,일출,레이스,주로,새벽,남산,한강,아차산,남산,순환로,포장,안전,시내"
서울러닝코스추천,서울 러닝 코스 추천 [ 봄꽃 구경 하면서 러닝 할 수 있는 서울... ,멋진곳이라구요~ #강서구이색체험카페 #마곡이색체험카페 #마곡이색카페 #마곡나루이색카페 #강서구이색카페 #이색카페 #스마트팜 #도심형스마트팜 #러닝크루 #러닝코스추천 #서울러닝코스 #서울러닝동호회... ,https://blog.naver.com/happyfarm7/223812765574,센터,시간미상,"봄꽃,구경,요즘,동호회,모임,식물원,가면,크루,조경,무엇,면적,다른,동선,방해,장점,여러,군데,바로,마곡나루역,출구"
서울러닝코스추천,온유어마크 경복궁 러닝 코스 추천 아디다스 하이퍼부스트 엣지... ,위치: 서울 종로구 자하문로6길 14 온유어마크 경복궁  기간: 3/25-4/15 ⏰️트라이얼 시간 - 평일 12:00~22:00... 반나절 코스 강력하게 추천합니다. #온유어마크 #온유어마크경복궁점 #아디다스러닝화... ,https://blog.naver.com/kirruazz/224236760826,경복궁점,시간미상,"온유어마크,경복궁,아디다스,하이퍼,부스트,엣지,위치,종로구,자하문로,온유어마크,경복궁,기간,이얼,평일,반나절,보통,매장,잠깐,막상,구매"
서울러닝코스추천,서울 트레일러닝 초보 안산 둘레길 추천 청계산 코스 중상급... ,"서울 근교 트레일 러닝 추천: 청계산과 안산 둘레길, 무릎은 신세이 보호대로 안전하게 트레일 러닝은... 대표 코스입니다. 코스 소개와 함께 무릎 부상 예방을 위한 신세이 무릎 보호대 추천도 함께... ",https://blog.naver.com/ohayo11/223908547599,"대문독립공원,에서",시간미상,"트레일,초보,안산,둘레길,청계산,중상,근교,트레일,청계산,안산,둘레길,무릎,신세,보호,트레일,대표,무릎,부상,예방,신세"
서울러닝코스추천,서울 러닝코스 추천 댕댕런,중간중간 쉬는 텀도 있었고 지도만 잘 본다면 런린이들도 뛰기 좋은 코스같아요 무엇보다 다 뛰고나서 만들어지는 댕댕이가 너무 귀엽.. 다들 댕댕이 한마리 몰고가세요~ #서울러닝코스 #아트런 #댕댕런 #런린이,https://blog.naver.com/danngnni/224054424302,"저는,번출구,였던",시간미상,"댕댕,중간,중간,런린이들,무엇,댕댕,댕댕,마리,고온,경복궁,댕댕,댕댕,멍뭉런,뭔들,경복궁,안국,종로,도심런,강아지,완성"
서울러닝코스추천,[서울 러닝 코스] GPS 아트런 &lt;마곡 카피바라런&gt;ㅣ서울식물원... ,[러닝 코스 No. 68] 러닝의 재미를 추구한다면 조금 색다른 러닝 'GPS 아트런'을 추천합니다. 달리는 것을... 서울식물원 러닝 코스 - 마곡 카피바라런 마곡 카피바라런의 출발과 도착지 곰돌이 앞에서 스테프... ,https://blog.naver.com/pila_writer/224267059860,"카피바라런의,마곡나루,마곡나루역,곡나루역에서,에서","아침,오전,오후,저녁","아트,마곡,카피바라,식물원,재미,추구,조금,아트,식물원,마곡,카피바라,마곡,카피바라,곰돌이,테프,재미,추구,조금,아트,두발"
서울러닝코스추천,서울 경기 트레일러닝 코스 추천처음 시작하는 분들도 가기... ,코스를 찾고 계셨다면 이번 정리가 출발점이 되었으면 합니다 #서울트레일러닝 #경기트레일러닝 #트레일러닝코스추천 #서울러닝코스 #남한산성러닝 #북한산둘레길 #관악산둘레길 #한양도성길 #트레일러닝입문,https://blog.naver.com/trevel_dream_w/224231453950,정리가,저녁,"경기,트레일,처음,가기,정리,출발점,경기,트레일,처음,가기,장소,정리,트레일,관심,생기,가장,먼저,고민,어디,가야"
서울러닝코스추천,서울 남산 러닝코스 중랑천... 초보자 부터 상급 무릎보호대 추천,"서울 및 수도권 로드 러닝 코스 추천 – 초보자부터 상급자까지, 무릎 보호도 함께 러닝은 간단한 준비만으로도 언제 어디서든 시작할 수 있는 훌륭한 운동입니다. 특히 서울과 수도권에는 접근성 좋은 도심 속... ",https://blog.naver.com/roh339/223908508513,,"저녁,밤","남산,중랑천,초보자,부터,상급,무릎,보호대,수도권,로드,초보자,상급자,무릎,보호,언제,어디,서든,수도권,접근성,도심,수도권"
서울러닝코스추천,815런 2024 서울 러닝 행사 일정 코스 기념품 정보 총정리,"접수하시는것을 추천드립니다. 815런 2024 서울 러닝 행사 코스 현재 오프라인 코스의 경우에는 상암월드컵공원이라는 정보만 나와 있으나, 공원 일대와 한강일대를 끼고 8.15km러닝을 할 것으로... ",https://blog.naver.com/my_life_moment/223516374072,,시간미상,"행사,일정,기념품,정리,접수,행사,현재,오프라인,경우,상암,월드컵,일대,강일,행사,일정,기념품,정리,모멘트,장마,여름"
서울러닝코스추천,"한강러닝 코스 추천, 서울의 유럽찾았다 !  잠원한강공원... ",반포쪽은 오히려 북적북적한데 잠원에서부터 뛰니 한가롭고 더 좋았어요 뛰면서 인생샷 건지고 싶은 러너분들 ! 추천하는 코스에요 ! 그럼 이번주도 기분좋은 한 주 보내세용  다음에도 러닝일기로 돌아올게요,https://blog.naver.com/yeoneechae2/224260300937,"주차장,주차장에서,잠원에서",시간미상,"한강,유럽,한강,반포,오히려,북적,북적,인생,러너,주도,기분,다음,일기,한강,주말,날씨,야외,한강,한강,주차장"
서울러닝코스추천,"서울 벚꽃 러닝 코스 추천 BEST 5 | 윤중로만 알면 손해, 87kg... ","♂️  함께 읽으면 좋은 글  [서울 봄 러닝 코스 추천] 90kg 아빠의 홀그라운드 2곳 + 홀봄 정복 예정 3곳 (주차·화장실 꿀팁)  3월 러닝 복장 가이드 | 새벽 0도 vs 낮 14도, 90kg 러너의 레이어드 전략  [내돈내산]... ",https://blog.naver.com/momomo-8/224237222074,응암,"새벽,아침,오전,저녁,밤","벚꽃,윤중로,손해,아빠,라운드,홀봄,정복,예정,주차,화장실,꿀팁,복장,가이드,새벽,러너,레이어,전략,발바닥,미식,벚꽃"
서울러닝코스추천,서울 러닝 코스... 여자 러닝 스타일링 추천! (Feat. 남산둘레길... ,서울 러닝 코스 추천 2. - 남산 둘레길 코스 출처 | 오마이뉴스 아웃도어리서치가 추천 드리는 두 번째 서울 러닝 코스는 남산 둘레길입니다! 남산 둘레길은 서울 전경을 한 눈에 내려볼 수 있는 명소로... ,https://blog.naver.com/or_korea/223846252499,"덕수궁,덕수궁에서",시간미상,"여자,스타,일링,남산,둘레길,남산,둘레길,출처,오마이,뉴스,아웃도어,리서치,남산,둘레길,남산,둘레길,전경,명소,햇살,봄바람"
서울러닝코스추천,서울 러닝 코스 추천 - 댕댕런,그려지는 러닝코스가 있다길래 Go! 댕댕런 하는 방법은 첨부파일 서울_종로구_세종로_1-68.gpx gpx 파일을 다운받고 1. 카카오맵 어플 들어가서 길찾기 2. GPX 3. 파일에 있는 지도 누르면... ,https://blog.naver.com/eunoia777/224020434461,앞에서,"아침,저녁,밤","댕댕,댕댕,첨부파일,파일,다운,카카오,어플,길찾기,파일,가을,가을,계절,아침,저녁,바람,불면,다시,열정,강아지,모양"
서울러닝코스추천,"[서울 러닝코스 추천] 업힐의 성지, 남산 북측순환로 러닝 후기",#남산북측순환로 #남산러닝 #서울러닝 #서울러닝코스 #업힐의성지 #러닝코스추천 #러닝인증 #러닝일기 #러너그램 #오늘의운동 #서울도심러닝 #도심속힐링 #숲길러닝 #도심속러닝 #서울뷰맛집 #남산타워뷰... ,https://blog.naver.com/dbrwnsdd159/224016789286,"통해서,점으로","아침,오전","업힐,성지,남산,순환로,업힐,성지,남산,순환로,여러분,메이트,러너,사이,업힐,성지,바로,남산,순환로,한강,평지,오르막"
서울러닝코스추천,고구마런 후기 한강·샛강·63빌딩까지 즐기는 8km 러닝 코스,"걸 추천합니다. ✔️체력에 따라 여의도공원 2.5km 러닝 코스를 연계하거나, 일부 구간만 달려도 충분히 만족스러워요. 여의도 고구마런은 단순히 달리기를 넘어, 서울 도심 속에서 색다른 러닝 추억을 만들 수... ",https://blog.naver.com/yeepi01/224006604611,"당산,좋아서,여의나루역,보통,보관하고,여의나루,의나루역에서,당산역,당산역에서,다시","아침,저녁,밤","고구마,한강,샛강,빌딩,체력,여의도,거나,일부,여의도,고구마,도심,추억,런린,업힐,서녕,여의도,한강,조금,바로,달리"
서울러닝코스추천,경기 10km 러닝 코스 추천 #1 시흥 시화방조제 (바다 옆 직선... ,:) [같이 보면 좋을만한 글] #경기10km코스 #시흥러닝코스 #근교러닝코스추천 #10km시흥러닝 #10km러닝 #10km러닝코스추천 #시화방조제러닝 #오이도러닝 #야외러닝코스 #러닝코스추천 #서울근교러닝 #러닝기록... ,https://blog.naver.com/vnfma0726/224246503087,"여기서,돌아서,오이도박물관",시간미상,"경기,시흥,시화방조제,바다,직선,야외,선선,요즘,근교,지역,정복,계획,접근성,시흥,시화방조제,직진,하프,가지,정비,자전거"
서울러닝코스추천,함께하는 연말 서울 러닝 크루 모집 - 서울 러닝 코스 추천 포함,장소: 서울 중구 장충단로 275 두타몰 B1 런닷 동대문 집결 후 인근 코스 이동 거리: 약 7km 참여 혜택... 서순라길 러닝 코스 소개 이번 원데이 러닝 데이의 코스는 러너들 사이에서 만족도가 높은 서순라길 러닝... ,https://blog.naver.com/leisuredy/224114052902,,시간미상,"연말,크루,모집,포함,장소,중구,장충단로,런닷,동대문,집결,인근,이동,참여,혜택,원데이,데이,러너,사이,만족도,레저"
서울러닝코스추천,도쿄 런트립 만족도 높은 도쿄 러닝 코스 추천,"남자 강사분이 엄청 밝으신 분이신데 저한테 다양한 장소를 추천해 주시고 서울도 좋아하신다고... 도쿄 여행 중 좋았더니 순간들이 많았지만, 이날 러닝 코스 만족도가 높아서 만족하며 하루를 마무리할 수... ",https://blog.naver.com/needtime0514/224046420888,,"아침,오후,저녁","도쿄,런트립,만족도,도쿄,남자,강사,장소,주시,도쿄,여행,순간,만족도,하루,마무리,도쿄,런트립,경험,공유,여태,여행"
서울러닝코스추천,제11회 서울 트레일런 마라톤 대회 정보 트레일러닝 코스... ,"서울의 절경을 감상하며 달릴 수 있어 인기가 가장 높습니다. 20K (어드벤처 코스) 출발 일시: 2026년 4월 18일(토) 09:00 참가비: 80,000원 특징: 로드 러닝에서 트레일러닝으로 넘어오는 러너들에게 추천하는... ",https://blog.naver.com/a135k/224251319634,"능선까지,활기찬,코스별,돌담길","저녁,밤","트레일,대회,트레일,절경,감상,인기,가장,어드벤처,일시,참가,특징,로드,트레일,러너,삼촌,트레일,대회,트레일,대회,주말"
서울러닝코스추천,우먼카인드 피트니스/서울 봄 러닝 추천 코스/발산역 헬스장,"북서울꿈의숲 여기는 발산역 헬스장 우먼카인드 피트니스 회원님께서 추천해주신 곳인데요~~! 숲과 언덕이 어우러진 코스로, 평지 러닝과 함께 가벼운 업힐 훈련도 가능한 장소입니다. 비교적 한적한 분위기라... ",https://blog.naver.com/womankind1/224228627341,,밤,"우먼,카인,피트니스,발산역,헬스장,북서울꿈의숲,발산역,헬스장,우먼,카인,피트니스,회원,언덕,평지,업힐,장소,비교,분위기,요즘,정말"
서울러닝코스추천,서울러닝코스추천 베스트 5곳 장점까지 알려드릴게요,"안녕하세요 ^^ 오늘은 달리기를 좋아하시는 분들을 위해서 서울러닝코스추천 5곳을 해드리려고 합니다!... 순환 러닝 서울의 서쪽을 대표하는 힐링 장소 중 하나로, 안산 둘레길을 따라 조성된 순환형 코스예요.... ",https://blog.naver.com/made_in_love_/223832489817,,"아침,저녁,밤","베스트,장점,위해,순환,서쪽,대표,힐링,장소,하나로,안산,둘레길,조성,순환,위해,장소,확인,보시,한강,반포대교,여의도"
서울러닝코스추천,접수 놓쳤다면? 서울 5대 벚꽃 러닝 코스 추천 &amp; 개화 시기 총정리,벚꽃런 필승 TIP 시간: 인파를 피하려면 무조건 오전 6시 이전 출발을 추천합니다. 새벽 공기와 벚꽃... ♀️ #서울벚꽃명소 #벚꽃개화시기 #벚꽃마라톤 #서울러닝코스 #여의도윤중로 #석촌호수벚꽃... ,https://blog.naver.com/h_story84/224223514903,이전,"새벽,아침,오전","접수,벚꽃,개화,시기,정리,벚꽃,필승,인파,피하,려면,무조건,오전,이전,새벽,공기,벚꽃,이제,개나리,봉우리,벚꽃"
서울러닝코스추천,한복판에서 10K 트레일러닝?” 한양도성길 남산·낙산 코스 추천,https://naver.me/xIFvi2sH https://naver.me/xm0g4tka https://naver.me/Fdo6oPGk #한양도성길 #트레일러닝 #서울트레일러닝 #남산러닝 #낙산러닝 #서울러닝코스 #트레일러닝코스 #서울등산코스 #러너추천코스 #러닝기록,https://blog.naver.com/nan0709/224206572549,남산,시간미상,"복판,트레일,한양도성,남산,낙산,러니윤,희윤,비비드,동영상,팔로워,팔로잉,게시,희윤,비비드,동영상,보기,도심,트레일,한양도성,복판"
서울러닝코스추천,서울 러닝코스 추천 홍제천 러닝 5km 인공폭포 가는길 운영시간,서울 러닝코스로 추천하는 홍제천 : ) 함께한 크루들도 모두 만족한 코스였어요. 나중에 남편과도 함께 뛰어보자고 했는데 그땐 6호선 응암역 불광천에서 시작해 10km를 완주해볼까 합니다.,https://blog.naver.com/yamu1129/223614398830,"늦게,다함께,불광천",오전,"홍제천,인공,폭포,운영,홍제천,크루,모두,나중,남편,그땐,호선,응암역,불광천,완주,스쿼시,크루,홍제천,창릉천,불광천,홍제천"
서울러닝코스추천,서울 러닝 코스 추천... 달리기 좋은 장소 (우중러닝은 축복),석촌은 서울이라 그런지 러닝 패션들이 다들 좋으시더군요 하하. 그냥 후줄근하게 갔으면 부끄러울뻔 했습니다. 한참을 달리는데 비가 왈칵 쏟아 지던데 러너에게 비는 축복이죠 ㅎ 시원하고 좋았습니다. 코스... ,https://blog.naver.com/todaytrading/223990973572,,시간미상,"장소,우중,축복,석촌,패션,하하,그냥,한참,왈칵,러너,축복,동네,갑자기,어차피,장소,달리,러너,달리,공통,트립"
서울러닝코스추천,봄꽃 데이트 러닝코스 추천 서울식물원 수선화 튤립 개화상황,러닝코스 추천하는 서울식물원은 내부를 작게 돌아도 2km 정도가 나오고 경사가 심하지 않아 연습겸 뛰기에 너무 좋더라구요. 주차도 편하고 화장실 개수도 많은 건 덤이랍니다!! 그냥도 뛰기 너무 좋은... ,https://blog.naver.com/kirruazz/223834534849,,시간미상,"봄꽃,데이트,식물원,수선화,튤립,개화,상황,식물원,내부,경사,연습,주차,화장실,개수,그냥,식물원,꽃들이,주로,식물원,식물원"
서울러닝코스추천,서울러닝코스 추천｜어린이대공원 붕어빵런 코스 공유... ,러너들 사이에서는 그냥 많이 달리는 것보다 지도를 ‘그림’으로 완성하는 러닝이 은근히 유행... 없음) ⏱ 추천 페이스 : 조깅 ~ LSD  스트라바 기록용 최고  붕어빵런 코스 STEP (머리부터 굽기) STEP 1. 정문... ,https://blog.naver.com/yood_outlog/224160543141,"쪽에서,확대컷,지금,이마트편의점",시간미상,"어린이,붕어빵,공유,러너,사이,그냥,그림,완성,은근,유행,조깅,스트,라바,기록,최고,붕어빵,머리,정문,유디,동영상"
서울러닝코스추천,남산 러닝(1회전 6.5km) / 서울 러닝 코스 추천 / 남산 산책로... ,유튜브 보면 항상 언급되는 곳이라 한 번쯤 가보고 싶었지만 좀처럼 용기가 나지 않던 남산 러닝 코스. 생리 초반에는 무조건 운동을 쉬는데 마침 잡혀있던 일정이 딱 맞아서 그냥 천천히라도 달려보자는... ,https://blog.naver.com/xxxday_/223976712852,,"아침,오전","남산,남산,산책로,유튜브,항상,언급,좀처럼,용기,남산,생리,초반,무조건,마침,일정,그냥,유튜브,항상,언급,좀처럼,용기"
서울러닝코스추천,"서울 K-마라톤 대회 코스 분석... 구간 러닝 팁과 준비물, 마라톤... ","서울 K-마라톤 대회 코스 분석 및 교통통제 정보(광화문광장) 청계천 구간 러닝 팁과 준비물, 마라톤 무릎보호대 추천 드디어 기다리고 기다리던 러너들의 축제, '2026 서울 K-마라톤'이 코앞으로 다가왔습니다.... ",https://blog.naver.com/ohayo11/224230278859,"광화문을,광화문광장,순차적으로","아침,오전","대회,분석,준비물,대회,분석,교통,통제,광화문,광장,청계천,준비물,무릎,보호대,러너,축제,코앞,대회,분석,교통,통제"
서울러닝코스추천,2026 서울하프마라톤 대회 일정 코스 및 교통통제 구간 총정리... ,2026 서울하프마라톤 대회 일정 코스 및 교통통제 구간 총정리 (러닝 필수템 종아리보호대... 이번 서울하프마라톤에서는 신세이 보호대와 함께 더욱 건강하고 안전한 레이스를 펼쳐보시길 추천합니다!... ,https://blog.naver.com/ohayo11/224250900029,"광화문광장,화문광장에서,더불어,도심","아침,오전","하프마라톤,대회,일정,교통,통제,정리,하프마라톤,대회,일정,교통,통제,정리,필수,종아리,보호대,하프마라톤,신세,보호대,더욱,레이스"
서울러닝코스추천,"대만 타이베이ㅣ러닝 코스 추천, 중정기념당","러닝 절대 금지. 오장육부가 녹는 느낌을 맛보고 싶지 않으면 아침을 포함 낮에 달리지 마세요. 서울에 경복궁런이 있다면, 타이베이에는 중정기념당런이 있다. 말 그대로 중정기념당을 따라 한 바퀴 도는 코스... ",https://blog.naver.com/choibo_ok/224045810760,,"새벽,아침,저녁","대만,타이베이,중정기념당,절대,금지,오장육부,느낌,아침,포함,달리,경복궁,타이베이,중정기념당,그대로,중정기념당,바퀴,요즘,한국,인기,해외여행"
서울러닝코스추천,[서울 봄 러닝 코스 추천] 90kg 아빠의 홈그라운드 2곳 + 올봄... ,"트랙만 도는 게 지겨우면 공원 외곽 둘레길을 추천합니다. 나무 그늘이 잘 형성되어 있고, 적당한... ③ 여의도 한강공원 — 벚꽃 시즌 서울 대표 러닝 코스 [도전 예정] 봄 러닝 코스 하면 빠질 수 없는... ",https://blog.naver.com/momomo-8/224227061952,"라매공원에서,보라매공원","새벽,아침","아빠,라운드,트랙,외곽,둘레길,나무,그늘,형성,여의도,한강,벚꽃,시즌,대표,도전,예정,발바닥,미식,자락,기온,겨울"
서울러닝코스추천,서울 러닝 코스 추천... 잠원한강공원까지 5Km 러닝 추천 코스,"뛰어도 높게 나오더라고요 ㅠㅠ 문제있나,,, 무튼 잘 뛰다 갑니다 ㅎㅎ 역시 서울여행에는 러닝이 꼭 필수! 좋은 풍경 감상해서 만족! 서울 5km 러닝 코스 추천 드립니다! 한강공원을 끼고 달리고 싶다면 한번 긔릿.!",https://blog.naver.com/bymonn/224059319352,,시간미상,"한강,문제,역시,여행,필수,풍경,감상,만족,한강,달리,한번,긔릿,무지개분수,판포,대교,시골,반포대교,한번,여러,다리"
서울러닝코스추천,경주 러닝코스 추천 형산강 트랙 황리단길 근처 자전거 도로,제가 서울에서는 대학교 운동장이나 도림천에서 달리거든요 (아직 초보라 집 근처 마땅한 코스를 찾지... 200보 걷는 여자) 도가니 지키기 위해 담주부터는 격일로 나가봅니다 무튼 경주 형산강 러닝코스 추천 !,https://blog.naver.com/mkmagazine/224031703074,,시간미상,"경주,형산강,트랙,황리,자전거,도로,대학교,운동장,도림천,초보,여자,도가니,위해,격일,경주,형산강,일주,일차,초보,러너"
서울러닝코스추천,서울 동작구 러닝코스 보라매공원 트랙 추천 보라매병원역 산책로,체력이 걍 ㅆㄹㄱ가 되어버렸어요 일단 4개월째 멈춘 러닝부터 다시 시작하기로 결심 • • 제발 동작구 상도동 근처에서 러닝할만한 곳 알려주실 분 뛰는 시간보다 뛰러 가는 시간이 더 길어요 ㅁㅊ 그동안... ,https://blog.naver.com/mkmagazine/224183962839,,시간미상,"동작구,보라매,트랙,보라매병원,산책로,체력,일단,개월,다시,결심,제발,동작구,상도동,그동안,체력,일단,개월,다시,결심,제발"
서울러닝코스추천,2026 서울 해맞이 명소 러닝 코스 BEST 5 인왕산 아차산... ,앱깔고 러닝워치에만 연결해두면 깔끔하다.많은분들이 활용하길 바란다. 자세한건 하단 포스팅... #2026서울해맞이 #서울일출명소 #서울해맞이추천 #인왕산일출 #아차산해맞이 #하늘공원일출 #개화산일출... ,https://blog.naver.com/realpsg/224129989209,,"새벽,아침,오전","맞이,명소,인왕산,아차산,워치,활용,하단,러너,라면,교보,문고,티머니,적립,워치,활용,하단,확인,테크,교보,플래닛"
서울러닝코스추천,서울 한강 러닝코스 추천 이촌한강공원 5km 러닝 후기 :: 러닝... ,오늘은 서울 한강 러닝 코스 추천 이촌한강공원 5km 러닝 후기입니다~ 이촌한강공원 이촌한강공원 위치 : 서울 용산구 이촌로72길 62 한강공원 이촌안내센터 이촌한강공원은 이촌역에 위치해있어요. 이촌역 4번... ,https://blog.naver.com/kyeong2soso/224056238144,"운동하고,분쯤,거북선나루터,이제",시간미상,"한강,이촌,한강,한강,이촌,한강,이촌,한강,이촌,한강,위치,용산구,이촌로,한강,이촌,안내,센터,이촌,한강,이촌역"
서울러닝코스추천,서울 잠수교 한강 러닝코스 추천 여름철 러닝 후기 | 데카트론... ,"ㅎㅎ 서울 한강러닝코스 추천 잠수교 러닝 당직 끝나고 마침 아침에 날도 조금 흐려서 바로 한강으로 러닝하러 갔다 잠수교를 한번도 안가봤었는데, 유투브 통해서만 많이 보다가 드디어 러닝뛰러 옴 주차는... ",https://blog.naver.com/bbaktae__/223982361226,"주차장,주차장에서",아침,"잠수교,한강,여름철,데카,트론,한강,잠수교,당직,마침,아침,조금,바로,한강,잠수교,한번,유투브,주차,인생,하프마라톤,고통"
서울러닝코스추천,도림천 러닝코스 평지 위주 편하게 뛰기 좋은 서울 러닝 코스,"기록에 연연하지 않고 내 페이스로 달리고 싶은 날, 혹은 크루 러닝으로 편하게 함께 뛰고 싶은 날이라면 도림천 러닝코스 한 번쯤 꼭 추천드리고 싶습니다. 서울에서 러닝을 일상처럼 즐기고 싶다면, 도림천은... ",https://blog.naver.com/nan0709/224143966508,"신대방,신도림역,신도림,신도림역에서",저녁,"도림천,평지,위주,기록,달리,크루,도림천,일상,도림천,도림천,평지,위주,부담,크루,주년,도림천,도림천,개인,크루,자주"
서울러닝코스추천,서울 트레일 러닝 입문자 코스 추천 BEST 3,#서울트레일러닝코스 #트레일러닝 #러닝코스추천 #남산러닝 #인왕산러닝 #대모산 #서울달리기좋은곳 #초보러너 #운동하는직장인 #산악러닝 #트런코스 #트런초보 #트런입문 #트레일러닝입문,https://blog.naver.com/sosolstory/224192881443,"수서역,수서역에서,경복궁,수서,경복궁역,경복궁역에서,국립극장","오전,오후,저녁","트레일,입문,쇼핑,커넥트,활동,일환,판매,발생,수수료,제공,헬스장,러닝머신,강변,자연,트레일,요즘,대세,막상,걱정,접근성"
서울러닝코스추천,[서울 러닝 코스] 양화한강공원 8km 무장애 직선코스ㅣ당산... ,한강 러닝 코스를 추천합니다. 당산 양화한강공원에서 마곡 서울식물원까지 이어지는 이 코스는 서울 서쪽 한강 러닝 코스 중 가장 안정적으로 달릴 수 있는 구간 중 하나입니다. 서울식물원 한강전망데크... ,https://blog.naver.com/pila_writer/224260251948,"당산,여의도에서,의도한강공원,한강공원에서,당산역,여의도",시간미상,"양화,한강,무장애,직선,당산,한강,당산,양화,한강,마곡,식물원,서쪽,한강,가장,안정,하나,식물원,한강,전망,데크"
서울러닝코스추천,뚝섬한강공원 야간 산책 러닝코스추천 반려견 야경,강건너 서울 야경을 즐기는 사람도 많고 평일이지만 열대야를 보내는 방법은 제각각 메이와 함께 잠실쪽 야경을 보며 잠실대교 방향으로 걸어본다 자양역에서 잠실대교까지 한강러닝코스로도 추천! 작년에... ,https://blog.naver.com/helpgod83/223977852591,자양,밤,"뚝섬,한강,야간,산책,반려견,야경,건너,야경,평일,열대야,제각각,메이,잠실,야경,잠실대교,자양역,잠실대교,한강,작년,뚝섬"
서울러닝코스추천,서울 한강 러닝 코스 추천/ 망원동 카페 피피커피에서 아침... ,진짜 커피 좋아하는 분이라면 꼭 들려서 핸드드립 마셔보길 추천!! #한강러닝 #서울러닝코스 #러닝브이로그 #모닝런 #운동기록 #여의도러닝 #망원한강공원 #달리기기록 #서울운동코스 #러너일상 #피피커피... ,https://blog.naver.com/guswlthd202/223891393612,"한강공원,한강공원에서","새벽,아침","한강,망원동,카페,커피,아침,진짜,커피,핸드,드립,커피,서울특별시,마포구,여의나루역,호선,서울특별시,영등포구,여의동로,양화대교,서울특별시,마포구"
서울러닝코스추천,서울 남산 북측순환로 러닝 코스 처음 가는 사람들을 위한 꿀팁... ,"남겨주어어어ㅇ,,,,,, #남산러닝코스 #남산북측순환로 #남산북측순환로시작점 #서울러닝코스추천 #남산러닝주차장 #남산러닝국립극장 #남산등산 #서울혼자등산 #서울초보등산 #국립극장주차장 #남산타워등산... ",https://blog.naver.com/freefrog6350/223958787705,주차와,"새벽,아침,오전,저녁","남산,순환로,처음,꿀팁,숙소,살이,퇴근,양심,성지,남산타워,순환로,한번,금요일,평일,저녁,퇴근,처음,장소,처음,위해"
서울러닝코스추천,남산 러닝/서울 러닝 코스 추천[북측 순환로 2회전 러닝]... ,안녕하세요~ 러닝 하는 쭈쌤입니다~ ^^ 오늘은 서울 러닝 추천 코스로 유명한 남산 북측순환로 러닝을 다녀왔습니다. 서울 러닝 코스 추천 남산 러닝 북측순환로 [1회전 6.5km] 남산 북측순환로는 1회전 (왕복 6.... ,https://blog.naver.com/90091222/223981007433,,저녁,"남산,순환로,쭈쌤입니,남산,순환로,남산,순환로,남산,순환로,왕복,쭈쌤입니,남산,순환로,남산,순환로,남산,순환로,왕복,오르막,내리막"
서울러닝코스추천,서울 무한도전 마라톤 일정 굿즈 공연 러닝 코스 10KM 달리기,#무한도전런 #무한도전Runwith쿠팡플레이 #무한도전20주년 #FCMM #쿠팡굿즈 #마라톤코스 #여의도마라톤 #굿즈추천 #공식MD #무도리티셔츠 #한정판굿즈 #쿠팡단독 #서울10KM런 #러닝페스티벌 #서울마라톤일정,https://blog.naver.com/qhadldhaus98/223867145553,방향으로,"아침,오전","무한도전,일정,공연,무한도전,일정,공연,여의도,무한도전,무한도전,쿠팡,플레이,주년,기념,이벤트,박명수,하하,포함,무한도전,멤버,직접"
서울러닝코스추천,"[성신여대 헬스]서울 벚꽃 시즌, 달리면서 즐기는 러닝 코스 추천",서울숲 – 자연 속 힐링 러닝 도심 속 숲에서 벚꽃과 함께 달릴 수 있는 코스입니다  ✔ 추천 포인트 나무 사이로 펼쳐지는 벚꽃길  공기 좋은 힐링 러닝 다양한 코스 선택 가능 (3~10km) ✔ 추천 루트 서울숲... ,https://blog.naver.com/olive_gym/224226939792,,"아침,오전,저녁,밤","성신여대,헬스,벚꽃,시즌,서울숲,자연,힐링,도심,벚꽃,포인트,나무,사이,벚꽃,공기,힐링,선택,가능,루트,서울숲,성신여대"
서울러닝코스추천,한강 서울 러닝코스 추천 | 반포한강공원~잠수교~동작대교~세빛섬,"한강 서울 러닝코스 추천 뷰좋은 5.8km 러닝 맛집! 세빛섬~잠수교~동작대교 안녕하세요, 운동 전문... 이번주 나만런 러닝크루 오프라인 모임 러닝코스 체크겸! 주말에 반포한강공원을 다녀왔어요. 세빛섬에서... ",https://blog.naver.com/gwangsol/223215154774,"세빛섬에서,세빛섬",밤,"한강,반포,한강,잠수교,동작대교,세빛,한강,맛집,세빛,잠수교,동작대교,전문,나만런,크루,오프라인,모임,체크,주말,반포,한강"
서울러닝코스추천,보라매공원 러닝 코스 추천,서울 런닝 코스 추천 보라매공원 짱 ! 보라매공원 근처에서 살아서 행복해요. ♀️♀️♀️ 이제 뉴발란스 하프 마라톤이 1주일 남았습니다. 몇일 전에는 보라매공원에서 시작해서 도림천 러닝을 했는데... ,https://blog.naver.com/jh1989j/224194230498,보라매공원,오전,"보라매,런닝,보라매,보라매,이제,뉴발란스,하프,주일,보라매,도림천,런닝,보라매,보라매,이제,뉴발란스,하프,주일,보라매,도림천,다리"
서울러닝코스추천,서울 가을 초급·중급·고급 러닝코스 추천 (Feat. 달리기 매너... ,#러닝 #러닝코스 #서울러닝 #러닝크루 #러닝동호회 #동호회 #코스추천 #코스 #서울 #서울러닝코스 #남산 #남산러닝 #남산북측순환로 #서서울호수공원 #잡수교 #한강 #한강공원 #잠실 #잠실한강공원 #나이트런... ,https://blog.naver.com/pac3083/224005260785,,저녁,"가을,고급,매너,가을,초보,고수,모두,가을,지금,가을,풍경,가지,대표,남산,순환로,남산,가을,단풍,남산,순환로"
서울러닝코스추천,롯데백화점 스타일런 Stylerun 서울러닝코스 추천,특별한 한정판 굿즈를 겟하고 싶은 분들에게 이번 2025 스타일런 Stylerun 강력 추천드려요 :) #러닝코스 #마라톤 #잠실러닝코스 #서울러닝코스 #러닝코스추천 #롯데백화점 #스타일런 #Stylerun #잠실가볼만한곳,https://blog.naver.com/h_myself99/223971838567,,"아침,오전","롯데,백화점,스타일,한정판,스타일,강력,루아,패션,동시,대회,롯데,백화점,스타일,대회,소식,절대,백화점,직접,주최,대회"
서울러닝코스추천,달리기 코스 댕댕런 추천 | 뉴발란스 북촌 런허브 카본 러닝화... ,3월 23일이 국제 강아지의 날 이니 국제 강아지의 날 러닝코스로도 추천한다! 실제로 8.5km인데 나는 12.... 시간대 추천합니다.. 한국인 외국인 관광객 거주자 시위자 경찰 다양함.. 얼마전 서울 뉴발란스... ,https://blog.naver.com/hyunofta/224210374773,,"아침,오전,오후","댕댕,뉴발란스,북촌,허브,카본,국제,강아지,국제,강아지,실제,시간대,한국인,외국인,관광객,거주,시위,경찰,얼마,뉴발란스,강아지"
서울러닝코스추천,"단대 호수 천호지 한 바퀴, 천안 아침 러닝 코스로 추천",서울일 거라고 생각했는데 천안 여행을 하면서 가볼 만한 곳을 찾아보는데 딱 천호지가 나오더라고요... 포스팅 #천안여행 #천안가볼만한곳 #천호지 #단대호수 #천안러닝 #러닝코스추천 #산책코스추천 #천안산책... ,https://blog.naver.com/risingstock789/224238832941,,아침,"단대,호수,바퀴,천안,아침,천안,여행,노래,버스커버스커,꽃송이,단대,호수,꼬셔,죠오,꼬신,물개,천안,여행,기념,단대"
서울러닝코스추천,서울 한강 러닝코스 동작역 1번 2번 출구 동작대교 남단 사당... ,한강 러닝하고 싶은 분들께 추천 제가 출발한 곳은 동작대교 남단 인 것 같습니다 동작대교남단에서 노들섬과 이촌한강공원을 지나 다시 동작역으로 돌아오는 코스를 많이들 애용하시는 것 같은데 (근데... ,https://blog.naver.com/mkmagazine/224035093976,"동작역,동작,동작역에서,제가,지하철",시간미상,"한강,동작역,출구,동작대교,남단,사당,한강,동작대교,남단,동작대교,남단,노들섬,이촌,한강,지나,다시,동작역,애용,거주,생애"
서울러닝코스추천,초보자 서울러닝코스 2.5km 성북천 추천,"서울러닝코스 추추추천 양쪽으로 데크길이 잘 정비돼 있고, 중간중간 벤치도 있어서 잠깐 쉬어가기 딱 좋고, 자전거길도 잘 깔려있더라!! 아침에는 동네 주민들이 조깅하고, 강쥐들도 막 궁뎅이 뽈락뽈락거리머... ",https://blog.naver.com/sogongnyeon/223866776936,,"아침,저녁,밤","초보자,성북천,추추,양쪽,데크,길이,정비,중간,중간,벤치,잠깐,자전거,아침,동네,주민,조깅,강쥐,궁뎅,뽈락뽈락,옹이"
서울러닝코스추천,제주 이호테우해변 근처 러닝코스 추천 및 숙박 후기,산책 코스로도 훌륭해요 ♂️♂️ 러닝하시는 분들도 많고 계속 해변이다 보니 달리는 내내 즐겁습니다  제주 도심에 숙박하실 예정이시라면 아침 저녁에 꼭 한 번 뛰어보시길 추천드려요! 묘하게... ,https://blog.naver.com/brothers_rk/223983913230,,"아침,저녁","제주,이호,우해,숙박,산책,계속,해변,내내,제주,도심,숙박,예정,라면,아침,저녁,매니아,형제,지금,형제,여름"
서울러닝코스추천,서울 한강 러닝 코스 추천 :: 동작역 ~ 반포한강공원 5km... ,한강 러닝 코스 추천 반포 한강공원 선선한 가을밤 공기가 좋은 요즘 입니다 저는 취미로 러닝을 하고... 밤바다 러닝도 매력있지만 한강에서 러닝을 하고 싶은 소망이 있었는데 얼마 전에 서울로 길게... ,https://blog.naver.com/asimpledailylife/224035675377,동작,"오전,저녁,밤","한강,동작역,반포,한강,한강,반포,한강,선선,가을,공기,요즘,취미,바다,매력,한강,소망,얼마,한강,반포,한강"
서울러닝코스추천,♀️ [서울 러닝코스 추천] 6선｜권역별 베스트 루트 가이드,오늘은 서울 러닝코스를 좀 추천해 드리려고 포스팅 하게 되었습니다. 서울은 도심·강변·숲길이 조화로운 도시입니다. 오늘은 난이도·거리·접근성을 기준으로 고른 서울 러닝코스 7곳을 소개해 드립니다.... ,https://blog.naver.com/messia12/223999950814,,"아침,저녁,밤","권역별,베스트,루트,가이드,도심,강변,숲길,도시,난이도,접근성,초보,초보,러너,새로이,도심,강변,숲길,도시,난이도,접근성"
서울러닝코스추천,서울 러닝코스 추천 노들 동작대교 한강 6km 러닝 (+네이버지도... ,"서울 러닝코스 추천 : 노들섬-동작대교-이촌 루트 ✔️ 거리 : 7~8km (초보자 러닝코스 강추) ✔️ 매력 포인트 : 한강 야경 + 도심뷰 + 접근성 달리기 입문자도 충분히 소화 가능한 루트니까, 서울에서 한강... ",https://blog.naver.com/zero_diary/223983902124,"출구,보기,출구에서","아침,밤","동작대교,한강,노들섬,동작대교,이촌,루트,초보자,강추,매력,포인트,한강,야경,도심,접근성,입문,자도,소화,루트,한강,요즘"
서울러닝코스추천,&quot;서울 러닝 명소 5선! 도심 속 달리기 힐링 코스 모음&quot;,#서울러닝 #러닝코스추천 #서울운동하기좋은곳 #한강러닝 #석촌호수 #올림픽공원 #서울숲 #북악산둘레길 #달리기좋은곳 ♀️ 서울 러닝 명소 5선  도심 속에서도 ‘달리는 즐거움’을 느낄 수 있는 곳들!... ,https://blog.naver.com/times_minton/224067631348,,"아침,밤","명소,도심,힐링,모음,명소,도심,즐거움,명소,도심,즐거움,계절,고민,러너,곳곳,자연,도시,매력,명소,직접,러너"
서울러닝코스추천,2025 런 서울 런 마라톤 일정 러닝 코스 하프마라톤 10km,30분까지 추천드려요 짐 보관 및 배번호 부착은 현장 혼잡을 고려해 사전 완료해주시고... 러닝 코스 안내 10km 러닝코스 출발: 서울시청 주요 경유지: 숭례문 – 을지로입구역 – 을지로4가역... ,https://blog.naver.com/qhadldhaus98/223957649770,"참가자,러닝코스","아침,오전","일정,하프마라톤,보관,번호,부착,현장,혼잡,고려,사전,안내,시청,주요,경유,숭례문,을지로입구역,을지로,마라콘,일정,하프마라톤,일요일"
서울러닝코스추천,"호카 FLY HUMAN FLY 캠페인, 러너블과 서울 러닝 코스 FHF... ","지역의 러닝 명소를 달릴 수 있는 코스들로 구성) 코스는 크게 서울과 수도권, 한강으로 나누어지며... 롯데월드몰 코스! 석촌호수 둘레를 따라 달리는 비교적 짧은 거리의 코스로 런린이들에게 추천해드... ",https://blog.naver.com/jeongwon84/223503714978,,시간미상,"호카,캠페인,러너블,지역,명소,구성,크게,수도권,한강,롯데,월드,석촌호수,둘레,비교,런린이들,깜썰입니,최근,건강,위해,소식"
서울러닝코스추천,"2026 하트시그널 러닝페스타, 문화비축기지 10km 코스부터... ","괜찮아서, 러닝대회를 너무 어렵게만 느끼는 분들에게도 부담은 덜할 것 같아요. 코스는... 마포러닝 #월드컵경기장역 #러닝대회추천 #10km러닝 #서울마라톤 #봄러닝대회 #러닝이벤트 #러닝페스타 #러닝일기",https://blog.naver.com/h5980256/224249942338,"문화비축기지,비축기지에서",시간미상,"하트,시그널,페스,문화,비축,기지,대회,부담,마포,대회,하나,요즘,진짜,가끔,예전,그냥,이야기,이제,분위기,이벤트"
서울러닝코스추천,동아마라톤 D-3 :: 인생 첫 풀코스 준비 / 러닝 마일리지 / 서울... ,2024 서울마라톤 / 동아마라톤 ★ 첫 풀코스 완주 후기 ★ #동아마라톤 #서울마라톤 #서울마라톤대회 #마라톤풀코스 #마라톤훈련 #서울마라톤풀코스 #러닝마일리지 #러닝코스추천,https://blog.naver.com/chita000/223383258598,"따라,합경기장으로",시간미상,"동아마라톤,인생,마일리지,동아마라톤,완주,이자,동아마라톤,보스톤,아테네,계육,문화유산,선정,동시,국내,세계,육상,연맹,인증,최고,등급"
서울러닝코스추천,"서울 러닝 코스 추천 _ 10K (동작대교 반환 코스, 물품보관함... ","작년 겨울에 조금씩 시작했던 러닝, 여름부터 본격적인 취미가 되었어요. 그렇게 아무튼, 달리기의... Tip 저녁에 이 코스를 뛰신다면 잠수교 방향으로 뛰길 추천드려요. 잠수교에서~이촌한강공원으로... ",https://blog.naver.com/hs159862/223940528752,"러너분들의,남단,집에서,남단에서","아침,저녁","동작대교,반환,물품,보관,작년,겨울,여름,본격,취미,저녁,잠수교,잠수교,이촌,한강,작년,겨울,여름,본격,취미,인생"
서울러닝코스추천,[서울/남산] 남산둘레길 러닝 코스 추천! 운동 후 개운하게... ,위치: 서울특별시 중부공원여가센터 1층 (남산 북측순환로 시작점 근처) 이용 방법: 1층 상황실에서... ♂️ #남산둘레길 #남산러닝 #남산러닝코스 #남산러너샤워장 #남산공원 #아침운동 #봄러닝 #러닝코스추천... ,https://blog.naver.com/papapenguin4/224212393844,,아침,"남산,남산,둘레길,위치,서울특별시,중부,여가,센터,남산,순환로,이용,상황,아빠,펭귄,봄바람,다시,러너,주목,겨울,지금"
서울러닝코스추천,"트레일 러닝 코스 추천, 주의 사항, 준비물까지","추천하는 국내 트레일러닝 코스 ✔서울 인왕산/안산 초보자들이 가볍게 시작하기 좋은 코스로, 도심 전경을 한눈에 볼 수 있습니다. 출처: 한국관광공사 ✔강원도 운탄고도 완만한 경사와 탁 트인 풍경 덕분에... ",https://blog.naver.com/silishop/224230335146,,오전,"트레일,주의,사항,준비물,국내,트레일,인왕산,안산,초보자,도심,전경,한눈,출처,한국,관광,공사,강원도,완만,경사,풍경"
서울러닝코스추천,[서울 러닝 코스] 한강 러닝 코스 총정리ㅣ5km·10km 추천 루트,서울식물원 튤립) 반포한강공원 가까운 집 근처에서 러닝 루틴을 만들고 싶다면 서울 지역 하천 러닝 코스를 찾아보세요! 하천 러닝 코스는 아래 글에서 확인할 수 있습니다. ↓↓↓↓↓↓↓↓↓↓↓,https://blog.naver.com/pila_writer/224248867708,"한남,한남역",시간미상,"한강,정리,루트,식물원,튤립,반포,한강,루틴,지역,하천,하천,아래,확인,한강,대표,한강,길이,한강,구성,한강"
서울러닝코스추천,"[서울 러닝코스 추천] 남산 러닝, 러닝 후 남산 카페 @콤포타블... ",다들 즐거운 러닝 하세욥 남산 북측/남측순환로 코스 정보는  https://blog.naver.com/clzlsalskfl/224016935251 #러닝 #서울러닝 #서울러닝코스추천 #서울달리기코스추천 #남산러닝 #남산순환길 #남산순환길러닝... ,https://blog.naver.com/clzlsalskfl/224042858251,시청,오후,"남산,남산,카페,콤포타블,남산,순환로,인기,요즘,남산,워낙,남산,커피,브런치,가을,단풍,남산,순환로,서울특별시,중구,남산"
서울러닝코스추천,한강 달리기 10K  반포 노들섬 추천 코스! 러닝 혼자 시작할 때... ,#한강러닝 #이촌한강공원 #러닝코스추천 #도심러닝 #러너스하이 #한강러너 #이촌러닝 #노들섬러닝 #한강대교 #반포대교 #잠수교 #서울러닝코스 #한강달리기 #한강뷰 #도심힐링 #러닝하는날 #주말러닝 #러닝일상,https://blog.naver.com/minsanity-/224016935745,"촌주차장에서,이촌주차장",시간미상,"한강,반포,노들섬,대회,대회,무릎,포기,세월,과학,다시,지금,달리,과학,저자,크리스,네이피어,출판,사이언스,북스,발매"
서울러닝코스추천,"석촌호수나이트런 방법부터 준비물, 5K 완주 | 서울러닝코스 추천","서울러닝코스로 추천드립니다 : ) 그럼 함께 보실까요 -? 출처 : 석촌호수나이트런 신청 홈페이지 (RM)... 석촌호수 공원 : 서울러닝코스 추천 (사람 많아요) 석촌호수 공원은 동호, 서호 이렇게 2개 있는데 동호... ",https://blog.naver.com/bjw79999/223137515439,,"저녁,밤","석촌호수,나이트런,준비물,완주,출처,석촌호수,나이트런,신청,홈페이지,석촌호수,석촌호수,동호,서호,동호,푸드,석촌호수,대면,개최,석촌호수,나이트런"
서울러닝코스추천,[서울 러닝 코스 추천 #2] 여의도 고구마런 약 8km,쉬운 코스였다. 왜 하는 사람이 많은지 알겠더라! 언제부턴가 엄청 멋지게 리뉴얼된 여의나루역.... 손하트 아닙니다 고구마입니다 여기 여의도 러닝 후 맛집으로 완전 추천!!! 원래 미나리랑 버섯 별로 안... ,https://blog.naver.com/pastangtang/224049449444,,시간미상,"여의도,고구마,언제,리뉴얼,여의나루역,하트,고구마,여기,여의도,맛집,완전,원래,미나리,버섯,별로,여의도,고구마,시계,길이,전반"
서울러닝코스추천,조용히 여기로 모이는 이유 서서울호수공원 양천 러닝 코스,ㅠㅠ (안읽었지만 ㅋㅋㅋ) 양천 러닝 코스로 떠오르는 서서울 호수공원 한 번쯤 방문해보시는걸 추천드립니다!  참고할 포스팅 ▼ 클릭하고 인플루언서 홈 구경하기  Copyright 2026. rozyontheroad. All rights reserved.,https://blog.naver.com/rozyontheroad/224137125591,,"오전,저녁","여기,이유,호수,양천,양천,호수,방문,참고,플루,구경,여행,플루,정로,양천,가장,너구리,바로,강서,호수,강아지"
서울러닝코스추천,한강 러닝코스 추천(영동~성수~동호대교 투어) 그리고... ,"여러분도 서울에 상경해서 뛰어보세요! 번 외 삼락생태공원 주차장에 차를 대놓고 무려 을숙도 편의점 가려고 17km를 뛴 스스로 대견한, 체력의 한계를 넘은 하루입니다 #삼락공원러닝코스 #을숙도러닝코스... ",https://blog.naver.com/brothers_rk/224003994225,,밤,"한강,영동,성수,동호대교,투어,여러분,상경,생태,주차장,무려,을숙도,편의점,스스로,체력,한계,하루,다리,아버,형제,한강"
서울러닝코스추천,러닝코스 예쁜 서울 마라톤 찾는다면? 잠실 롯데백화점... ,"어우러진 서울러닝코스 / 러닝코스추천 / 잠실가볼만한곳으로도 손꼽히는 동선이죠. 무엇보다 곳곳에 포토존, 응원스팟, 음악까지 준비되어 있어서 단순히 뛰는 시간이 아니라 감성 충만한 러닝타임을 즐길... ",https://blog.naver.com/pdmho92/223978007243,,오전,"잠실,롯데,백화점,잠실,동선,무엇,곳곳,포토,응원,스팟,음악,감성,충만,타임,분위기,슬슬,조금,감각,발견,바로"
서울러닝코스추천,2025년 직접 뛰어보고 선정한 서울 러닝코스 TOP4,"기록 훈련, 인터벌, 페이스 연습하기에 정말 좋은 트랙입니다  반포종합운동장 러닝 코스 후기 4️⃣ 한강 러닝 코스 추천 가볍게 달리기 좋은 5km · 10km · 20km 코스 서울에서 가장 접근성 좋고 부담 없이... ",https://blog.naver.com/chipmunk_camp/224112188646,지점까지가,저녁,"직접,보고,선정,기록,인터,연습,정말,트랙,반포,종합,운동장,한강,가장,접근성,부담,달리,고민,자주,동안,여러"
서울러닝코스추천,서울 트레일러닝 성지 추천 강동 일자산 러닝코스,서울에서 트레일러닝코스 찾으시는 분들은 일자산 러닝코스 정말 추천드립니다!! #겨울러닝 #오운완 #겨울러닝코스 #겨울둘레길 #서울트레일러닝 #서울러닝코스추천,https://blog.naver.com/applesun0922/223705058293,"쪽주차장에서,우측방향으로,왼쪽주차장","아침,오전","트레일,성지,강동,일자산,트레일,일자산,정말,최근,부모님,강동,둔촌,이사,집들이,집들이,이후,부모님,자고,다음,일자산,이름"
서울러닝코스추천,[오늘의 코스] 서울 풍경과 함께 달리는 한강 러닝코스 추천,좋은 서울 최고의 러닝코스죠. 달리면서 맞닥뜨리게 되는 서울 풍경은 러너들의 마음을 더욱 들뜨게... 러너들에게도 추천하는 코스입니다. 당산에서 여의도한강공원을 거쳐 동작대교 쪽으로 달리면 6km... ,https://blog.naver.com/sonykorea/223735239165,"옥수한강공원,당산,옥수,한강공원에서,청담대교",시간미상,"풍경,한강,최고,맞닥뜨리,풍경,러너,마음,더욱,러너,당산,여의도,한강,동작대교,달리,한강,강바람,덕분,언제,최고,맞닥뜨리"
서울러닝코스추천,러닝 입문자들을 위한  서울 시내 러닝 코스,#서울 시내 러닝 코스 추천 춥다고 가만히 있으면 살만 늘어날 뿐이죠. 움직이기 귀찮더라도 캠플이 추천해 주는 러닝 코스에서 한번 달려보는 건 어때요? 연말 모임에 가장 화려하게 등장할 나를 위해! (૭... ,https://blog.naver.com/campus_plus/223786145657,,"아침,밤","문자,시내,시내,춥다,캠플,한번,연말,모임,가장,등장,위해,시내,춥다,캠플,한번,연말,모임,가장,등장,위해"
서울러닝코스추천,국립극장 남산타워 4.1km 러닝 등산 순환코스 무릎보호대 추천,"가족 추천 소월길 4km 하 평탄, 도심&amp;숲경관 남측순환로 4.1km 어려움 업힐, 러닝/하이킹 적합 하늘숲길 1.43km 매우 쉬움 무장애 데크, 전망대, 신규 남산은 서울 도심에서 가장 다양한 산책과 운동코스를... ",https://blog.naver.com/ohayo11/224017264943,"국립극장에서,명동역에서,명동역,명동,국립극장",밤,"국립극장,남산타워,등산,순환,무릎,보호대,가족,월길,평탄,도심,경관,순환로,어려움,업힐,하이킹,적합,하늘,숲길,매우,쉬움"
서울러닝코스추천,서울 러닝 코스 추천 상암 월드컵공원(하늘공원 노을공원) 주차,서울 러닝 코스 추천 상암 월드컵공원(하늘공원 노을공원) 러닝 코스 주차 안녕하세요. 마라톤 대회가... 첨부파일 하늘공원노을공원.gpx 상암 월드컵공원 러닝 코스 추천... ,https://blog.naver.com/movenjoy_/223943048418,,저녁,"상암,월드컵,하늘,노을,주차,상암,월드컵,하늘,노을,주차,대회,첨부파일,상암,월드컵,상암,월드컵,하늘,노을,주차,대회"
서울러닝코스추천,[6월 러닝 마일리지 결산] 러닝기록 ♀️서울 러닝코스 추천♂️,"방문~ 러닝 대선배님들과 함께 달리게되어 압도적 영광입니다✨ 이웃 춘길님의 추천 코스로 한강, 도심, 숲길 모두 즐길 수 있는 코스로 달렸어요 ! 오랜만에 새로운 코스를 달리니 기분전환도 되고, 날씨도... ",https://blog.naver.com/glass0-0/223501327484,,"아침,오전","마일리지,결산,기록,방문,선배,달리,압도,영광,한강,도심,숲길,모두,기분,전환,날씨,쥬리,일주일,마지막,목표,마일리"
서울러닝코스추천,"서달산(동작 충효길, 서달산 자락길, 서울 트레일 러닝 추천코스)","[서울 동작] 가볍게 즐기는 산행 동작구 서달산 (동작 충효길, 서달산 자락길, 서울 트레일 러닝 추천코스) 등산이라고 하기에는 무리가 있다. 그냥 가볍게 숲속을 걷을 수 있는 곳. 동작구 서달산에 있는 동작... ",https://blog.naver.com/laonddeul/223754213817,,시간미상,"달산,동작,충효길,달산,자락,트레일,동작,산행,동작구,달산,동작,충효길,달산,자락,트레일,등산,무리,그냥,숲속,동작구"
서울러닝코스추천,서울 러닝 코스 추천,"것을 추천합니다. 메타세쿼이아와 편백나무가 양옆에 펼쳐진 산책길로 뛰다 보면 기분 전환에 도움이 될 것입니다. 서울 러닝 코스 다양한 곳이 많지만, 오늘 소개된 코스로 한번 나서보는 것은 어떨까요? 러닝... ",https://blog.naver.com/osrental-shop/223051497425,,"아침,저녁","메타세쿼이아,편백나무,양옆,산책길,기분,전환,도움,한번,추위,봄바람,건강,위해,체력,위해,과연,시즌,만큼,아침,저녁,그룹"
서울러닝코스추천,경인아라뱃길 15km 무신호 직선 러닝코스 현대아울렛 동선 추천,방문 시간대 추천은 언제인가요? 평일 낮 시간대 기준으로 한적하게 러닝하기 좋은 환경입니다. 주말... 서울 근교 러닝코스를 찾는다면 조건 맞을 때 재방문 고려해볼 만한 코스입니다.,https://blog.naver.com/dltoa0616/224254510533,간식은,저녁,"경인아라뱃길,직선,현대,아울렛,동선,방문,시간대,언제,평일,시간대,환경,주말,근교,조건,방문,고려,또롱맘,신호,김포,경인아라뱃길"
서울러닝코스추천,서울 러닝 코스 추천 잠수교 - 동작대교 러닝 코스 잠수교 5KM... ,다들 즐런하세용! #서울러닝코스 #서울러닝 #잠수교러닝 #잠수교러닝코스 #잠수교러닝주차 #잠수교러닝5KM #잠수료러닝코스5KM #잠수교러닝주차장 #동작대교러닝 #반포한강공원러닝 #이촌한강공원러닝,https://blog.naver.com/rudqo0705/223920307905,거여서,저녁,"잠수교,동작대교,잠수교,즐런,요즘,유행,코로나,시절,처음,반복,제대로,가장,지기,회사,입사,관심,금요일,저녁,한강,런린"
서울러닝코스추천,"2026더레이스 서울21km하프마라톤,10km러닝 대회 총정리,코스... ","교보생명에서 주최하는 서울 대표 러닝 콘텐츠, 더레이스서울21k 대회 장소와 코스 출발 장소... 귀중품은 보관백이 넣지 않는 것을 추천드립니다. 물품보관소 운영 여부 대회 당일 물품보관소 및... ",https://blog.naver.com/4168174/224233254457,"참가자,운영,광화문광장,화문광장에서,이동,에서","아침,오전","레이스,하프마라톤,대회,정리,교보,생명,주최,대표,콘텐츠,레이스,대회,장소,장소,귀중,보관,물품,보관,운영,여부,대회"
서울러닝코스추천,"서울 러닝 코스 추천, 상암동 월드컵 공원",서울 러닝 코스로 한강이 질렸다면 상암동 월드컵공원을 추천한다. 한 바퀴에 6km로 하프 마라톤을 준비하는 데 딱이다. 세 바퀴를 목표로 달린다면 하프도 가능할 거 같다(다다음주에 하프 나가는 사람) 주차는... ,https://blog.naver.com/frankoj/223999039009,,"새벽,아침,오전","상암동,월드컵,한강,상암동,월드컵,바퀴,하프,바퀴,목표,달린다,하프,다다,음주,하프,주차,한강,상암동,월드컵,바퀴,하프"
서울러닝코스추천,"러닝 인구 천만 시대, 서울 러닝코스 추천 (여의도 한강공원... ","IVIOS 서울 러닝하기 좋은 곳 추천 1. 여의도 한강공원 지구, 뷰가 좋은 러닝 코스! ▲ 출처 : 국민일보 기사 서울 도심 속에서 가볍게 달리기 좋은 첫번째 코스는 여의도 한강공원입니다. 여의도 한강공원은... ",https://blog.naver.com/ivioskorea/224050080054,평화의문,저녁,"인구,천만,시대,여의도,한강,여의도,한강,지구,출처,국민일보,기사,도심,여의도,한강,여의도,한강,이비,오스,코리아,공식"
서울러닝코스추천,[서울 러닝 코스] 서울 벚꽃 러닝 코스 총정리,대신 벚꽃 나들이객으로 붐비는 시간은 피하는 걸 추천합니다. 지금 당장 달릴 수 있는 벚꽃 러닝... 정보 서울 러닝 코스 시리즈 경복궁 댕댕런 (클릭) 서울시청 - 경복궁 돌담길 (클릭) 광화문 뮤지엄런 덕수궁... ,https://blog.naver.com/pila_writer/224243892001,"당산,당산역,여의나루","아침,밤","벚꽃,정리,대신,벚꽃,나들이,피하,지금,당장,벚꽃,시리즈,경복궁,댕댕,시청,경복궁,돌담,광화문,지엄,덕수궁,벚꽃,시기"
서울러닝코스추천,이 봄~ 런린이를 위한 서울 러닝 코스 추천,♂️♀️런린이를 위한 서울 러닝 코스 추천 “도심에서 자연과 에너지를 만끽하세요” 겨울이 저물고... 이번 회차 뉴스레터의 문화 컨텐츠로 서울 도심 러닝 코스를 엄선하여 추천드리려고 합니다. 서울에는... ,https://blog.naver.com/new_encore/223396015485,마치고,밤,"런린,런린,도심,자연,에너지,만끽,겨울,회차,뉴스레터,문화,컨텐츠,도심,엄선,런린,도심,자연,에너지,만끽,겨울,햇살"
서울러닝코스추천,러닝하기 딱 좋은 봄날! 유진인들이 추천하는 최애 러닝 코스는?,"있는 코스, 퇴근 후 가볍게 들르기 좋은 도심 속 러닝 스팟까지, 실제 경험과 진심 어린 추천이 담긴... 사랑받는 서울의 대표적인 러닝 코스입니다. 망원 한강공원에서 성산대교와 마표대교를 왕복하는 약 10km... ",https://blog.naver.com/eugene3704/224237080525,여의도공원,"아침,저녁,밤","봄날,유진,최애,퇴근,도심,스팟,실제,경험,진심,대표,망원,한강,성산대교,마표,대교,왕복,봄바람,야외,활동,계절"
서울러닝코스추천,러닝코스 추천 보라매 공원에서 달리기하기,서울 런닝 코스 추천 보라매공원 짱 ! https://m.blog.naver.com/jh1989j/224179779894 ️ 2026년 RYW 하프레이스... #서울러닝코스추천 #보라매공원러닝트랙 #보라매공원러닝 그래도 다행이 페이스는 잘 유지하고 뜀... ,https://blog.naver.com/jh1989j/224188424287,,오전,"보라매,런닝,보라매,하프,레이스,다행,유지,런닝,보라매,하프,레이스,뉴발란스,추가,당첨,하프,레이스,추가,당첨,뉴발란스,하프"
서울러닝코스추천,서울 남산 러닝코스 추천 BEST 5 (초보자~고급자),"서울 남산 러닝코스 추천 BEST 5 (초보자~고급자) 안녕하세요. 운동습관연구소의 운습쌤입니다. 남산은 단순히 서울의 상징이 아닌, 러너들에게는 도심 속 특별한 훈련장입니다. 특히 서울 남산은 총 높이 262m의... ",https://blog.naver.com/unsup_lab/224016824435,"회현역,산골한옥마을,한옥마을에서,고즈넉함,회현역에서,회현","아침,저녁,밤","남산,초보자,고급,남산,초보자,고급,습관,연구소,운습쌤,남산,상징,러너,도심,남산,높이,남산,초보자,고급,습관,연구소"
서울러닝코스추천,[걷기일기]서울식물원 러닝 코스 확장 답사 | 대회 전... ,♀️ #서울식물원러닝 #서울식물원 #러닝코스추천 #걷기운동 #러닝답사 #마곡러닝 #한강러닝코스 #방화대교 #습지원 #개나리길 #러닝일기 #직장인러닝 #마라톤준비 #하프마라톤준비 #경주벚꽃마라톤,https://blog.naver.com/gpdnjs6669/224238768178,이제,"아침,오후","걷기,일기,식물원,확장,답사,대회,대신,대회,휴식,걷기,컨디션,대신,걷기,선택,과감,식물원,걷기,진행,점심,일찍"
서울러닝코스추천,상암 하늘공원 러닝 코스 추천 &amp; 광명 철산역 스마트도서관에서... ,하늘공원러닝 #10km러닝 #오운완 #주말일상 #광명가볼만한곳 #러닝코스추천 #하늘공원업힐코스 #노을공원업힐코스 #하늘공원노울공원코스 #하늘공원러닝코스추천 #노을공원러닝코스추천 #서울업힐훈련추천,https://blog.naver.com/kkoing821/224257736601,"하늘공원으로,철산",아침,"상암,하늘,광명,철산역,스마트,도서관,하늘,하늘,주말,일상,철산역,스마트,도서관,이용,꼬님이,일요일,아침,주말,약속,등산"
서울러닝코스추천,"달려본 서울 러닝 코스 추천 1 - 한강 위/아래 + 노들섬, 서울숲",고요하게 러닝 하기에는 딱 좋았다 달리다보니 요렇게 귀여운 곰돌이 친구도 만났당 서울숲은 크게 도는 대로 사이에 길이 많고 코스가 다양해서 미리 지도를 보면서 어떻게 달릴지 생각하는 게 더 좋을 것 같다... ,https://blog.naver.com/peachy-ing/224015512008,,"저녁,밤","한강,아래,노들섬,서울숲,달리,곰돌이,서울숲,크게,대로,사이,길이,미리,원래,지난달,이벤트,하나,독서,독서,틈틈이,그동안"
서울러닝코스추천,"[서울 러닝코스 추천] 동작역... 주말 러닝 후기 (코스, 난이도... ",오늘은 서울의 아름다운 한강을 즐길 수 있는 러닝 코스를 소개해 드리려고 합니다. 바로 동작역에서... 길) 추천 시간: 낮 시간대 (선크림필수) 2. 코스 특징과 경로 이 코스의 가장 큰 장점은 접근성입니다.... ,https://blog.naver.com/healthnuts/224016708203,동작,시간미상,"동작역,주말,난이도,한강,바로,동작역,시간대,선크림,필수,특징,경로,가장,장점,접근성,한강,바로,동작역,반포,한강,초보자"
서울러닝코스추천,서울러닝코스 추천 도심 속 자연과 함께 달리는 매력,"한강공원 러닝 코스 – 서울 야경을 품은 도심 속 명소 거리: 구간별 선택 가능 추천 시간대: 저녁, 불빛 반짝이는 한강변 러닝 특징: 평탄한 트랙, 넓은 공간, 도심 속 리프레시 장소 서울러닝코스를 이야기할 때... ",https://blog.naver.com/eggholder/223853390308,,"아침,오전,저녁","도심,자연,매력,한강,야경,도심,명소,선택,가능,시간대,저녁,불빛,강변,특징,트랙,공간,도심,리프,레시,장소"
서울러닝코스추천,서울 잠실 러닝코스 추천 BEST 5 (초보자~고급자),"서울 잠실 러닝코스 추천 BEST 5 (초보자~고급자) 안녕하세요. 운동습관연구소의 운습쌤입니다. 잠실은 단순히 서울의 스포츠 중심지가 아닌, 러너들에게는 한강과 도심이 완벽하게 조화된 최고의 러닝... ",https://blog.naver.com/unsup_lab/224022672038,"한강공원,잠실,한강공원에서,잠실에서",밤,"잠실,초보자,고급,잠실,초보자,고급,습관,연구소,운습쌤,잠실,스포츠,중심지,러너,한강,도심,조화,최고,잠실,초보자,고급"
서울러닝코스추천,내가 달려본 서울 러닝 코스 추천 2 - 남산 북측순환로/남산타워... ,1편에 이어서 내가 달려번 서울 러닝 코스 추천 두 번째 고고고! &lt;남산 북측순환로/남측순환로&gt; 남산은... 7km &lt;청계천&gt; 청계천도 우리 집에서 가까운데 계속 한강이랑 남산만 다니느라 러닝 코스라고 생각조차... ,https://blog.naver.com/peachy-ing/224017855959,"청계광장,동대문","아침,저녁","남산,순환로,남산타워,고고,남산,순환로,순환로,남산,청계천,청계천,계속,한강,남산,한강,아래,노들섬,서울숲,원래,지난달,이벤트"
서울러닝코스추천,7월 초보 여름 러닝 기록 페이스 5km 코스 서울 명소 추천 2탄,"#여름러닝 #서울러닝명소 #서울러닝코스 7/18 대현산 배수지공원 저녁 퇴근하고 그냥 집에 있기 싫어서 그냥 뛰어본 날입니다. 집에서 대현산 배수지공원까지 뛰어서 갈 수 있을까 호기심에 뛰어봤지만, 높은... ",https://blog.naver.com/pharmkim-/223955990915,,"새벽,아침,오전,저녁","초보,여름,기록,명소,대현산,배수지,저녁,퇴근,그냥,그냥,대현산,배수지,호기심,한여름,탐험,초보,여름,기록,대현산,배수지"
서울러닝코스추천,[서울 러닝코스] 망원 한강공원·불광천·난지한강공원 직접... ,있는 러닝코스를 찾는 것이라고 생각해요. 오늘은 직접 달리며 정리한 서울 러닝코스 추천으로 ✔ 망원... 난지한강공원 #서울조깅코스 #러닝초보 #러닝추천코스 #도심러닝 #운동루틴 #건강한일상 #용산악어새,https://blog.naver.com/ak_abcd/224126211254,"합정,월드컵경기장",시간미상,"망원,한강,불광천,한강,직접,직접,달리,정리,망원,한강,습관,만들기,가장,자주,직접,달리,정리,망원,한강,불광천"
서울러닝코스추천,서울 한강 러닝코스 추천 BEST 5(초보자~고급자),"서울 한강 러닝코스 추천 BEST 5 (초보자~고급자) 안녕하세요. 운동습관연구소의 운습쌤입니다. 한강은 단순히 서울의 젖줄이 아닌, 러너들에게는 천국과 같은 곳입니다. 특히 서울 한강공원은 총 연장 40km에... ",https://blog.naver.com/unsup_lab/224012257212,"뚝섬한강공원,한강공원에서,나루한강공원","저녁,밤","한강,초보자,고급,한강,초보자,고급,습관,연구소,운습쌤,한강,젖줄,러너,천국,한강,연장,한강,초보자,고급,습관,연구소"
서울러닝코스추천,서울 러닝코스 추천 잠실 석촌호수,한강과는 또다른 매력이 있었던 석촌호수 아침 햇살에 비쳐 반짝이는 윤슬이 너무 예뻤다✨ 두바퀴에 5km라서 기록 생각하고 달리기 연습할 때도 좋을것 같다! 잠실 석촌호수 러닝코스 추천합니당,https://blog.naver.com/hani_lemon/223956574082,,아침,"잠실,석촌호수,한강,매력,석촌호수,아침,햇살,윤슬,바퀴,라서,기록,연습,잠실,석촌호수,아침,습관,만들기,일주,일차,석촌호수"
서울러닝코스추천,[서울 러닝 코스] 한강 러닝 코스 추천 | 당산역... ,요즘 주말 나의 낙 서울 러닝 명소 찾아다니기 지하철역이랑 바로 이어져서 한강 러닝 할 수 있는 코스가 있다길래 토요일 눈 뜨자마자 출바알 ✨ 당산역 4번 출구로 나오면 바로 한강공원 가는 길이... ,https://blog.naver.com/ju_hyun1031/224238803137,"표지판,표지판에서",오전,"한강,당산역,요즘,주말,명소,지하철역,바로,한강,토요일,바알,당산역,출구,바로,한강,길이,요즘,주말,명소,지하철역,바로"
서울달리기코스,2026 더레이스 서울 21K... 하프마라톤 10km달리기 러닝 코스,2026 더레이스 서울 21k 마라톤 일정 추가접수 하프마라톤 10km 달리기 러닝 코스 서울 도심을 달리는 러닝 대회는 매년 경쟁이 치열합니다. 정규 접수가 마감된 뒤 취소 및 환불로 발생한 잔여 좌석을... ,https://blog.naver.com/qhadldhaus98/224199727829,"광화문,광장,환경에서,광화문광장,화문광장에서,환경","아침,오전","레이스,하프마라톤,레이스,일정,추가,접수,하프마라톤,도심,대회,매년,경쟁,정규,접수,마감,취소,환불,발생,좌석,레이스,일정"
서울달리기코스,서울 5KM 달리기 러닝 코스 추천 어린이대공원 붕어빵런,[서울 5km 달리기 코스 '어린이대공원'] ♀️ 코스: 2회전 왕복 (약 5km 달리기) ✔️공원 운영시간: 05:00~22:00 ✔️회전에 따라 km를 조절해 러닝 가능 (1회전 2.5km ~ 4회전 10km) ✔️오르락내리락 경사가 있어요... ,https://blog.naver.com/sinnyarea/224199498633,,"오전,밤","어린이,붕어빵,어린이,왕복,운영,회전,조절,가능,오르락내리락,경사,어린이,붕어빵,광진구,서포터즈,산시,요즘,날씨,바로,광진구,어린이"
서울달리기코스,2026 서울하프마라톤 &amp; 광명 건강달리기 코스 및 자전거도로... ,#2026서울하프마라톤 #서울하프마라톤 #광명건강달리기 #광명마라톤 #주말마라톤일정 #마라톤코스 #자전거도로통제 #자전거도로우회 #안양천자전거도로 #한강자전거도로 #상암월드컵공원 #여의도공원... ,https://blog.naver.com/yeepi01/224259888645,"늦게,찬빛광장을","아침,오전,저녁,밤","하프마라톤,광명,건강,자전거,도로,업힐,서녕,완연,기운,라이딩,야외,요즘,주말,일요일,경기,권역,대회,대회,참가,러너"
서울달리기코스,"2025 서울달리기 교통 통제 시간 및 코스, 버스 우회 노선... ","2025 서울 달리기 코스 2025 서울 달리기 하프코스 2025 서울 달리기 10km 코스 2025 서울 달리기 교통 통제 구간 및 시간 2025 서울 레이스 버스 우회 노선 안내 마무리 ♂️ 2025 서울달리기, 어디서부터 어디까지... ",https://blog.naver.com/bhkim1020/224038264808,"힘차게,구간은","아침,오전","교통,통제,버스,우회,노선,하프,교통,통제,레이스,버스,우회,노선,안내,마무리,부터,어디,일요일,도심,개최,러너"
서울달리기코스,2024 서울달리기 첫 하프코스 완주 후기!,열린 10km 기록 : 00:57:59 23년 10월 8일 올림픽데이런 10km 기록 : 00:55:52 23년 11월 5일 JTBC마라톤 10km 기록 : 00:54:39 24년 3월 17일 동아마라톤 10km 기록 : 00:54:17 24년 10월13일 서울달리기 하프코스 기록 : 02:05:56,https://blog.naver.com/klk1196/223621378567,"청계광장,서울광장,청계광장에서,정각에,시청",오전,"하프,완주,기록,올림픽,기록,기록,동아마라톤,기록,하프,기록,동네,참가,이후,올림픽,동아마라톤,번의,참가,모두,참가,참가"
서울달리기코스,서울 달리기 하프코스 완주 후기,서울 레이스 11K 코스 서울 레이스 코스는 예전에는 청계광장에서 출발하고 경복궁을 한 바퀴 돌아... 서울 달리기 코스 마지막 3km 정도를 남겨놓고 걷지도 못할 정도로 종아리가 아파서 거의 기어가다시피... ,https://blog.naver.com/mrpark77/224041598757,"청계광장에서,그쳤고,드디어,청계광장","새벽,아침","하프,완주,레이스,레이스,예전,청계,광장,경복궁,바퀴,마지막,종아리,거의,일요일,광장,레이스,참가,모처럼,하프,도전,어려움"
서울달리기코스,2024 서울 달리기 대회 코스 일정 무료신청 준비물 양도,접수부문 11K코스 하프코스 서울달리기 대회 일정 2024년 10월 13일 일요일! 2023 서울달리기 정보... com/carry_on_me/223445545373 #서울달리기 #서울레이스 #2024서울달리기 #서울달리기코스 #서울달리기일정... ,https://blog.naver.com/carry_on_me/223466889828,,오전,"대회,일정,무료,신청,준비물,양도,접수,부문,하프,대회,일정,일요일,캐리,초보,러너,런닝대회,재미,레이스,행사,잇님들"
서울달리기코스,[러닝] 서울 달리기 코스 모음,"한강, 하천 일직선으로 뻗어 자유롭게 코스 변경이 가능한☺️ 한강(서울 코스 중에 가장 메인 코스!), 청계천, 안양천(신정교 트랙), 당현천, 중랑천(송정제방길, 장안벚꽃로), 양재천(안... ",https://blog.naver.com/ywo1992-/223760924239,"입구,국립극장,고려대",아침,"모음,한강,하천,일직선,변경,한강,가장,메인,청계천,안양천,정교,트랙,당현천,중랑천,송정,제방,장안,벚꽃로,양재천,장소"
서울달리기코스,2024 서울레이스 달리기 일정  코스 보급 교통통제,"이번 포스팅에서는 대회 일정, 참가 방법, 기념품, 코스 주의사항 등 모든 정보를 알아보도록... 06:30~11:00 서울달리기로 인해 교통통제 구역입니다. 2024 서울 레이스 마라톤은 러너들에게 도전과 열정을... ",https://blog.naver.com/rlfehdud/223614344250,"점을,안내","새벽,아침,오전","레이스,일정,보급,교통,통제,대회,일정,참가,기념품,주의,사항,모든,교통,통제,구역,레이스,러너,도전,열정,무기"
서울달리기코스,"서울러닝코스_10km, 석촌호수... 러닝코스 달리기~ 봄은... ",워킹서울 러닝서울~ 석촌호수 러닝코스 달리기~ 봄은 장범준의 노래 ‘벚꽃엔딩’으로 시작된다고... #서울러닝코스_10km #서울달리기코스_10km 서울을 워킹하자. 워킹하면 서울이 보인다. 서울걷기는 보물찾기다.... ,https://blog.naver.com/pccidjyj/224250690842,,시간미상,"석촌호수,워킹,석촌호수,장범준,노래,벚꽃,엔딩,워킹,워킹,걷기,보물찾기,워킹,석촌호수,장범준,노래,벚꽃,엔딩,벚꽃,어디가,석촌호수"
서울달리기코스,서울 북부 러닝 코스 - 5km 달리기,서울시 노원구 공릉동. 제가 상당한 기간 동안 머물렀던 곳입니다. 이곳을 떠나서 이번 주에 저는 다른... 저는 런데이 어플의 매일 30분 달리기 코스로 뛰었습니다. 오른쪽 하단에 있는 컨디션 최상 코스를... ,https://blog.naver.com/tamaraciel/223899149425,트랙,저녁,"북부,서울시,노원구,공릉동,기간,동안,다른,데이,어플,매일,오른쪽,하단,컨디션,최상,서울시,노원구,공릉동,기간,동안,다른"
서울달리기코스,러닝일지 241010 서울달리기 하프코스 준비 66회차,운동기록 241010 서울레이스 사전 신발테스트 4k 9월달에 구매해놓고 비도 오고 텐케이에 새 신을 신고... 누적거리 : 010 km #러닝 #달리기 #러닝일지 #기록일기 #운동일기 #가민 #피닉스6s #러닝다이나믹포드 #RD... ,https://blog.naver.com/oshow0626/223638889350,,밤,"일지,하프,기록,레이스,사전,테스트,구매,비도,텐케이,신고,누적,기록,레이스,사전,테스트,구매,비도,텐케이,신고,잠시"
서울달리기코스,서울 마라톤 일정 러닝 코스 풀 하프마라톤 10km 5km 달리기,"제23회 동계국제마라톤대회 서울 마라톤 일정 러닝 코스 풀 하프마라톤 10km 5km 달리기 겨울 러닝 시즌을 상징하는 대회는 많지 않습니다. 차가운 공기와 단단한 노면, 그리고 페이스 관리가 더 중요해지는... ",https://blog.naver.com/qhadldhaus98/224148396201,남측,"아침,오전","일정,하프마라톤,동계,국제,대회,일정,하프마라톤,겨울,시즌,상징,대회,공기,노면,관리,동계,국제,대회,일정,하프마라톤,겨울"
서울달리기코스,서울 초보 러닝 코스 추천 어린이대공원 붕어빵런 5KM 달리기,"서울 초보 러닝 코스 어린이대공원 붕어빵런 5KM 달리기 안녕하세요, 산시니입니다 :) 요즘 러닝을 조금씩 시작해서 5km 달리기는 꾸준히 하려고 노력 중인데요! 오늘 소개해 드릴 곳은 서울 러닝 코스 중... ",https://blog.naver.com/sinnyarea/224131004045,"후문,정문",밤,"초보,어린이,붕어빵,초보,어린이,붕어빵,산시,요즘,노력,드릴,초보,어린이,붕어빵,산시,요즘,노력,드릴,초보자,어린이,완주"
서울달리기코스,서울 중랑구 달리기 좋은 러닝코스 중랑천,"맞게 코스를 정해서 달리면돼요~! 저는 묵동천, 용마폭포공원도 러닝하기 좋더라구요 보행통로와 자전거 도로가 구별되어있어서 러닝을 하기 좋은 곳이에요 저희는 중랑천이 달리기를 하기 좋아서 홈플러스... ",https://blog.naver.com/10101212/224233052830,하니,시간미상,"중랑구,중랑천,정해,달리,묵동천,폭포,보행,통로,자전거,도로,구별,중랑천,홈플러스,중랑,서포터즈,랑랑,전하,소식,소정,원고료"
서울달리기코스,"러닝 후기, 도심 속 호수뷰 서울 달리기 명소 러닝코스 추천",#석촌호수 #석촌호수러닝 #석촌호수코스 #서울러닝코스 #잠실러닝 #서울달리기 #러닝코스추천 #서울러너 #호수뷰러닝 #도심러닝 **종아리 압박 회복에 최고! 러닝용품 추천,https://blog.naver.com/yeepi01/223999691424,러닝을,"저녁,밤","도심,호수,명소,종아리,압박,회복,최고,용품,업힐,서녕,얼마,저녁,지인,석촌호수,도심,한가운데,호수,만족도,여러분,석촌호수"
서울달리기코스,서울 마라톤 일정 5월 나는 솔로런 10km 달리기 코스와 기념품,"나는 솔로 마라톤은 서울 여의도에서 진행되는 10km 달리기 이벤트로 참가신청은 선착순, 참가비는 7만 원, 코스는 평탄한 한강 코스, 기념품은 콘셉트 중심 구성 참고해요.",https://blog.naver.com/00dkfmal/224224918642,"공원에서,천천히,이벤트라,동시에","아침,오전","일정,솔로,기념품,솔로,여의도,진행,이벤트,참가,신청,선착순,참가,한강,기념품,콘셉트,중심,구성,참고,일정,솔로,라라"
서울달리기코스,[2025 서울달리기 D-Day] PB 달성 필독! 공식 사이트 &amp; 코스... ,레이스 직전까지 수시로 확인하세요  2️⃣ ️ 코스 지도 분석 및 교통 공략 서울달리기는... 5️⃣  기록 단축 (PB)을 위한 페이스 조절 팁 서울달리기 코스는 초반에 시내 중심부를 달리며 통제가 잘... ,https://blog.naver.com/hnusta/224037421579,"도로,차량은,청계광장,생명,참가자는",아침,"달성,필독,공식,사이트,레이스,직전,확인,분석,교통,공략,기록,단축,조절,초반,시내,중심부,달리,통제,가을,정점"
서울달리기코스,4월 서울 벚꽃 러닝 코스 추천 여의도 말고 달리기 좋은 곳,↑ ↑ ↑ ↑ ↑ ↑ 더 다양한 상품들 확인하세요 ↑ ↑ ↑ ↑ ↑ ↑ #서울러닝코스 #벚꽃러닝 #4월러닝 #여의도말고 #서울벚꽃명소 #서울러닝 #서울달리기 #러닝코스추천 #서울봄나들이 #서울벚꽃코스... ,https://blog.naver.com/daily__with_dan/224242580582,있어서,"아침,오전,저녁","벚꽃,여의도,상품,확인,벚꽃,벚꽃,여의도,다시,아침,공기,벚꽃,언제,기분,자주,가게,여의도,벚꽃,피하,정리,바퀴"
서울달리기코스,서울레이스 2024 서울달리기 코스 상세안내 교통통제 안내,서울레이스 2024 대회 날짜 : 2024년 10월 13일 일요일 8시 접수 종목 : 하프코스/11K 코스 서울레이스 2024 코스도 하프코스 HALF COURSE (제한 시간 2시간 30분) (출발) 청계광장 앞 세종대로 &gt; 광화문 &gt; 경복궁... ,https://blog.naver.com/valerita/223614584181,"그룹에서,그룹,배번호와,순으로",오전,"레이스,상세,안내,교통,통제,안내,레이스,대회,날짜,일요일,접수,종목,하프,레이스,하프,제한,청계,광장,세종,광화문"
서울달리기코스,"2024 서울달리기 서울레이스 마라톤,주차,접수,일정 기념품 코스","2024 서울레이스 (서울달리기) 24.10.13 (일요일) 오전 8시 대회 시작 2024 서울달리기는 하프코스 7만원, 11K 코스 6만원의 참가비로 모든 접수가 끝난 상태입니다. 러너분들의 뜨거운 신청열기로 시스템의 오류가... ",https://blog.naver.com/ossmove/223588554686,"그룹에서,안내,청계광장,세종대로에서,코스는,세종대로,그룹","아침,오전","레이스,주차,접수,일정,기념품,레이스,일요일,오전,대회,하프,참가,모든,접수,상태,러너,신청,열기,시스템,오류,레이스"
서울달리기코스,"메달, 코스 - 서울달리기(SEOUL RACE), 동아하프마라톤","서울달리기(서울레이스)의 접수날짜가 떴습니다. 2024년 6월 11일.. 워낙 인기가... 11km 코스, 하프코스 ■ 접수방법 : 동마클럽 로그인 후 신청 https://m.dongma.club/ 2024 SEOUL... ",https://blog.naver.com/shinon11/223468061237,,오전,"메달,동아,하프마라톤,레이스,접수,날짜,워낙,인기,하프,접수,클럽,로그인,신청,서버,문제,추가,접수,이제,추첨,고려"
서울달리기코스,"서울러닝코스_10km, 한강... 러닝코스 달리기~ 동작대교를 건너... ",워킹서울 러닝서울~ 한강 러닝코스 달리기~ 동작역이 워낙 편하다보니 한강달리기 출발장소로 많이... #서울러닝코스_10km #서울달리기코스_10km 서울을 워킹하자. 워킹하면 서울이 보인다. 서울걷기는... ,https://blog.naver.com/pccidjyj/224252073065,한강달리기,시간미상,"한강,동작대교,건너,워킹,한강,동작역,워낙,한강,장소,워킹,워킹,걷기,워킹,한강,동작역,워낙,한강,장소,이용,동작대교"
서울달리기코스,가을에 달리기 좋은 서울 러닝코스 추천,"난이도 ★★★★★ㅣ거리 약 7~10km 지금까지 서울에서 달리기 좋은 코스를 소개해 드렸어요. 한강의 탁 트인 풍경부터 남산의 언덕길까지, 서울 곳곳에서 도심 속 자연을 느끼며 달리는 즐거움을 만끽해... ",https://blog.naver.com/wellifeblog/223610091078,"백범광장,백범광장에서",시간미상,"가을,난이도,지금,한강,풍경,남산,언덕길,곳곳,도심,자연,즐거움,만끽,선선,바람,가을,계절,가을,대회,도전,거나"
서울달리기코스,서울 K 마라톤 대회 일정 러닝 코스 하프마라톤 10km 달리기,"서울 K 마라톤 대회 일정 러닝 코스 하프마라톤 10km 달리기 서울 도심을 가로지르는 마라톤 대회는 매년 꾸준히 관심을 받습니다. 이번 서울 K 마라톤대회는 원래 이번 주 일정으로 예정되어 있었지만, BTS... ",https://blog.naver.com/qhadldhaus98/224222913307,"교통통제,광화문을,동일,광화문광장,화문광장에서",오전,"대회,일정,하프마라톤,대회,일정,하프마라톤,도심,대회,매년,관심,대회,원래,일정,예정,대회,일정,하프마라톤,도심,대회,매년"
서울달리기코스,서울 러닝 코스 장소 5km 달리기 옥수나들목 가는 법 짐 보관 팁,지도 앱에는 길이 명확히 표시되지 않아서 처음 방문하신다면 참고하시면 도움이 될 거예요 ♀️ 5km 달리기 코스 서울 러닝 코스답게 공간도 넓고 시민들을 위한 운동기구들이 잘 갖춰져 있었습니다. 모두... ,https://blog.naver.com/sinnyarea/224059427977,"본격적으로,옥수",저녁,"장소,옥수,나들목,보관,길이,표시,처음,방문,참고,도움,공간,시민,기구,모두,옥수,나들목,요즘,날씨,등산,대신"
서울달리기코스,"봄맞이 남산 달리기 코스 후기(개나리, 소월길, 노을런)","멋진 서울의 전경을 감상할 수 있다는 점이 매력적입니다. 인도는 사람이 별로 없어 한적한 것도... #남산달리기코스 #남산러닝코스 그랜드하야트에서 시작하여 남산도서관까지 왕복으로, 달리며, 멈추며, 즐기며... ",https://blog.naver.com/sur1n/224232319760,그랜드하야트,저녁,"봄맞이,남산,개나리,월길,노을,전경,감상,매력,인도,별로,그랜드,남산,도서관,왕복,달리,봄맞이,남산,개나리,월길,노을"
서울달리기코스,2024서울달리기 하프코스 참가신청 접수완료,"2024서울달리기 남들보다 빠르게 무료신청 완료했어요 하반기에 핫한 대회 중에 하나, 서울달리기!!!... 하프코스, 95 사이즈 , (작년에 니삭스 주문했으니 올해는) 쿼터 삭스 주문 완료~ 이제 대회날 무사... ",https://blog.naver.com/oshow0626/223461287434,,오전,"하프,참가,신청,접수,무료,신청,하반기,대회,하나,하프,사이즈,작년,니삭스,주문,올해,쿼터,삭스,주문,이제,대회"
서울달리기코스,기록 / 러닝 기록 _ 서울달리기 (서울레이스) 2025 하프코스 후기,"ㅋ 올해 5월부터 시작한 러닝이 생각보다 재미가 있었고, 친구 따라 강남 간다고, 친구들이 뛰길래 따라 뛰다가 얼떨결에 나가게 된, 인생 첫 #하프마라톤 서울달리기 (서울레이스) 2025 후기 기록 시이작! ㅋ... ",https://blog.naver.com/beerswim/224042601897,"찍은,그리고,차례로,어차피,친구와는,있다면,분에,전에","새벽,아침,오전","기록,기록,레이스,하프,올해,재미,강남,간다,얼떨결,인생,레이스,기록,체육,최근,도전,기록,공유,메인,누가,단연"
서울달리기코스,"서울 하프 마라톤 일정,10km 달리기 두가지 러닝 코스",서울 마라톤 일정 중 광화문에서 시작해 상암 월드컵공원까지 하프 코스와 10km 달리기 코스에 대해 알아봤는데요~ 2025년 4월 27일 서울 거리에서 다들 화이팅입니다~,https://blog.naver.com/00dkfmal/223779617763,"광화문광장,화문광장에서,광화문","아침,오전","하프,일정,가지,일정,광화문,상암,월드컵,하프,대해,화이팅,일정,하프,인기,여러,대회,일정,대해,하프,일요일,오전"
서울달리기코스,2025 서울달리기대회 코스·일정 교통통제 안내,"서울광장을 출발점으로, 가을 정취 가득한 도심 속을 달리며, 청계천의 바람, 종로의 역사, 숭례문의 장엄함을 느낄 수 있는 코스가 서울달리기만의 매력 포인트입니다. 대회 개요 ▶대회명 - 2025... ",https://blog.naver.com/esec1018/224036312633,"서울광장을,힘차게","아침,오전","대회,일정,교통,통제,안내,광장,출발점,가을,정취,도심,달리,청계천,바람,종로,역사,숭례문,매력,포인트,대회,개요"
서울달리기코스,서울 달리기 코스 추천 : 홍제천 ~ 망원한강공원 7km 코스,야경두 보구 컵라면에 맥주마시고 돌아오기도 한다. 이 코스를 달리며 찾은 맛집도 꽤 있다. 다음엔 홍제천 ~ 망원한강공원 코스 맛집을 정리해보기로 미래의 나와 약속하며... 서울 달리기 좋은 코스 추천 끝!!!,https://blog.naver.com/abadolp/223920446350,,"아침,저녁","홍제천,망원,한강,야경,보구,컵라면,맥주,달리,맛집,다음,홍제천,망원,한강,맛집,정리,미래,약속,홍제천,망원,한강"
서울달리기코스,삼청동 달리기 코스 댕댕런 추천 | 뉴발란스 북촌 런허브 카본... ,이렇게 귀여운 강아지 모양의 달리기 코스 가능! 카카오맵 댕댕런 gpx 파일 첨부파일 댕댕런 8km.gpx... 얼마전 서울 뉴발란스 런유어웨이 하프 마라톤 각인 서비스도 진행 뉴발란스 런 허브 렌탈 서비스 필수... ,https://blog.naver.com/hyunofta/224210374773,,"아침,오전,오후","삼청동,댕댕,뉴발란스,북촌,허브,카본,강아지,모양,가능,카카오,댕댕,파일,첨부파일,댕댕,얼마,뉴발란스,런유,웨이,하프,각인"
서울달리기코스,달리기 코스 추천 / 서울 마포구 월드컵 경기장 외곽 코스 이야기,달리기 코스 추천 서울 마포구에 위치한 서울 월드컵 경기장 코스 추천. 동서남북 어디든 체크포인트... 러닝하세요~ #월드컵경기장 #월드컵경기장러닝 #마포러닝 #상암러닝 #서울러닝코스 #서울달리기코스,https://blog.naver.com/jeongssulee/223631864846,,밤,"마포구,월드컵,경기장,외곽,이야기,마포구,위치,월드컵,경기장,동서남북,어디,체크,포인트,마포구,위치,월드컵,경기장,동서남북,어디,체크"
서울달리기코스,"서울러닝코스_10km, 동작... 이촌, 한강대교 러닝코스 달리기~","워킹서울 러닝서울~ 동작, 잠수교, 이촌, 한강대교 러닝코스를 달리기한다. 가을을 즐기기 딱 좋은... #서울러닝코스_10km #서울달리기코스_10km 서울을 워킹하자. 워킹하면 서울이 보인다. 서울걷기는 보물찾기다.... ",https://blog.naver.com/pccidjyj/224110919439,동작,시간미상,"동작,이촌,한강대교,워킹,동작,잠수교,이촌,한강대교,가을,워킹,워킹,걷기,보물찾기,워킹,동작,잠수교,이촌,한강대교,가을,계절"
서울달리기코스,2024 서울레이스(서울달리기) 하프코스 후기 - 125의 벽은... ,"PB내기 좋은 코스, 광화문 앞은 언제나 황홀 2. 넉넉한 급수대와 이온음료, 스펀지 3. 물품보관 용이성... 더욱더 어려워지니, 이것도 큰일이네요  #서울레이스 #서울달리기 #데상트러닝 @descenterunning",https://blog.naver.com/shinon11/223617188834,"가득안고,불만은,하고","새벽,아침,오전","레이스,하프,내기,광화문,황홀,급수,음료,스펀지,물품,보관,용이,더욱더,큰일,작년,발목,부상,출전,레이스,이제야,새벽"
서울달리기코스,2026 서울 하프 마라톤 일정 러닝 코스 하프 10km 달리기,2026 서울 하프 마라톤 일정 러닝 코스 하프 10km 달리기 2026 서울하프마라톤은 4월 26일 서울 도심 일대에서 개최됩니다. 광화문광장에서 출발하여 여의도와 상암동을 잇는 이번 대회는 하프마라톤... ,https://blog.naver.com/qhadldhaus98/224258685947,"광화문광장,화문광장에서,광화문",오전,"하프,일정,하프,하프,일정,하프,하프마라톤,도심,일대,개최,광화문,광장,여의도,상암동,대회,하프마라톤,하프,일정,하프,하프마라톤"
서울달리기코스,2025 서울 달리기(서울레이스) 접수 일정·코스·참가비... ,2025 서울달리기(서울레이스) 코스 확인 2024년 서울 달리기(서울레이스) 하프코스 입니다. 올해는 아직 확정은 되지 않았는데요. 거의 비슷할 것으로 예상이 됩니다. 2024년 서울달리기 (서울레이스) 11km... ,https://blog.naver.com/doom7356/223888108647,,"아침,오전,저녁","레이스,접수,일정,참가,레이스,확인,레이스,하프,올해,확정,거의,예상,레이스,복판,기회,매년,러너,대표,축제,레이스"
서울달리기코스,"서울 러닝코스 추천, 러너들이 가장 좋아하는 서울 달리기 코스",그래서 네이버에서도 서울 러닝코스 서울 달리기 코스 서울 조깅 코스 같은 검색어가 꾸준히 검색되고 있습니다. 오늘은 러너들이 가장 많이 찾는 서울 러닝코스 추천을 정리해보겠습니다. 1️⃣ 한강... ,https://blog.naver.com/ulyssesrunning/224217250266,,아침,"러너,가장,조깅,검색어,검색,러너,가장,정리,한강,가장,검색,하나,바로,환경,도시,한강,남산,서울숲,장소,러너"
서울달리기코스,러닝일지 240807 서울달리기 하프코스 준비 44회차,풀코스가 아닌 하프코스니까 굳이 lsd 는 할 필요는 없긴 하지만 너무 앞선 프로그램들 중에 빼먹은게 많으니까 이번엔 프로그램 따라 달리기 그래도 아직 기온이 높은 탓에 무리하지 말고 천천히 몸이... ,https://blog.naver.com/oshow0626/223565550736,,밤,"일지,하프,하프,굳이,필요,프로그램,프로그램,기온,기록,장거리,중간,스피드,프로그램,마음,하프,굳이,필요,프로그램,프로그램,기온"
서울달리기코스,서울레이스 달리기 2025 하프 코스 기념품 레이스팩 수령... ,서울레이스 달리기 2025 하프 코스 기념품 레이스팩 수령 티셔츠 메달 안녕하세요. 올해 처음으로 하프 마라톤 대회를 2025 서울레이스도 정하고 이제 드디어 10월 12일까지 2주 정도 남았네요. 며칠 전에... ,https://blog.naver.com/yungwook2/224024630824,,"아침,오전","레이스,하프,기념품,레이,스팩,수령,레이스,하프,기념품,레이,스팩,수령,티셔츠,메달,올해,처음,하프,대회,레이스,이제"
서울달리기코스,서울 러닝 코스 추천 BEST 7!... 인생 달리기를 찾아봐!,초보부터 마라톤까지 인생 달리기를 찾아봐!#서울러닝 #러닝코스 #서울달리기 #한강러닝 #남산둘레길 #서울숲 #올림픽공원 #여의도한강공원 #반포한강공원 #뚝섬한강공원 #청계천 #경의선숲길 #러닝 #달리기 #조깅... ,https://blog.naver.com/0111khh/223999833496,,"아침,밤","인생,초보,인생,선선,바람,계절,아침,맞이,정말,최고,인생,초보,러너,숙련,토너,모두,주목,한강,러너,성지"
서울달리기코스,2025 서울달리기 하프 완주 참가 후기,축하합니다  #2025서울달리기사진 #2025서울달리기영상 #2025서울달리기 #2025서울달리기코스 #2025서울달리기하프코스 #2025서울달리기11km ##2025서울달리기우승자 #2025서울달리기하프코스완주후기,https://blog.naver.com/gareth714/224038437456,,"아침,오전","하프,완주,참가,축하,연잎,남편,요즘,행사,처음,일단,신기,행사,일정,오전,집결,대회,물품,보관,안내,하프"
서울달리기코스,2023 서울달리기 하프코스 매운맛,위해 서울에 왔다. 저녁 먹고 마라톤 코스 산책하는데 이제야 실감이 나기 시작함. 날씨는 흐리고 달리기 좋은 기온이었다. 20km LSD 해보고 기록 2시간 힘들겠다는 생각이 있었지만 대회뽕 기대하고 2시간... ,https://blog.naver.com/creamymag/223231887577,,저녁,"하프,위해,저녁,산책,이제야,실감,나기,날씨,기온,기록,대회,카이스트,제공,카이스트,베네핏,린지,하나,하프마라톤,도전,우린"
서울달리기코스,2023 서울달리기 하프코스 참가 후기,"엊그제 포스팅 했던 내용대로, 저는 어제 (10/8) 제가 기억도 못하고 있었던 하프코스 (21km) 의 대회인 '2023 서울 달리기' 대회에 다녀왔습니다. 10/8일 시청광장을 출발하여 11km 혹은 하프코스를 달리는... ",https://blog.naver.com/matthewsroadhouse/223232016234,"시청광장을,갈아입고","아침,오전","하프,참가,엊그제,어제,기억,하프,대회,대회,시청,광장,하프,하루,엊그제,어제,기억,하프,대회,대회,시청,광장"
서울달리기코스,"서울러닝코스_10km, 한강... 러닝코스 달리기~ 이맘때쯤 새벽... ",처음 달리기를 시작했던 동호대교 입구까지 오니 달린 궤적이 방향을 알리는 화살표이다. 올해를 마무리하고 내년으로 가는 건강 이정표이다. 11km를 달렸다. #서울러닝코스_10km #서울달리기코스_10km 서울을... ,https://blog.naver.com/pccidjyj/224168319200,압구정역을,"새벽,아침","한강,새벽,처음,동호대교,입구,오니,화살표,올해,마무리,내년,건강,이정표,워킹,한강,새벽,일출,지인,동행런,압구정역,동호대교"
서울달리기코스,접수 일정 참가비 기념품 서울 러닝 코스 10km 5k 달리기,2026 버킷런 마라톤 접수 일정 참가비 기념품 서울 러닝 코스 10km 5k 달리기 버킷런으로 계속 들어오시는데 작년 글로 들어오시는 분들이 많은 것 같아서 급하게 2026년 일정 정리해봅니다. 크게 바뀐 건... ,https://blog.naver.com/qhadldhaus98/224135966215,"모래사장,되돌아와,동일하게,다시","아침,오전,오후,밤","접수,일정,참가,기념품,버킷,접수,일정,참가,기념품,버킷런,계속,작년,일정,정리,크게,버킷,접수,일정,참가,기념품"
서울달리기코스,"2023 서울레이스(서울달리기)... 양말, 번호표 / 코스 살펴보기",코스네요. 와우 청계천 엄청 기네요 11K 코스 아 뛸수 있을까.. ㅋㅋㅋ 굿즈 도착하고 코스 보니깐 이제 슬슬 실감이 나네요 2023 서울레이스 나가시는 분들 모두모두 화이팅! #2023서울레이스 #2023서울달리기... ,https://blog.naver.com/llgmldmsll/223219728194,"시에,세종대로에서,분까지,세종대로",아침,"레이스,양말,번호,와우,청계천,기네,이제,슬슬,실감,레이스,나가시,모두,화이팅,레이스,일요일,기념품,굿즈,드뎌,성품,데상트"
서울달리기코스,서울레이스 2023서울달리기 대회상세안내 대회코스,"워터, 완주메달 제한 시간 : 1시간 30분 2023 서울달리기 상세 코스 2023 서울달리기 기념품 둘 중에 택 1 #서울달리기 #서울레이스 #서울 #달리기 #마라톤 #동아일보 #데상트 #seoulrace #running #marathon",https://blog.naver.com/valerita/223142857570,,"아침,오전","레이스,대회,상세,안내,대회,워터,완주,메달,제한,상세,기념품,발레리,대회,상세,요강,변경,래서,모집,인원,명인"
서울달리기코스,러닝일지 240406 서울달리기 하프코스 준비 01일차,작년에 서울달리기 자원봉사했었다는 사실을 깨닫게 되었다. 자원봉사하면 무료참가권을 주는데 올해는 깔끔하게 쉬려고 했던 계획을 틀어지게 된 계기이자 다시 달리게 된 계기 ㅋㅋㅋ 그동안 페이스... ,https://blog.naver.com/oshow0626/223411001991,,밤,"일지,하프,작년,자원봉사,사실,자원봉사,무료,참가,올해,계획,계기,이자,다시,달리,계기,그동안,기록,이유,어차피,올해"
서울달리기코스,30 발편한 런닝화 2023 서울 달리기 하프코스 도전 추천인,아식스 젤카야노 30 발편한 런닝화 2023 서울 달리기 하프코스 도전 추천인 안녕하세요. 오랜만에 리뷰입니다. 몇해전부터 런닝을 주기적으로 하지는 않지만 그래도 관심이 있어 이따금씩 동네 또는 대공원... ,https://blog.naver.com/yungwook2/223226953780,,"오전,저녁","런닝화,하프,도전,아식스,런닝화,하프,도전,해전,런닝,기적,관심,동네,아식스,런닝화,하프,도전,해전,런닝,기적,관심"
서울달리기코스,"서울러닝코스_10km, 한강... 러닝코스 달리기~ 동작역에서... ","워킹서울 러닝서울~ 한강 러닝코스 달리기~ 동작역에서 시작해 한강대교, 잠수교를 건너 동작역으로... 야외사진은 한강이지~ #서울러닝코스_10km #서울달리기코스_10km 서울을 워킹하자. 워킹하면 서울이 보인다.... ",https://blog.naver.com/pccidjyj/224226749691,"동작역,동작",시간미상,"한강,동작역,워킹,한강,동작역,한강대교,잠수교,건너,동작역,야외,한강,워킹,워킹,워킹,한강,동작역,한강대교,잠수교,건너,동작역"
서울달리기코스,한강 서울 하프마라톤 일정... 10km 5km 달리기 러닝 코스,한강 서울 하프마라톤 일정 접수 기념품 10km 5km 달리기 러닝 코스 제2회 한강 서울 하프 마라톤 접수가 진행 중입니다. 이번 대회는 2026년 1월 25일 일요일 오전 9시에 출발하며 출발과 도착은 모두 상암... ,https://blog.naver.com/qhadldhaus98/224112406392,"하며,챙기고,시에","아침,오전","한강,하프마라톤,일정,한강,하프마라톤,일정,접수,기념품,한강,하프,접수,진행,대회,일요일,오전,모두,상암,한강,하프마라톤,일정"
서울달리기코스,2025 JTBC 서울 마라톤 일정... 추가접수 풀코스 10km달리기,"2025 JTBC 서울 마라톤 일정 러닝 코스 추가접수 풀코스 10km달리기 서울을 대표하는 마라톤 대회인 2025 JTBC 서울마라톤이 오는 11월 2일(일) 개최됩니다. 이번 대회는 풀코스와 10K, 휠체어 부문까지 다양한... ",https://blog.naver.com/qhadldhaus98/223989327089,월드컵공원,오후,"일정,추가,접수,일정,추가,접수,대표,대회,개최,대회,휠체어,부문,일정,추가,접수,대표,대회,개최,대회,휠체어"
서울달리기코스,러닝일지 240516 서울달리기 하프코스 준비 12회차,역시다 업다운 롤러코스터 러닝으로 평페 419로 마무리... 전체적인 수치는 만족스럽긴 하지만... 조금 더 마음을 단단하게 먹지 않으면 하반기 서울달리기에 만족스런 기록을 달성하지 못할 듯싶다.... ,https://blog.naver.com/oshow0626/223456356983,,밤,"일지,하프,역시,롤러코스터,평페,마무리,전체,수치,조금,마음,하반기,기록,달성,기록,전력,질주,완주,대회,최대한,자제"
서울달리기코스,서울 마라톤 일정 기념품 러닝 코스 하프마라톤 10km 5km 달리기,"스타와 함께하는 기부런 서울 마라톤 일정 기념품 러닝 코스 하프마라톤 10km 5km 달리기 달리기에 기부가 더해지면 운동은 누군가의 희망이 됩니다. 11월, 뚝섬 한강공원에서 열리는 제1회 스타와 함께하는... ",https://blog.naver.com/qhadldhaus98/224065941295,"수변무대에서,수변무대,반환,복귀","아침,오전","일정,기념품,하프마라톤,스타,일정,기념품,하프마라톤,기부,누군가,희망이,뚝섬,한강,스타,스타,일정,기념품,하프마라톤,기부,누군가,희망이"
서울달리기코스,"서울러닝코스_10km, 한강... 러닝코스 달리기~ 동작역에서... ",러닝서울 서울걷기~ 한강 러닝코스 달리기~ 동작역에서 시작해 동작대교를 건너 한강북로를 달린다.... #서울달리기코스 #서울러닝코스 서울을 워킹하자. 워킹하면 서울이 보인다. 서울걷기는 보물찾기다.... ,https://blog.naver.com/pccidjyj/224240831305,"동작역,동작",밤,"한강,동작역,걷기,한강,동작역,동작대교,건너,강북,달린다,워킹,워킹,걷기,보물찾기,걷기,한강,동작역,동작대교,건너,강북,달린다"
서울달리기코스,2025 서울 달리기 마라톤 일정 기념품 러닝 코스... ,"2025 서울 달리기 마라톤 일정 기념품 러닝 코스 하프마라톤 11km 2025 서울달리기(Seoul Race)는 10월 12일(일) 오전 8시, 청계광장에서 출발해 무교로에서 피니시를 맞이합니다. 서울의 상징적인 거리인... ",https://blog.naver.com/qhadldhaus98/224030147683,"청계광장에서,세종대로,순차,청계광장","아침,오전","일정,기념품,일정,기념품,하프마라톤,오전,청계,광장,무교로,피니시,맞이,상징,일정,기념품,하프마라톤,오전,청계,광장,무교로,피니시"
서울달리기코스,일정 러닝 코스 기념품 서울 하프 마라톤 일정 5km10km달리기,"2024 손기정 평화마라톤 대회 일정 러닝 코스 기념품 서울 하프 마라톤 일정 5km10km달리기 2024년 11월 17일, 서울 상암 월드컵공원에서 2024 손기정 평화마라톤 대회가 열립니다. 이 대회는 1936년 베를린... ",https://blog.naver.com/qhadldhaus98/223655896681,,"아침,오전","일정,기념품,하프,일정,손기정,평화,대회,일정,기념품,하프,일정,상암,월드컵,손기정,평화,대회,대회,베를린,손기정,평화"
서울달리기코스,한강시민 마라톤 대회 러닝 코스 하프마라톤 5KM 10KM 달리기,제22회 한강시민 마라톤 대회 서울 마라톤 일정 러닝 코스 하프마라톤 5KM 10KM 달리기 추운 날씨에도 달리기를 멈추지 않는 사람들이 있습니다. 계절과 상관없이 한강변에서 러닝을 이어가는 분들이... ,https://blog.naver.com/qhadldhaus98/224093296548,"있으니,시간에,물빛무대,모여","아침,오전","한강,시민,대회,하프마라톤,한강,시민,대회,일정,하프마라톤,날씨,계절,강변,어가,한강,시민,대회,일정,하프마라톤,날씨,계절"
서울달리기코스,대회 접수 일정 러닝 코스 기념품 하프마라톤 10km 5km 달리기,5KM 달리기 코스 여의도 물빛무대 → 서울마리나 → 양화안내센터 앞 반환 편도 2.5km 10KM 달리기 코스 여의도 물빛무대 → 양화대교 → 성산대교 → 월드컵대교 200m 앞 반환 편도 5km 하프마라톤 러닝... ,https://blog.naver.com/qhadldhaus98/224133238886,광장,"아침,오전","대회,접수,일정,기념품,하프마라톤,여의도,물빛,무대,마리나,양화,안내,센터,반환,편도,여의도,물빛,무대,양화대교,성산대교,월드컵대교"
서울달리기코스,서울 마라톤 일정 러닝 코스 하프마라톤 10km달리기,"2025 마블런 서울 마라톤 일정 러닝 코스 하프마라톤 10km달리기 9월 14일 일요일, 서울광장에서 열리는 2025 마블런 서울 마라톤 일정이 공개되었습니다. 하프 마라톤과 10km 달리기 두 종목으로 진행되며... ",https://blog.naver.com/qhadldhaus98/223906148244,전체,"아침,오전","일정,하프마라톤,마블,일정,하프마라톤,일요일,광장,마블,일정,공개,하프,종목,진행,마블,일정,하프마라톤,일요일,광장,마블,일정"
서울달리기코스,2025 희망 서울 마라톤 일정 러닝 코스10km 5km 달리기,2025 희망 서울 마라톤 일정 러닝 코스 10km 5km 달리기 서울 도심에서 달릴 수 있는 마라톤 2025 희망 서울 마라톤이 이번 주 토요일에 열립니다. 출발지는 평화광장. 상암 월드컵경기장 근처예요. 하프마라톤... ,https://blog.naver.com/qhadldhaus98/223888055290,시에,"아침,오전","희망,일정,희망,일정,도심,희망,토요일,평화,광장,상암,월드컵경기,하프마라톤,희망,일정,도심,희망,토요일,평화,광장,상암"
서울달리기코스,2024 제22회 국제관광 서울 마라톤 대회 일정 러닝 코스... ,2024 제22회 국제관광 서울 마라톤 대회 코스 5KM 달리기 코스출발 및 도착 지점: 상암월드컵공원 평화의 광장 코스 경로:상암월드컵공원 평화의 광장 → 별자리 광장 → 하늘공원 입구 → 난지천공원... ,https://blog.naver.com/qhadldhaus98/223568343823,,"아침,오전","국제,관광,대회,일정,국제,관광,대회,지점,상암,월드컵,평화,광장,경로,상암,월드컵,평화,광장,별자리,광장,하늘"
서울달리기코스,2025 버킷런 대회 서울 마라톤 일정 러닝 코스 10km 5km 달리기,2025 버킷런 대회 서울 마라톤 일정 러닝 코스 10km 5km 달리기 새해가 시작되면 누구나 이루고 싶은 목표를 정하곤 합니다. 하지만 일상에 치이다 보면 어느새 그 목표가 희미해지기도 합니다. 2025... ,https://blog.naver.com/qhadldhaus98/223773436356,안내,"아침,오전","버킷,대회,일정,버킷,대회,일정,새해,누구,목표,일상,목표,기도,버킷,대회,일정,새해,누구,목표,일상,목표"
서울달리기코스,일정 러닝 코스 기념품 서울 마라톤 일정 5km 10km 달리기,"2024 블루런 with 정관장 일정 러닝 코스 기념품 서울 마라톤 일정 5km 10km 달리기 2024년 11월 10일 일요일, 서울 상암 평화의공원 평화광장에서 특별한 러닝 축제인 2024 블루런 with 정관장이 개최됩니다. 이... ",https://blog.naver.com/qhadldhaus98/223644727912,평화광장,"아침,오전,저녁","일정,기념품,일정,블루,정관,일정,기념품,일정,일요일,상암,평화,평화,광장,축제,블루,정관,개최,블루,정관,일정"
서울달리기코스,뉴런 서울 한강 마라톤 대회 일정 러닝 코스 10km 5km 달리기,2025 뉴런 서울 한강 마라톤 대회 일정 러닝 코스 10km 5km 달리기 달리기 좋아하시는 분들이라면 한강에서 열리는 마라톤 대회 한 번쯤은 참여해보고 싶으실 거예요. 2025 뉴런 서울 한강 마라톤이 10월에... ,https://blog.naver.com/qhadldhaus98/223976335255,"다시,부스는,미사경정공원,경정공원에서","아침,오전","뉴런,한강,대회,일정,뉴런,한강,대회,일정,한강,대회,참여,뉴런,한강,뉴런,한강,대회,일정,한강,대회,참여"
서울달리기코스,"서울러닝코스_10km, 동작... 러닝코스  달리기~ 잠수교는... ","워킹서울 러닝서울~ 동작, 한강대교, 이촌, 잠수교 러닝코스 달리기한다. 지난주 달린 코스를 거꾸로... #서울러닝코스_10km #서울달리기코스_10km 서울을 워킹하자. 워킹하면 서울이 보인다. 서울걷기는... ",https://blog.naver.com/pccidjyj/224159277055,,밤,"동작,잠수교,워킹,동작,한강대교,이촌,잠수교,지난주,거꾸로,워킹,워킹,걷기,워킹,동작,한강대교,이촌,잠수교,지난주,거꾸로,노들섬"
서울달리기코스,"서울러닝코스_10km, 한강... 러닝코스 달리기~ 한남동 랜드마크... ",워킹서울 러닝서울~ 한강 러닝코스 달리기~ 한남동 랜드마크 한광교회 철거뷰가 생각나 한강으로... 잠수교에서 달려오는 사람들~ #서울러닝코스_10km #서울달리기코스_10km 서울을 워킹하자. 워킹하면 서울이... ,https://blog.naver.com/pccidjyj/224227600419,,시간미상,"한강,한남동,랜드마크,워킹,한강,한남동,랜드마크,한광,교회,철거,한강,잠수교,워킹,워킹,워킹,한강,한남동,랜드마크,한광,교회"
서울달리기코스,2025 서울 10K 챌린지 서울 마라톤 일정 러닝 코스 10km 달리기,"2025 서울 10K 챌린지 서울 마라톤 일정 러닝 코스 10km달리기 2025 서울 10K 챌린지는 MBC SPORTS+가 주최하는 도심형 러닝 행사로, 여의도 한복판을 달리며 음악과 기부, 그리고 러너들의 열정을... ",https://blog.naver.com/qhadldhaus98/224003164942,"그룹별,챌린지,이동,러너들의","아침,오전","린지,일정,린지,일정,린지,주최,도심,행사,여의도,복판,달리,음악,기부,러너,열정,린지,일정,린지,주최,도심"
서울달리기코스,2025 디즈니런 서울 마라톤 일정 러닝 코스 3KM10KM 달리기,"2025 디즈니런 서울 마라톤 일정 러닝 코스 3KM10KM 달리기 서울 한복판에서 디즈니 캐릭터들과 함께 달리는 상상을 해본 적 있으신가요? 이제 상상이 현실이 됩니다. 오는 10월, 여의도공원에서 열릴... ",https://blog.naver.com/qhadldhaus98/223940391153,,오전,"디즈니,일정,디즈니,일정,복판,디즈니,캐릭터,상상,가요,이제,상상,현실,여의도,디즈니,일정,복판,디즈니,캐릭터,상상,가요"
서울달리기코스,"서울러닝코스_10km, 사천삼천포... 러닝코스 달리기~ 실안은... ",워킹서울 러닝서울~ 늦은 포스팅이다. 사천삼천포 실안노을길 러닝코스 달리기~ 명절 처가집에 왔다가... #서울러닝코스_10km #서울달리기코스_10km 서울을 워킹하자. 워킹하면 서울이 보인다. 서울걷기는... ,https://blog.naver.com/pccidjyj/224216011628,,시간미상,"삼천포,워킹,삼천포,명절,처가,워킹,워킹,걷기,워킹,삼천포,명절,처가,삼천포,실안,노을길,노을,서리,쪽파,마리나,바다"
서울달리기코스,"서울러닝코스_10km, 한강... 러닝코스 달리기~ 집에서 출발하는... ","신논현을 거쳐 달리기를 시작했던 집 앞까지 왔다. 10km를 달렸다. #서울러닝코스_10km #서울달리기코스_10km 서울을 워킹하자. 워킹하면 서울이 보인다. 서울걷기는 보물찾기다. 이제는 워킹투어, 컬쳐투어이다.",https://blog.naver.com/pccidjyj/224220687207,집에서,시간미상,"한강,논현,워킹,워킹,걷기,보물찾기,이제,워킹,투어,컬쳐,투어,워킹,한강,한강,반포대교,건너,왕복,약간,변화,계절"
서울달리기코스,"서울러닝코스_10km, 남산... 러닝코스 달리기~ 남산북측순환로... ",워킹서울 러닝서울~ 늦은 포스팅이다. 남산 둘레길 러닝코스 달리기한다. 가을 단풍이 익어간다.... #서울러닝코스_10km #서울달리기코스_10km 서울을 워킹하자. 워킹하면 서울이 보인다. 서울걷기는 보물찾기다.... ,https://blog.naver.com/pccidjyj/224178553810,입구,시간미상,"남산,남산,순환로,워킹,남산,둘레길,가을,단풍,간다,워킹,워킹,걷기,보물찾기,워킹,남산,둘레길,가을,단풍,간다,남산"
서울달리기코스,"서울러닝코스_10km, 강남... 러닝코스 달리기~ 집 앞에서 크게... ",워킹서울 러닝서울~ 늦은 포스팅이다. 강남 러닝코스 달리기~ 어제부터 소금저린 배추마냥... #서울러닝코스_10km #서울달리기코스_10km 서울을 워킹하자. 워킹하면 서울이 보인다. 서울걷기는 보물찾기다.... ,https://blog.naver.com/pccidjyj/224217811317,,밤,"강남,크게,워킹,강남,어제,소금,배추,마냥,워킹,워킹,걷기,보물찾기,워킹,강남,어제,소금,배추,마냥,시름,다가"
서울달리기코스,"서울러닝코스_10km, 상암... 러닝코스 달리기~ 억새축제 중이라... ",하늘공원을 내려가서 달리기를 시작했던 공원입구에서 러닝을 마무리한다. 11km를 달렸다 #서울러닝코스_10km #서울달리기코스_10km 서울을 워킹하자. 워킹하면 서울이 보인다. 서울걷기는 보물찾기다. 이제는... ,https://blog.naver.com/pccidjyj/224187403084,,밤,"상암,축제,중이,하늘,입구,마무리,워킹,워킹,걷기,보물찾기,이제,워킹,상암,노을,하늘,전철,기전,간다,마침,축제"
서울달리기코스,"서울러닝코스_10km, 강남... 러닝코스 달리기~ 한보의 본사가... ",워킹서울 러닝서울~ 늦은 포스팅이다. 강남 러닝코스 달리기~ 도곡동으로 가서 삼성동을 거쳐 한바퀴... #서울러닝코스_10km #서울달리기코스_10km 서울을 워킹하자. 워킹하면 서울이 보인다. 서울걷기는... ,https://blog.naver.com/pccidjyj/224172294397,,밤,"강남,한보,본사,워킹,강남,도곡동,삼성동,바퀴,워킹,워킹,걷기,워킹,강남,도곡동,삼성동,바퀴,영하,제대,한보,본사"
서울달리기코스,"서울러닝코스_10km, 하남... 러닝코스 달리기~ 미사경정공원은... ",워킹서울 러닝서울~ 늦은 포스팅이다. 하남 미사경정공원 러닝코스 달리기한다. 겨울초입의 날씨... #서울러닝코스_10km #서울달리기코스_10km 서울을 워킹하자. 워킹하면 서울이 보인다. 서울걷기는... ,https://blog.naver.com/pccidjyj/224181307055,,시간미상,"하남,미사,정공,워킹,하남,미사,경정,겨울,초입,날씨,워킹,워킹,걷기,워킹,하남,미사,경정,겨울,초입,날씨"
서울달리기코스,"서울러닝코스_10km, 한남동... 러닝코스 달리기~ 남강 이승훈... ","워킹서울 러닝서울~ 늦은 포스팅이다~ 한남동, 이태원 러닝코스 달리기~ 반포대교를 건너 한남동을... #서울러닝코스_10km #서울달리기코스_10km 서울을 워킹하자. 워킹하면 서울이 보인다. 서울걷기는... ",https://blog.naver.com/pccidjyj/224175282770,,시간미상,"한남동,남강,이승훈,워킹,한남동,이태원,반포대교,건너,한남동,워킹,워킹,걷기,워킹,한남동,이태원,반포대교,건너,한남동,달린다,남강"
서울달리기코스,"서울러닝코스_10km, 한강... 러닝코스 달리기~ 2025년 마지막... ",워킹서울 러닝서울~ 늦은 포스팅이다~ 한강 러닝코스 달리기~ 2025년 마지막 달리기이다. 마음이 끌리는... #서울러닝코스_10km #서울달리기코스_10km 서울을 워킹하자. 워킹하면 서울이 보인다. 서울걷기는... ,https://blog.naver.com/pccidjyj/224167177731,동작,시간미상,"한강,마지막,워킹,한강,마지막,마음,워킹,워킹,걷기,워킹,한강,마지막,마음,한강,동작역,노들섬,달린다,노들섬,화공,공사"
서울달리기코스,러닝코스 달리기~ 새해 첫 러닝은 언제나 광화문이다. 서울의... ,워킹서울 러닝서울~ 늦은 포스팅이다. 광화문 러닝코스 달리기~ 새해 첫 러닝은 언제나 광화문이다.... #서울러닝코스_10km #서울달리기코스_10km 서울을 워킹하자. 워킹하면 서울이 보인다. 서울걷기는... ,https://blog.naver.com/pccidjyj/224163664096,경복궁,새벽,"새해,광화문,워킹,광화문,새해,광화문,워킹,워킹,걷기,워킹,광화문,새해,광화문,중심,광화문,지인,준수,동행런,새벽,기전"
서울달리기코스,"서울러닝코스_10km, 서래섬... 러닝코스 달리기~ 서래섬을... ",달리기를 마치고 마무리 스트레칭을 하다가 음식냄새에 끌려 넘어갔다. 츄러스를 사서 먹었다. 10km를 달렸다. #서울러닝코스_10km #서울달리기코스_10km 서울을 워킹하자. 워킹하면 서울이 보인다. 서울걷기는... ,https://blog.naver.com/pccidjyj/224182899340,,시간미상,"서래섬,서래섬,마치,마무리,스트레칭,음식,냄새,츄러스,사서,워킹,워킹,걷기,워킹,서래섬,잠수교,한강,간다,서래섬,바퀴,잠수교"
서울달리기코스,"서울러닝코스_10km, 연세대... 러닝코스 달리기~ 일명 YES... ",정문으로 빠져나와 달리기를 시작했던 신촌역으로 왔다. 10km를 달렸다. #서울러닝코스_10km #서울달리기코스_10km 서울을 워킹하자. 워킹하면 서울이 보인다. 서울걷기는 보물찾기다. 이제는 워킹투어... ,https://blog.naver.com/pccidjyj/224159721392,,시간미상,"연세대,일명,정문,신촌역,워킹,워킹,걷기,보물찾기,이제,워킹,투어,워킹,연세대,이화여대,서강대,일명,준수,동행런,달리,대화"
서울달리기코스,"서울러닝코스_10km, 한강... 러닝코스 달리기~ 한강 동호대교를... ","달리기를 시작했던 곳으로 왔다 10km를 달렸다. #서울러닝코스_10km #서울달리기코스_10km 서울을 워킹하자. 워킹하면 서울이 보인다. 서울걷기는 보물찾기다. 이제는 워킹투어, 컬쳐투어이다.",https://blog.naver.com/pccidjyj/224219189374,,시간미상,"한강,한강,동호대교,워킹,워킹,걷기,보물찾기,이제,워킹,투어,컬쳐,투어,워킹,한강,한강,동호대교,건너,성수대교,달린다,태극기"
서울달리기코스,"서울러닝코스_10km, 올림픽공원... 러닝코스 달리기~ 만추를... ","워킹서울 러닝서울~ 늦은 포스팅이다. 올림픽공원, 몽촌토성 러닝코스 달리기~ 만추를 즐기는 러닝... #서울러닝코스_10km #서울달리기코스_10km 서울을 워킹하자. 워킹하면 서울이 보인다. 서울걷기는... ",https://blog.naver.com/pccidjyj/224176484980,,시간미상,"올림픽,만추,워킹,올림픽,몽촌토성,만추,워킹,워킹,걷기,워킹,올림픽,몽촌토성,만추,단풍,마지막,휘날레,린다,체조,경기장,임영웅"
서울달리기코스,"서울러닝코스_10km, 한강... 러닝코스 달리기~ 한강 유빙런... ",달리기를 시작하는 크루들을 보면서 바톤터치하듯 오늘의 러닝을 마무리한다. 10km를 달렸다. #서울러닝코스_10km #서울달리기코스_10km 서울을 워킹하자. 워킹하면 서울이 보인다. 서울걷기는 보물찾기다. 이제는... ,https://blog.naver.com/pccidjyj/224215349892,천호대교,시간미상,"한강,한강,유빙,크루,바톤,터치,마무리,워킹,워킹,걷기,보물찾기,이제,워킹,한강,한강,유빙,한강,다리,한번,건너"
서울달리기코스,"서울러닝코스_10km, 선정릉... 러닝코스 달리기~ 선정릉은 조선... ","워킹서울 러닝서울~ 늦은 포스팅이다. 선정릉, 코엑스 러닝코스 달리기~ 바쁠때는 집 주변을 달린다.... #서울러닝코스_10km #서울달리기코스_10km 서울을 워킹하자. 워킹하면 서울이 보인다. 서울걷기는... ",https://blog.naver.com/pccidjyj/224217204962,,시간미상,"선정릉,선정릉,조선,워킹,선정릉,코엑스,달린다,워킹,워킹,걷기,워킹,선정릉,코엑스,달린다,교회,복장,이발,선정릉,바퀴,코엑스"
서울달리기코스,러닝일지 240830 서울달리기 하프코스 준비 52회차,목표했던 서울달리기 하프에 원하는 기록을 얻을 수 있을테니 후훗 일단 조금 뭉친듯한 느낌의 다리 풀어주기 고고~ 240830 회복러닝 6k 리커버리 페이스가 4분30초대였으면 정말 좋겠다 ㅎㅎㅎ 선수분들... ,https://blog.naver.com/oshow0626/223581954504,,밤,"일지,하프,목표,하프,기록,후훗,일단,조금,느낌,다리,고고,회복,리커버리,정말,선수,기록,리커버리,의도,빡뛰,빡뛰"
서울달리기코스,"서울러닝코스_10km, 뚝섬... 러닝코스 달리기~ 뚝섬 수영장은... ","달리기를 시작했던 뚝섬역앞 광장으로 왔다. 10km를 달렸다. #서울러닝코스_10km #서울달리기코스_10km 서울을 워킹하자. 워킹하면 서울이 보인다. 서울걷기는 보물찾기다. 이제는 워킹투어, 컬쳐투어이다.",https://blog.naver.com/pccidjyj/224161247109,,시간미상,"뚝섬,뚝섬,수영장,뚝섬역,광장,워킹,워킹,걷기,보물찾기,이제,워킹,투어,컬쳐,투어,워킹,뚝섬,잠실철교,뚝섬,수영장,겨울"
서울달리기코스,"서울러닝코스_10km, 광교... 러닝코스 달리기~ 원천호수를... ","워킹서울 러닝서울~ 광교 원천호수, 신대호수 러닝코스 달리기~ 광교로 가서 러닝한다. 동장군이... #서울러닝코스_10km #서울달리기코스_10km 서울을 워킹하자. 워킹하면 서울이 보인다. 서울걷기는 보물찾기다.... ",https://blog.naver.com/pccidjyj/224162291943,,새벽,"광교,호수,워킹,광교,원천,호수,대호수,광교,동장군,워킹,워킹,걷기,보물찾기,워킹,광교,원천,호수,대호수,광교,동장군"
서울달리기코스,20221009 서울달리기 하프코스(01:41:25) - PB,지난 9월 18일 삼척 황영조 국제마라톤에서의 엄청난 경험을 하고 나서 다시 정신 차리고 10월 춘천마라톤 풀코스를 대비해서 한글날 열리는 동아일보 주최 2022 서울달리기 하프코스에 참가하게... ,https://blog.naver.com/zagiya76/222900941947,"대중교통으로,서울광장에서,대회,서울광장","새벽,아침,오전,오후","하프,삼척,황영조,국제,경험,다시,정신,춘천,대비,한글날,동아일보,주최,하프,참가,삼척,황영조,국제,경험,다시,정신"
서울달리기코스,2023 서울달리기 - 광화문에서 청계9가까지 하프 코스,"2023 서울달리기 Half 코스 1만1천명이나 모집했는데 금방 마감되었었고, 단체 접수도 받지 않아 사내 동호회 분들과 같이 하진 못했다. 단체로 나와도 좋을텐데. 대회는 참가비가 6만원으로 좀 나가긴 한데... ",https://blog.naver.com/definitice/223231780417,럭시워치로는,"아침,오전","광화문,청계,하프,모집,금방,마감,단체,접수,사내,동호회,하진,단체,대회,참가,중소기업,리기,대회,꼬박,추석,연휴"
서울달리기코스,2022 서울레이스 서울달리기 10km 코스 후기,"인생 첫 10km 마라톤 달리기 도전 서울특별시, 동아일보사에서 주최한 2022 서울 레이스(2022.10.09) 7월에... 4주 더 연습하면 하프 가는건가 코스는 이런식으로 서울 광장에서 출발해 경복궁을 돌아 남대문을... ",https://blog.naver.com/jdoro/222896043571,"광장,알았지만,광장에서",오전,"레이스,인생,도전,서울특별시,동아일보사,주최,레이스,연습,하프,건가,광장,경복궁,남대문,인생,도전,서울특별시,동아일보사,주최,레이스,접수"
서울달리기코스,"2023 서울달리기 하프코스 후기(2023 서울레이스, SEOUL RACE)",서울달리기 출발지점 규모에 비해 조금 어설픈.. 나중에는 이상이 있는지 11km 출발할 때 무너져 내리더군요;; 하프코스 1조 출발 https://youtu.be/157xYUZJezU?si=cOGhVLjRkwg2Udeu 하프코스 2조 출발 https... ,https://blog.naver.com/shinon11/223231625505,서울달리기,시간미상,"하프,레이스,지점,규모,조금,나중,하프,하프,아버지,동생,출전,발목,부상,내년,주최,사의,배려,참가,정말,아버지"
서울달리기코스,동작역 한강 러닝코스 추천 15km 서울 달리기코스,#동작역러닝코스 #서울러닝코스 #서울달리기코스추천 #서울러닝코스추천 #동작역15km러닝 #한강러닝코스 #한강달리기코스 #동작역2번출구 #동작역물품보관함 #한강러닝 #한강달리기 #마라톤... ,https://blog.naver.com/wlsgh2297/223240946132,"동작역,동작,동작역에서","오전,저녁","동작역,한강,동작역,한강,대회,위해,동작역,철인,경기,이후,제대로,이제야,연습,동작역,동작역,한강,정리,동작역,한강,호선"
서울달리기코스,"2023 서울달리기 코스 및 신청방법 (하프코스, 11km코스)","2023 서울달리기 기념품 참가 신청을 하시면 기념품으로 데상트 티셔츠와 양말, 그리고 에너지 간식이 제공됩니다. 티셔츠는 사이즈를 선택할 수 있어요 2023 서울달리기 코스 하프코스 / 11km코스 하프코스... ",https://blog.naver.com/originalblack/223150842108,다르지만,"아침,오전","신청,하프,기념품,참가,신청,기념품,데상트,티셔츠,양말,에너지,간식,제공,티셔츠,사이즈,선택,하프,하프,접수,일정,부터"
서울달리기코스,달리기 다이어트_한강 러닝_서울 달리기 코스_여의도 고구마런,"달리기 다이어트 부제: 한달에 100키로, 새벽에 크로스핏 저녁에 한강 러닝 주 10회 운동 #한강러닝 #달리기다이어트 요즘 날씨가 좋아져서 다시 달리고 싶은 요즘이다 달리기를 1년동안 미친듯이 달렸는데... ",https://blog.naver.com/iiqkskskii/222747705545,,"새벽,아침,저녁,밤","다이어트,한강,여의도,고구마,다이어트,부제,새벽,크로스핏,저녁,한강,요즘,날씨,다시,달리,요즘,여의도,한강,서울특별시,영등포구,여의동로"
서울달리기코스,2023 서울달리기(SEOUL RACE) 대회정보 및 코스 물품보관... ,대회는 하프코스와 11km코스가 있는데 주변을 보면 대부분 하프를 신청했다.나포함. 서울레이스 2023은... 물품보관 notice 11km 집결및 탈의실 :서울광장 하프 집결 및 탈의실 :청계광장 생각외로 서울달리기 2023... ,https://blog.naver.com/realpsg/223223944530,"다녀온후,대회,먼저",오전,"대회,물품,보관,대회,하프,대부분,하프,신청,포함,레이스,물품,보관,집결,탈의실,광장,하프,집결,탈의실,청계,광장"
서울달리기코스,[지구여행 프로젝트]질주본능 훈련/서울 핫한 달리기 코스,갔는데 달리기 코스가 전부 오르막 이네요 ㅜ.ㅜ 남산 도서관에서 부터 국립극장을 돌아오는... 보라빛의 꽃도 성곽과 어우러져 지나가는 이들에게 기쁨을 주네요 저는 질주본능과 달리기 하면서 서울의 곳곳을... ,https://blog.naver.com/orange207020/221536021696,,새벽,"지구,여행,프로젝트,질주,본능,전부,오르막,남산,도서관,부터,국립극장,보라,성곽,기쁨,주네,질주,본능,곳곳,소식,옛날"
서울달리기코스,서울달리기 100인도서 남산코스  러닝전도사 안정은 달리는... ,저서 서울달리기 도서제작 달리기 좋은길 100선 남산코스소개에 선정되는 가문의 영광을~ 남산러닝코스 소개에 온전히 나의사진과 나의러닝과 나의이야기가 나온다는데 열심히 촬영하자 듣보잡 베스트셀러... ,https://blog.naver.com/parkjj8/221578644661,,시간미상,"인도,남산,전도사,안정은,저서,도서,제작,남산,선정,가문,영광,남산,이야기,촬영,듣보잡,베스트셀러,남산,최애,파트너,남산"
서울달리기코스,서울 한강러닝코스_코스별로 느낀점 및 달리기 운동에 대해,한강 달리기 Feat.서울에 있는 한강은 달려본거 같어 ㅎㅎㅎ #한강러닝코스 서울은 한강이 길게 되어 있기에 집 주변에 한강도 많고 저녁에 산책도 하고 공원으로도 많이 애용하는 한강 한강에서 치맥도 하고... ,https://blog.naver.com/iiqkskskii/222752508257,,"아침,저녁","한강,별로,대해,한강,한강,한강,한강,저녁,산책,애용,한강,한강,치맥,한강,한강,한강,한강,저녁,산책,애용"
서울달리기코스,"서울러닝코스_10km, 2025 서울달리기대회_서울레이스SEOUL... ",워킹서울 러닝서울~ 2025 서울달리기대회에 참가했다. 매년 이맘때 있는 대회이다. 힘들게 달렸다.... 기운 충전해서 또 일상으로 가야지~~ #서울러닝코스_10km #서울달리기코스_10km 서울을 워킹하자. 워킹하면... ,https://blog.naver.com/pccidjyj/224159283610,,시간미상,"대회,레이스,워킹,대회,참가,매년,대회,기운,충전,일상,가야,워킹,워킹,워킹,대회,참가,매년,대회,동시,동안"
서울달리기코스,2025 서울 동아마라톤 20회 풀코스 참가 완주!!! (1999... ,14. 09 용섭 친구의 축하 식사~~~ 2025. 동아마라톤 완주메달 20회 참가 기념티 #동아마라톤 #서울동이마라톤 #동아마라톤20회참가 #광화문 #잠실운동장 #마라톤풀코스 #달리기일지 #광주마라톤클럽,https://blog.naver.com/tjk517/223799298005,"티셔츠,지하철",새벽,"동아마라톤,참가,완주,용섭,축하,식사,동아마라톤,완주,메달,참가,기념,동아마라톤,참가,완주,광화문,잠실운동장,일지,동아,참가,날씨"
서울달리기코스,"2023 서울달리기 접수 시작, 코스 대회 기념품 정보","모든 코스 6만 원 동일 2023 서울달리기 코스맵 11k 코스 하프코스 날씨만 좋으면 신나고 즐겁게 달릴... 2023 서울달리기 시상 안내 1) 마스터스 부문 하프코스 남, 여 및 11km 코스 남, 여 각 1위부터 5위까지 2)... ",https://blog.naver.com/hyeeun9617/223146663117,하프코스,"아침,오전","접수,대회,기념품,모든,동일,하프,날씨,시상,안내,마스터,부문,하프,토너,러너,대회,동아,춘천,이외,정말,접수"
서울달리기코스,러닝코스 달리기~ 여의도 열기구 서울달이 공중에 떠올랐다,#동작_노들섬_여의도러닝코스_10km #동작_노들섬_여의도달리기코스_10km #여의도열기구서울달 #서울러닝코스_10km #서울달리기코스_10km 서울을 워킹하자. 워킹하면 서울이 보인다. 서울걷기는 보물찾기다. 이제는... ,https://blog.naver.com/pccidjyj/223972545666,동작,시간미상,"여의도,열기구,달이,공중,워킹,워킹,걷기,보물찾기,이제,워킹,동작,노들섬,여의도,폭염,잔득,기승,그늘,선택,햇빛,동작역"
서울달리기코스,2023 서울달리기 코스 사전답사,서울달리기 2023 내일 무사히 잘 마무리 해보고 싶습니다. 사전답사 해본만큼 거리에 대한 두려움이... 열심히해서 좋은 기록 내고 오겠습니다. 화이팅. 2023동아마라톤코스 2023서울달리기코스소개 마칩니다.,https://blog.naver.com/kiukiu911/223230774185,,시간미상,"사전,답사,내일,마무리,사전,답사,대한,두려움,기록,화이팅,동아마라톤,자전거,타고,답사,답사,만만,치가,오르막,반환,점도"
서울달리기코스,"일기, 서울 달리기, jtbc 마라톤, 제마 올해 마지막 풀코스... ","jbtc 마라톤은 상암 월드컵 경기장을 시작으로 잠실, 석촌, 서울을 주욱 가로질러 가는 코스입니다. 참가자도 더욱 늘었고 규모가 커졌으니 대부분 대중교통을 이용하시더라고요. 덕분에 6호선이 엄청났습니다.... ",https://blog.naver.com/bbakk-/224065259261,,아침,"일기,올해,마지막,상암,월드컵,경기장,잠실,석촌,주욱,참가자,더욱,규모,대부분,대중교통,이용,덕분,호선,빡빡이,올해,대회"
서울달리기코스,러닝일지 240527 서울달리기 하프코스 준비 13회차,넘겨야 서울달리기 대회에서 목표로 한 기록을 위한 훈련을 이어 갈 수 있을 듯한 느낌적인 느낌!!! 이제는 최소 1일 10km 이상 꾸준히 달려야 그나마 승산이 있다는 사실 눈 질끈 감고 달려보자고~~~~ 240527... ,https://blog.naver.com/oshow0626/223461552831,,밤,"일지,하프,대회,목표,기록,느낌,느낌,이제,최소,승산,사실,질끈,감고,기록,집중,누적,최대로,비도,대회,핑계"
서울달리기코스,러닝일지 240924 서울달리기 하프코스 준비 63회차,운동기록 240924 대회 페이스주 5K 달리기 - 실패 추석이 지나고 내리기 시작한 비 여름도 지났는데 때... 간만에 달리기여서 그런지 시작부터 몸이 완전 가벼웠다 100m 달리니 목표 페이스(400)와 비슷한 357... ,https://blog.naver.com/oshow0626/223608279157,,밤,"일지,하프,기록,대회,페이,스주,실패,추석,리기,여름,간만,완전,목표,기록,대회,페이,스주,실패,추석,리기"
서울달리기코스,러닝일지 240915 서울달리기 하프코스 준비 60회차,운동기록 240915 이벤트런 10k 달리기 운동하기 딱 좋게 더운날씨 그래.. 여름인데 더워야지.. 더워야... 구경하면서 달리기도 좋고 밤이면 조금 무섭기는 하지만 조용히 내 호흡과 발소리만 들으면서 달리는... ,https://blog.naver.com/oshow0626/223599166218,,밤,"일지,하프,기록,이벤트,날씨,여름,구경,조금,호흡,소리,기록,이벤트,날씨,여름,추위,더위,강하,센스,이벤트,타이틀"
서울달리기코스,[퇴근런] 서울 달리기 코스... 다리 밑 ~ 잠수교 ~ 옥수역 7km 코스,요즘엔 남산 북측 순환로 달리기 코스를 애정하고 있지만 원래 최애 코스는 한강이다. 한남대교 아래에서 시작해 잠수교를 건너 옥수역까지 7km 정도 되는 코스이다. 슬로우슬로우 조거의 속도로 50분~1시간 정도... ,https://blog.naver.com/abadolp/223874397778,아래,오전,"퇴근,다리,잠수교,옥수역,요즘,남산,순환로,애정,원래,최애,한강,한남대교,아래,잠수교,건너,옥수역,슬로우,슬로우,조거,속도"
서울달리기코스,러닝일지 240426 서울달리기 하프코스 준비 08회차,하고 달리기도 하고 겸사겸사 일석이조 효과~ 그리하여 하루에 미션 2개를 깔끔하게 완료하고... km #러닝 #달리기 #러닝일지 #기록일기 #운동일기 #가민 #피닉스6s #러닝다이나믹포드 #RD... ,https://blog.naver.com/oshow0626/223438189942,,밤,"일지,하프,겸사겸사,일석이조,효과,하루,미션,기록,롱기스트런,참가,미션,수행,롱기스트런,대회,소식,혹시,기억,나신,위해,소환"
서울달리기코스,서울에서 달리기 좋은 코스 8가지 추천,서울 달리기 좋은 코스 추천 1. 북서울 꿈의 섬 출처 : 플리커 flickr.com/photos/digitalarch/ 북서울 꿈의... 부담없이 달리기 좋은 서울 달리기 코스입니다. 올림픽공원에 가면 다섯개의 산택길과 조깅코스를... ,https://blog.naver.com/traveldesigner/221643878039,국립극장,"아침,오전,저녁,밤","가지,출처,플리커,부담,올림픽,가면,산택길,조깅,여행,본적,가요,기분,이색,풍경,하나,하나,그날,바람,온도,냄새"
서울달리기코스,"2023 서울달리기 (집결장소, 물품보관, 출발시간, 코스... ","2023 서울달리기 코스 2023 동아일보 서울달리기 11km 하프코스 음료 및 간식 제공 2023 동아일보 서울달리기 • 생수 및 이온음료 : 5km, 10km, 15km 지점 제공 • 생수 및 스펀지 : 7.5km, 12.5km, 17.5km 지점 제공... ",https://blog.naver.com/ljg617/223230712678,"이동,에서","아침,오전","집결,장소,물품,보관,동아일보,하프,음료,간식,제공,동아일보,생수,음료,지점,제공,생수,스펀지,지점,제공,재키,개최"
서울달리기코스,서울 마라톤 일정 러닝 코스 기념품 5km 10km 달리기,"2024 일사천리레이스 서울 마라톤 일정 러닝 코스 기념품 5km 10km 달리기 2024년 12월 8일, 서울 영등포구 안양천 주변에서 2024 일사천리 레이스 서울 마라톤 대회가 열립니다. 10km와 5km 코스로 구성된 이번... ",https://blog.naver.com/qhadldhaus98/223680792190,,"아침,오전","일정,기념품,일사천리,레이스,일정,기념품,영등포구,안양천,일사천리,레이스,대회,구성,일사천리,레이스,일정,기념품,영등포구,안양천,일사천리,레이스"
서울달리기코스,러닝일지 240909 서울달리기 하프코스 준비 57회차,운동기록 240909 이벤트런 9.09k 달리기 예정에 없던 18k 달렸다고 이렇게 체력이 바닥을 칠 줄이야... 맞춰서 달리기 고고 240909 이벤트런 9.09K 진짜 뭘 믿고 호기롭게 3일 연짝 18K를 계획했었을까?ㅋㅋㅋ... ,https://blog.naver.com/oshow0626/223593912431,,밤,"일지,하프,기록,이벤트,예정,체력,바닥,고고,이벤트,진짜,호기롭,계획,기록,이벤트,예정,체력,바닥,기운,상상,휴레"
서울달리기코스,"행사 일정, 물품보관소, 코스 - 2023 서울 달리기(서울 레이스)","2023 서울달리기 배번표, 기념품 2주뒤로 다가온 2023 서울 달리기(서울 레이스) 배번표와 기념품이... [하프코스 물품 보관소] 탈의실 : 청계광장 물품보관소 : 프레스센터앞 집결지 : 청계광장 [11km 물품... ",https://blog.naver.com/paraphilia/223220968592,,"아침,오전","행사,일정,물품,보관,레이스,배번표,기념품,레이스,배번표,기념품,하프,물품,보관,탈의실,청계,광장,물품,보관,프레,센터"
서울달리기코스,서울 무한도전 마라톤 일정 굿즈 공연 러닝 코스 10KM 달리기,"서울 무한도전 마라톤 일정 굿즈 공연 러닝 코스 10KM 달리기 5월 25일, 여의도에서 무한도전이 달립니다. ‘무한도전 Run with 쿠팡플레이’는 20주년을 기념해 열리는 러닝 이벤트로, 박명수와 하하를... ",https://blog.naver.com/qhadldhaus98/223867145553,방향으로,"아침,오전","무한도전,일정,공연,무한도전,일정,공연,여의도,무한도전,무한도전,쿠팡,플레이,주년,기념,이벤트,박명수,하하,무한도전,일정,공연,여의도"
서울달리기코스,러닝일지 240706 서울달리기 하프코스 준비 31회차,무작정 달리기만 하면 성취감이 없어서 2%부족함이 있어서 운동을 마쳐도 아쉬운데 훈련이 제시되면 성취율에 따른 뿌듯함이 있어서 정말 좋다 그런 의미에서 오늘은 60분 달리기가 메인이었는데 그냥... ,https://blog.naver.com/oshow0626/223535235640,,"오전,밤","일지,하프,무작정,성취,부족함,제시,성취,정말,의미,메인,그냥,기록,간주,속주,빌드업,탄력,느낌,약간,영혼,다시"
서울달리기코스,"[퇴근런] 서울 달리기 코스 추천, 남산 북측 순환로","번째부터는 국립극장 쪽부터 시작해서 왕복하는 코스로 달리고 있다. 왕복 6.8km, 우리는 지하철역까지 가기 위해 800m 정도 더 달린다. 남산 북측 순환로 달리기 후 맛집을 찾고 있다면? (동국대학교 방향 하산)",https://blog.naver.com/abadolp/223853135796,,"저녁,밤","퇴근,남산,순환로,국립극장,왕복,달리,왕복,지하철역,가기,위해,달린다,남산,순환로,맛집,동국대학교,하산,러너,성지,남산,순환로"
서울달리기코스,"서울러닝코스_10km, 강남... 러닝코스 달리기~ 코엑스... ",워킹서울 러닝서울~ 늦은 포스팅이다. 강남 궁전모양 러닝코스 달리기~ 저녁 강의일정이 있어 집... #서울러닝코스_10km #서울달리기코스_10km 서울을 워킹하자. 워킹하면 서울이 보인다. 서울걷기는 보물찾기다.... ,https://blog.naver.com/pccidjyj/224174493484,,저녁,"강남,코엑스,워킹,강남,궁전,모양,저녁,강의,정이,워킹,워킹,걷기,보물찾기,워킹,강남,궁전,모양,저녁,강의,정이"
서울달리기코스,"서울러닝코스_10km, 동작대교... 러닝코스 달리기~ 온누리교회... ",#동작대교_잠수교_서래섬러닝코스_10km #동작대교_잠수교_서래섬달리기코스_10km #서빙고표석 #창회정표석 #서울러닝코스_10km #서울달리기코스_10km 서울을 워킹하자. 워킹하면 서울이 보인다. 서울걷기는... ,https://blog.naver.com/pccidjyj/223975311212,동작,시간미상,"동작대교,온누리교회,워킹,워킹,걷기,워킹,동작대교,잠수교,서래섬,린다,여름,행운,변경,동작역,동작대교,온누리교회,머릿돌,애정,신동아,아파트"
서울달리기코스,"2023 마라톤 하프마라톤 서울 달리기 코스, 기록 찾기(참가자)","오늘의 포스팅은 2023 마라톤 하프마라톤 서울 달리기 코스, 기록 찾기 (참가자)입니다. 드디어.. 서울... 2023 서울 달리기 마라톤 코스 안내 서울 달리기 하프마라톤 코스입니다. 광화문광장을 시작으로... ",https://blog.naver.com/shorty_/223228287592,,오전,"하프마라톤,기록,찾기,참가자,하프마라톤,기록,찾기,참가자,안내,하프마라톤,광화문,광장,투어,하프마라톤,기록,찾기,참가자,코앞,이제,정말"
서울달리기코스,[달리기코스 정기구독(71)] 서울 메트로 런(25) 복정~선릉,역들 #구독 #정기구독 #구독서비스 #정기구독서비스 #달리기코스 #달리기코스구독 #서울달리기코스구독서비스 #서울런 #seoul #서울달리기 #달리기 #run #running #marathon #마라톤 #서울 #서울지하철런... ,https://blog.naver.com/shjazz/222690474310,,시간미상,"정기,메트로,복정,선릉,모든,지하철역,모두,세월,언덕,정동,덮힌,조그만,교회당,이문세,광화문,연가,입사,사태,몇몇,입사"
서울달리기코스,러닝일지 240707 서울달리기 하프코스 준비 32회차,운동기록 240707 거리주 15km 달리기 전날 가볍게 60분 달리는 것에 큰 문제가 없었으니 살포시 거리... 15k 달리기 이번 러닝에서는 510 페이스에 안착 낮에 약간의 더위와 싸웠던 탓에 더 욕심부리지 말고... ,https://blog.naver.com/oshow0626/223540074864,,밤,"일지,하프,기록,전날,문제,살포시,안착,약간,더위,욕심,부리,기록,전날,문제,살포시,센스,따라서,부터,부상,위험"
서울달리기코스,[달리기코스 정기구독(56)] 서울 메트로 런(18) 개화~당산,서울식물원 서울식물원 어벤져스 지나간 지하철 역들 #구독 #정기구독 #구독서비스 #정기구독서비스 #달리기코스구독 #서울달리기코스구독 #서울런 #seoul #서울달리기 #달리기 #run #running #marathon... ,https://blog.naver.com/shjazz/222676257020,,시간미상,"정기,메트로,개화,당산,식물원,식물원,어벤져스,지하철,모든,지하철역,킬로미터,법칙,이후,얼마나,확인,처음,어플,사용,어플,이후"
서울달리기코스,"서울 달리기 코스 추천, 서울숲",코스에서 달리고 싶으신가요? 그래서 무빙시티에서는 RUN+ 회원들이 추천 하는 서울 달리기 코스를... 서울숲의 달리기 코스는 길이 넓어서 사람이 많을 때도크게 방해 받지 않고 달릴 수 있는 점이 큰... ,https://blog.naver.com/traveldesigner/221990200733,,오전,"서울숲,달리,가요,무빙,시티,회원,서울숲,길이,도크,방해,출처,플리커,하나,개발,일이,요즘,매너리즘,달리,가요,무빙"
서울달리기코스,러닝일지 240408 서울달리기 하프코스 준비 02일차,어여 다시 한자리로 바꾸기 위해서는 땀복효과만한 게 없지 ㅋㅋㅋ 하반기 서울달리기를 향해 빠이팅!!! 누적거리 : 014 km #러닝 #달리기 #러닝일지 #기록일기 #운동일기 #가민 #피닉스6s #러닝다이나믹포드... ,https://blog.naver.com/oshow0626/223418432395,,밤,"일지,하프,다시,한자리,땀복,효과,하반기,빠이팅,누적,기록,마다,빌드업,머릿속,반복,덕분,수치,예전,자세,기억,느낌"
서울달리기코스,러닝일지 240905 서울달리기 하프코스 준비 54회차,운동기록 240905 조깅 14km 러닝 더운 날씨인데도 달리기는 해야 하기에 약간 페이스를 올려서 5k는... 다시 말하지만 생각'만' 하고 있다는 사실 누적거리 : 024 km #러닝 #달리기 #러닝일지 #기록일기 #운동일기... ,https://blog.naver.com/oshow0626/223587692769,,밤,"일지,하프,기록,조깅,날씨,약간,다시,사실,누적,기록,조깅,날씨,약간,템포,이제,텐케이,실력,잠시,근력,만큼"
서울달리기코스,[달리기코스 정기구독(74)] 서울 메트로 런(27) 청량리~선릉,지하철역들 #구독 #정기구독 #구독서비스 #정기구독서비스 #달리기코스 #달리기코스구독 #서울달리기코스구독서비스 #서울런 #seoulrun #seoul #서울달리기 #달리기 #run #running #marathon #마라톤 #서울... ,https://blog.naver.com/shjazz/222693302059,,시간미상,"정기,메트로,청량리,선릉,지하철역,모든,지하철역,권위,천재,물리학자,리처드,파인만,파인만,알고리즘,일반,문제,해결,해결,문제,종이"
서울달리기코스,[대회]2023 서울달리기 하프 코스 | Seoul race half course... ,2023년 서울달리기 하프 코스 청와대로 가는 우측 방향 업힐 좌측 방향 다운힐 나머지는 고도가... 이 대회는 11k코스로 접수했었다. 그런데 주변에서 서울달리기 코스 좋다. 이제는 하프를 뛰어야지... ,https://blog.naver.com/ssrhot1004/223233384536,,시간미상,"대회,하프,하프,청와대로,우측,업힐,좌측,다운,나머지,고도,대회,접수,이제,하프,평균,이전,평균,초반,오버,조심"
서울달리기코스,러닝일지 240916 서울달리기 하프코스 준비 61회차,운동기록 240916 이벤트런 6k 달리기 그나마 인스타를 조금 열심히 사용하던 때에는 운동내용이나마... km #러닝 #달리기 #러닝일지 #기록일기 #운동일기 #가민 #피닉스6s #러닝다이나믹포드 #RD #천변러너... ,https://blog.naver.com/oshow0626/223603617227,,밤,"일지,하프,기록,이벤트,인스타,조금,사용,기록,이벤트,인스타,조금,사용,기록,본문,대략,기억,핑계,그것,이건,당췌"
서울달리기코스,[달리기코스 정기구독(42)] 서울 메트로 런(11) 방화~오목교,역들 #구독 #정기구독 #구독서비스 #정기구독서비스 #달리기코스구독 #서울달리기코스구독 #서울런 #seoulrun #서울달리기 #달리기 #run #running #마라톤 #marathon #서울 #seoul #서울지하철런... ,https://blog.naver.com/shjazz/222664068844,"유럽배낭여행,방화,김포공항으로",시간미상,"정기,메트로,방화,목교,모든,지하철역,김포공항,유럽,배낭여행,직전,인천공항,개항,가기,공항,전화,삐삐,사용,시절,핸드폰,무척"
서울달리기코스,[달리기코스 정기구독(30)] 서울 메트로 런(9) 응암~ 구산,#구독 #정기구독 #구독서비스 #정기구독서비스 #달리기코스구독 #서울달리기코스구독 #서울런 #seoulrun #서울달리기 #달리기 #run #running #마라톤 #marathon #서울 #seoul #서울지하철런... ,https://blog.naver.com/shjazz/222652843600,,시간미상,"정기,메트로,응암,구산,모든,지하철역,예전,은평구,가장,북한,산이,북한,운동량,확보,매력,산입,외국인,하나,수도,가까이"
서울달리기코스,[달리기코스 정기구독(31)] 서울 달리기 코스 BEST 9 (2) 남산,#구독 #정기구독 #구독서비스 #정기구독서비스 #달리기코스구독 #서울달리기코스구독 #서울달리기코스베스트9 #seoulrunningcoursebest9 #best9 #서울런 #seoulrun #서울달리기 #달리기 #run #running #마라톤 #marathon... ,https://blog.naver.com/shjazz/222653537815,,시간미상,"정기,남산,베스트,한강,남산,여의도,경의선,숲길,경춘선,숲길,안양천,도림천,탄천,양재천,중랑천,우이천,홍제천,불광천,청계천,정릉천"
서울달리기코스,[달리기코스 정기구독(55)] 서울 메트로 런(17) 응암~이대,역들 #구독 #정기구독 #구독서비스 #정기구독서비스 #달리기코스구독 #서울달리기코스구독 #서울런 #seoul #서울달리기 #달리기 #run #running #marathon #마라톤 #서울 #seoul #서울지하철런 #seoulmetrorun... ,https://blog.naver.com/shjazz/222675259256,,저녁,"정기,메트로,응암,이대,모든,지하철역,유럽,배낭여행,편의점,한국인,남학생,대학생,선후배,여행,자주,일행,서로,통성명,여행,목적"
서울달리기코스,[달리기코스 정기구독(37)] 서울 메트로 런 (10) 신당~이대,지나간 지하철 역들 #구독 #정기구독 #구독서비스 #정기구독서비스 #달리기코스구독 #서울달리기코스구독 #서울런 #seoulrun #서울달리기 #달리기 #run #running #마라톤 #marathon #서울 #seoul #서울지하철런... ,https://blog.naver.com/shjazz/222659444281,"신당역을,이대",시간미상,"정기,메트로,신당,이대,지하철,모든,지하철역,하루,보라,영화,어바웃,타임,대사,고등학교,소위,과감,중고생,방학,미용실,머리"
서울달리기코스,[달리기코스 정기구독(96)] 서울 메트로 런(38) 신대방~역삼,역들 #구독 #정기구독 #구독서비스 #정기구독서비스 #달리기코스 #러닝코스 #runningcourse #달리기코스구독 #서울달리기코스구독서비스 #서울런 #seoulrun #seoul #서울달리기 #달리기 #run #running #marathon #마라톤... ,https://blog.naver.com/shjazz/222716837924,,시간미상,"정기,메트로,신대방,역삼,모든,지하철역,중국,난방,미세먼지,상황,소식,초미세먼지,수준,처음,마스크,적응,만하,마스크,미세먼지,도움"
서울달리기코스,러닝코스 달리기~ 세검정에서 서울예고를 지나 상류 2km까지... ,#홍제천_경의선숲길러닝코스_10km #홍제천_경의선숲길달리기코스_10km #서울예고 #세검정 #서울러닝코스_10km #서울달리기코스_10km 서울을 워킹하자. 워킹하면 서울이 보인다. 서울걷기는 보물찾기다. 이제는... ,https://blog.naver.com/pccidjyj/223979456662,,시간미상,"세검정,예고,지나,상류,워킹,워킹,걷기,보물찾기,이제,워킹,홍제천,경의선,숲길,홍제천,세검정,상류,데크,길이,지점,예고"
서울달리기코스,[달리기코스 정기구독(52)] 서울 메트로 런(15) 까치산~합정,#구독 #정기구독 #구독서비스 #정기구독서비스 #달리기코스구독 #러닝코스구독 #서울달리기코스구독 #서울런 #seoul #서울달리기 #달리기 #run #running #marathon #마라톤 #서울 #seoul #서울지하철런... ,https://blog.naver.com/shjazz/222672598755,,저녁,"정기,메트로,까치산,합정,모든,지하철역,대서,절기,가장,역시,오후,기온,날짜,전철역,호선,까치산,신정,네거리,양천구청,도림천"
서울달리기코스,[달리기코스 정기구독(50)] 서울 메트로 런(13) 암사~복정,"(출처: New마라톤교본, 가와고에 마나부 저, 삼호미디어) #구독 #정기구독 #구독서비스 #정기구독서비스 #달리기코스구독 #서울달리기코스구독 #서울런 #seoul #서울달리기 #달리기 #run #running #marathon #마라톤... ",https://blog.naver.com/shjazz/222670638612,,저녁,"정기,메트로,암사,복정,출처,교본,마나,미디어,모든,지하철역,뒷산,무지개,가도,가도,무지개,조규찬,무지개,유재하,음악,경연"
서울달리기코스,러닝일지 240903 서울달리기 하프코스 준비 53회차,운동기록 240903 템포런 10km 월초에 페이스 확인차 10k 달리기를 해야 하는데 조금 지루한 것도 있고... 빌드업생각하고 달리기 시작했었는데 좀처럼 몸이 말을 듣지 않고 430까지도 올라가지 못하는 상황... ,https://blog.naver.com/oshow0626/223586786718,,밤,"일지,하프,기록,템포,월초,확인,조금,빌드업생각,좀처럼,상황,기록,템포,월초,확인,조금,조금,강도,높이,욕심,스피드"
서울달리기코스,서울러닝코스 추천... 서울 서남권 숨은 달리기 명소... ,코스 확장 (총 4~5km) 숙련자 루틴: 호수 3~4바퀴 + 인터벌 러닝(경사 구간 및 계단 빠르게 달리기) (총 7... #서서울호수공원 #서울러닝코스 #서울달리기코스 #서울운동장소 #서울러닝추천 #서울호수공원... ,https://blog.naver.com/jjfam16/224025827479,,아침,"서남,명소,확장,숙련,루틴,호수,바퀴,인터,경사,계단,요즘,대세,제대로,서남,명소,호수,나무,전체,그늘,산책로"
서울달리기코스,[달리기코스 정기구독(33)] 서울 달리기 코스 BEST 9 (3) 여의도,있습니다) #구독 #정기구독 #구독서비스 #정기구독서비스 #달리기코스구독 #서울달리기코스구독 #서울달리기코스베스트9 #seoulrunningcoursebest9 #best9 #서울런 #seoulrun #서울달리기 #달리기 #run #running... ,https://blog.naver.com/shjazz/222656110696,런의,시간미상,"정기,여의도,베스트,한강,남산,여의도,경의선,숲길,경춘선,숲길,안양천,도림천,탄천,양재천,중랑천,우이천,홍제천,불광천,청계천,정릉천"
서울달리기코스,[달리기코스 정기구독(78)] 서울 메트로 런(29) 영등포~종로3가,역들 #구독 #정기구독 #구독서비스 #정기구독서비스 #달리기코스 #달리기코스구독 #서울달리기코스구독서비스 #서울런 #seoulrun #seoul #서울달리기 #달리기 #run #running #marathon #마라톤 #서울 #서울지하철런... ,https://blog.naver.com/shjazz/222697589865,,시간미상,"정기,메트로,영등포,종로,모든,지하철역,저절로,태풍,천둥,벼락,장석주,대추,대학,졸업,종합,상사,취직,소위,상사,대학생"
서울달리기코스,[달리기코스 정기구독(58)] 서울 메트로 런(19) 서울역~공덕,신촌 기차역 지나간 지하철 역들 #구독 #정기구독 #구독서비스 #정기구독서비스 #달리기코스구독 #서울달리기코스구독 #서울런 #seoul #서울달리기 #달리기 #run #running #marathon #마라톤 #서울... ,https://blog.naver.com/shjazz/222678744365,,시간미상,"정기,메트로,서울역,공덕,신촌,기차역,지하철,모든,지하철역,슨다,인간,가장,재료,비교,이용,인간,농기구,무기,영국,철광석"
서울달리기코스,"[러닝] 2024 서울레이스 무료참가 , 서울달리기 코스 일정... ","자세한 일정, 코스, 기념품을 정리해보겠습니다. 2024 서울달리기 (Seoul Race) 서울달리기 대회 일정 □ 집결/출발 시간 및 장소 - 경기 부문: 하프(21.0975K) · 11K - 집결 시간: 2024년 10월 13일 (일) 오전 7시 이전... ",https://blog.naver.com/yiyangse/223461431916,"풀고,순으로,기록은","아침,오전","레이스,무료,참가,일정,일정,기념품,정리,대회,일정,집결,장소,경기,부문,하프,집결,오전,이전,동아마라톤,자원봉사,레이스"
서울달리기코스,[달리기코스 정기구독(47)] 서울 메트로 런(12) 남태령~삼각지,역들 #구독 #정기구독 #구독서비스 #정기구독서비스 #달리기코스 #서울달리기코스 #서울런 #seoul #서울달리기 #달리기 #run #running #marathon #마라톤 #서울 #seoul #서울지하철런... ,https://blog.naver.com/shjazz/222667867623,"남태령을,동작",시간미상,"정기,메트로,남태령,삼각지,모든,지하철역,가수,이자,작곡,노영심,노래,기억,남자,노래,노래,가사,지하철,호선,호선,표정"
서울달리기코스,러닝일지 240703 서울달리기 하프코스 준비 29회차,그래서 의도치 않게 푹 쉬었으니 한번은 달려줘야지~ 과연 1주일간의 휴식이 독이 되었는지 득이 되었는지 10k 달리기 고고~~ 240703 10k 달리기 시작이 깔끔했다 이제 몸이 페이스를 기억하기 시작했고... ,https://blog.naver.com/oshow0626/223525669635,,밤,"일지,하프,의도,한번,과연,일간,휴식,고고,이제,기억,기록,지게,주일,휴식시간,자극제,휴식,역시,달콤,예전,휴식"
서울달리기코스,[달리기코스 정기구독(61)] 서울 메트로 런(21) 신논현~당산,역들 #구독 #정기구독 #구독서비스 #정기구독서비스 #달리기코스구독 #서울달리기코스구독 #서울런 #seoul #서울달리기 #달리기 #run #running #marathon #마라톤 #서울 #서울지하철런 #seoulmetrorun... ,https://blog.naver.com/shjazz/222682038288,신논현역을,시간미상,"정기,메트로,논현,당산,모든,지하철역,학력고사,대학,수학,능력,시험,전신,낙방,노량진,학원,재수,생활,종합,삼수생,재수"
서울달리기코스,러닝일지 240602 서울달리기 하프코스 준비 17회차,운동기록 240602 텐케이 기록점검 4월부터 시작한 달리기 비를 피해서 꾸역꾸역 달리기 했었는데 맘처럼 못 달린 날이 많아서 걱정이긴 하지만 그래도 아직까지 여유가 있으니 맘졸이지 말고 천천히 페이스... ,https://blog.naver.com/oshow0626/223472945852,,밤,"일지,하프,기록,케이,기록,점검,피해,걱정,여유,맘졸,기록,케이,기록,점검,피해,걱정,여유,맘졸,계획,이제"
서울달리기코스,"서울러닝코스_10km, 한강... 러닝코스 달리기~ 9월은 노들섬... ",#한강노들섬_마포대교러닝코스_10km #한강노들섬_마포대교달리기코스_10km #노을맛집_노들섬 #여의도열기구_서울달 #서울러닝코스_10km #서울달리기코스_10km 서울을 워킹하자. 워킹하면 서울이 보인다. 서울걷기는... ,https://blog.naver.com/pccidjyj/224008966507,,밤,"한강,노들섬,워킹,워킹,걷기,워킹,한강,노들섬,마포대교,노들섬,노을,계절,더위,무렵,노들섬,정문,한강대교,이촌,북로,달린다"
서울달리기코스,당신이 달리기를 시작해야 하는 이유 (서울 달리기 코스 추천),내겐 너무 빠른 그녀 앞으로도 열심히 따라갈게~!!! 글 : 정우식 사진 : @kyu_happy #서울달리기 #러닝 #서울러닝 #달리기코스 #러닝추천 #그룹러닝 #남산러닝 #남산업힐 #러닝챌린지 #남산운동 #남산 #백퍼센트,https://blog.naver.com/boksoonkoala/223045074084,한남점,"아침,오전","당신,이유,내겐,그녀,정우식,코알라,백퍼센트,진행,린지,행사,번개런,참여,남산,순이,만남,장소,남산,기분,백퍼센트,한남"
서울달리기코스,[달리기코스 정기구독(16)] 서울 메트로 런(6) 건대입구~논현,(뿌듯함도 덤으로 따라 옵니다) 메달걸이에 메달 수납하기 #구독 #정기구독 #구독서비스 #정기구독서비스 #달리기코스구독 #서울달리기코스구독 #서울런 #seoulrun #서울달리기 #달리기 #run #running... ,https://blog.naver.com/shjazz/222638725482,,밤,"정기,메트로,건대,입구,논현,메달,걸이,메달,수납,모든,지하철역,한강,아마,러너,가장,강의,관리,주로,편의,시설"
서울달리기코스,[달리기코스 정기구독(60)] 서울 메트로 런(20) 신설동~신당,지하철역들 #구독 #정기구독 #구독서비스 #정기구독서비스 #달리기코스구독 #서울달리기코스구독 #서울런 #seoul #서울달리기 #달리기 #run #running #marathon #마라톤 #서울 #서울지하철런 #seoulmetrorun... ,https://blog.naver.com/shjazz/222680735716,,시간미상,"정기,메트로,신설,신당,지하철역,모든,지하철역,탤런트,강석우,뇌리,남아,청소년,시절,국영수,어른,음미,잘해야,인생,인생,과목"
서울달리기코스,서울 달리기 코스 중 내가 가장 사랑하는 곳 잠수교 &lt;크루... ,다리 밑의 다리 잠수교 한강을 가까이 분수도 가까이 서울에 매력적인 달리기 코스들이 많이 있는데요 저는 그중에서 한강 쪽을 좋아하면서 잠수교를 제일 좋아합니다. 실제로 잠수교는 많은 분들이 달리기도... ,https://blog.naver.com/kmj42/223168365530,순서대로,시간미상,"가장,사랑,잠수교,크루,다리,다리,잠수교,한강,가까이,분수,가까이,매력,한강,잠수교,제일,실제,잠수교,다리,다리,잠수교"
서울달리기코스,"서울러닝코스_10km, 뚝섬서울숲, 한강, 중랑천 러닝코스 달리기... ",#뚝섬서울숲_한강_중랑천_러닝코스_10km #뚝섬서울숲_한강_중랑천_달리기코스_10km #뚝섬삼표레미콘 #성동_송정제방길 #서울러닝코스_10km #서울달리기코스_10km 서울을 워킹하자. 워킹하면 서울이 보인다.... ,https://blog.naver.com/pccidjyj/223982183785,,시간미상,"뚝섬,서울숲,한강,중랑천,워킹,워킹,워킹,뚝섬,서울숲,한강,중랑천,기온,습도,날씨,뚝섬,서울숲,바퀴,달리,한강,서울숲"
서울달리기코스,[달리기코스 정기구독(51)] 서울 메트로 런(14) 당고개~삼각지,#구독 #정기구독 #구독서비스 #정기구독서비스 #달리기코스구독 #서울달리기코스구독 #서울런 #seoul #서울달리기 #달리기 #run #running #marathon #마라톤 #서울 #seoul #서울지하철런... ,https://blog.naver.com/shjazz/222671313362,,저녁,"정기,메트로,고개,삼각지,모든,지하철역,저녁,기온,날씨,치열,더위,한국,춘하,계절,한번,맞이,러너,로서,겨울,가장"
서울달리기코스,[달리기코스 정기구독(86)] 서울 메트로 런(33) 오목교~여의도,안양천 영등포시장 샛강 문화 다리 지나간 지하철 역들 #구독 #정기구독 #구독서비스 #정기구독서비스 #달리기코스 #러닝코스 #runningcourse #달리기코스구독 #서울달리기코스구독서비스 #서울런... ,https://blog.naver.com/shjazz/222706291496,"여의도,오목교역을",시간미상,"정기,메트로,목교,여의도,안양천,영등포,시장,샛강,문화,다리,지하철,모든,지하철역,중증,호흡기,증후군,코로나바이러스,현재,팬데믹,상황"
서울달리기코스,2025 서울어스마라톤대회 코스도 &amp; 물품배송 #달리기 #훈련,서울마라톤대회 #마라톤 #러닝 #운동스타그램 #런스타그램 #달리기 #하프마라톤 #10K마라톤 #스포츠대회 #서울 #광화문 #여의도공원 #기후위기 #자연보전 #WWF #KSTMA #마라톤코스 #러너 #마라톤훈련,https://blog.naver.com/joekang/223989555974,,아침,"어스,대회,물품,배송,대회,신청,어스,이제,어쩌,여름,여름,정말,얘기,홈페이지,참가,확인,보고,그룹,편성,확인"
서울달리기코스,[달리기코스 정기구독(2)] 서울 메트로 런(2)아차산~을지로4가,#구독 #정기구독 #구독서비스 #달리기코스구독 #서울달리기코스구독 #서울런 #seoul #seoulrun #서울지하철런 #서울메트로런 #서울의모든지하철역을달려서가보자 #크루고스트 #crewghost #서울 #서울달리기... ,https://blog.naver.com/shjazz/222627667323,,시간미상,"정기,메트로,아차산,을지로,모든,지하철역,러너,하이,가요,경험,달리,사실,허공,달린다,행위,몰입,상태,몰입,이론,창시자"
서울달리기코스,[달리기코스 정기구독(21)] 서울 메트로 런(7) 종합운동장~신논현,#구독 #정기구독 #구독서비스 #정기구독서비스 #달리기코스구독 #서울달리기코스구독 #서울런 #seoulrun #서울달리기 #달리기 #run #running #마라톤 #marathon #서울 #seoul #서울지하철런 #seoulmetrorun... ,https://blog.naver.com/shjazz/222643933420,,시간미상,"정기,메트로,종합,운동장,논현,모든,지하철역,무엇,위해,출처,캐나다,여권,페이지,청년,모습,청년,이름,테리,폭스,동영상"
서울달리기코스,[달리기코스 정기구독(69)] 서울 메트로 런(24) 장암~건대입구,지나간 지하철 역들 #구독 #정기구독 #구독서비스 #정기구독서비스 #달리기코스구독서비스 #서울달리기코스구독서비스 #커피 #서울런 #seoul #서울달리기 #달리기 #run #running #marathon #마라톤 #서울... ,https://blog.naver.com/shjazz/222688898068,,시간미상,"정기,메트로,장암,건대,입구,지하철,모든,지하철역,계속,영역,커피,원두,구매,핸드,드립,커피,커피,조금,마시기,위해"
서울달리기코스,"[달리기코스 정기구독(100)] 서울 메트로 런(40, 최종) 역삼~성수",역들 #구독 #정기구독 #구독서비스 #정기구독서비스 #달리기코스 #러닝코스 #runningcourse #달리기코스구독 #서울달리기코스구독서비스 #서울런 #seoulrun #seoul #서울달리기 #달리기 #run #running #marathon #마라톤... ,https://blog.naver.com/shjazz/222720774783,,시간미상,"정기,메트로,최종,역삼,성수,모든,지하철역,어디,선우정아,노래,코로나,집합,금지명령,발효,어둠,촛불,격언,상황,무엇,고민"
서울달리기코스,[달리기코스 정기구독(53)] 서울 메트로 런(16) 오금~고속터미널,역들 #구독 #정기구독 #구독서비스 #정기구독서비스 #달리기코스구독 #서울달리기코스구독 #서울런 #seoul #서울달리기 #달리기 #run #running #marathon #마라톤 #서울 #seoul #서울지하철런... ,https://blog.naver.com/shjazz/222673300437,,밤,"정기,메트로,오금,고속,터미널,모든,지하철역,확장,공간,확장,인생,확장,집합,금지,이서,이동,구석,구석,하천,하천"
서울달리기코스,[달리기코스 정기구독(24)] 서울 메트로 런(8) 신도림~신대방,①이화동 벽화마을 이화동 벽화마을 ②보라매공원 보라매 공원 ③경춘선 숲길 경춘선 숲길 ④성내천 성내천 #구독 #정기구독 #구독서비스 #정기구독서비스 #달리기코스구독 #서울달리기코스구독 #서울런... ,https://blog.naver.com/shjazz/222646447709,,시간미상,"정기,메트로,신도림,신대방,이화동,벽화,마을,이화동,벽화,마을,보라매,보라매,경춘선,숲길,경춘선,숲길,성내천,성내천,모든,지하철역"
서울달리기코스,[달리기코스 정기구독(92)] 서울 메트로 런(36) 여의도~을지로4가,역들 #구독 #정기구독 #구독서비스 #정기구독서비스 #달리기코스 #러닝코스 #runningcourse #달리기코스구독 #서울달리기코스구독서비스 #서울런 #seoulrun #seoul #서울달리기 #달리기 #run #running #marathon #마라톤... ,https://blog.naver.com/shjazz/222712031061,,시간미상,"정기,메트로,여의도,을지로,모든,지하철역,그대,오평,순간,어머니,주시,음식,옛날,아버지,나이,드니,별로,나중,현상,미각"
서울달리기코스,러닝일지 240727 서울달리기 하프코스 준비 37회차,운동기록 240727 가벼운 러닝 8km 조깅 꾸준히는 못하고 띄엄띄엄은 하고 있는 달리기 폭염이라 정말... km #러닝 #달리기 #러닝일지 #기록일기 #운동일기 #7월러닝 #가민 #피닉스6s #러닝다이나믹포드 #RD... ,https://blog.naver.com/oshow0626/223553539993,,밤,"일지,하프,기록,조깅,띄엄띄엄,폭염,정말,기록,조깅,띄엄띄엄,폭염,정말,달동,거의,예전,그날,문득,상황,그땐,정말"
서울달리기코스,서울 달리기 대회 하프코스 61 ... 19/10/13,"작년 서울 달리기 1시간 32분 25초, 작년 경주에서 3시간 27분 37초 올해 서울 달리기 1시간 32분 24초, 올해 경주 ?? 다른 조건은 작년은 경주 출발 시간이 8시 ( 7도 에서 18도 기온 ) , 올해는 9시 이고, 코스가... ",https://blog.naver.com/smhw0114/221677342009,"앞쪽에서,경주,시청앞에서,앞쪽,차량에,시청앞",오전,"대회,하프,작년,작년,경주,올해,올해,경주,다른,조건,작년,경주,기온,올해,하프,달리,시청,종로,청계천,이후"
서울달리기코스,마라톤 대회 일정 러닝 코스 하프마라톤 5KM 10KM 달리기,"2025 서울 동대문 마라톤 대회 일정 러닝 코스 하프마라톤 5KM 10KM 달리기 가을 바람이 선선해지는 9월, 러너들이 기다리던 동대문마라톤대회가 열립니다. 올해로 14회를 맞는 이 대회는 매년 다양한... ",https://blog.naver.com/qhadldhaus98/224019442474,하프,오전,"대회,일정,하프마라톤,동대문,대회,일정,하프마라톤,가을,바람,러너,동대문,대회,올해,대회,매년,동대문,대회,일정,하프마라톤,가을"
서울달리기코스,경주 보문호수 벚꽃 길 러닝 달리기 코스 : 봄날 벚꽃런 최고,"북적북적 사람많은 서울의 벚꽃길과는 차원이 달라. 해뜰 무렵 고요한 호수의 이 분위기도 너무 좋고... 지난 번 뉴욕에서 센트럴파크 러닝할 때도 생각했던 거지만, 여행지에서 달리기를 하는 것도 그 여행지를... ",https://blog.naver.com/wehavefuntoday/224241778447,,아침,"경주,보문,호수,벚꽃,봄날,벚꽃,최고,북적,북적,벚꽃,차원,달라,해뜰,무렵,고요한,호수,분위기,뉴욕,센트럴,파크"
서울달리기코스,서울 가을 초급·중급·고급 러닝코스 추천 (Feat. 달리기 매너... ,"오늘은 서울에서 달리기 좋은 가을 러닝코스를 소개해보려고 합니다. 러닝 초보부터 고수까지! 모두 다 건강하게 즐길 수 있도록 준비해봤어요. 가을 러닝, 지금부터 함께 살펴보아요! 서울에는 다양한 러닝... ",https://blog.naver.com/pac3083/224005260785,,저녁,"가을,고급,매너,가을,초보,고수,모두,가을,지금,가을,초보,고수,모두,가을,지금,가을,풍경,가지,대표,남산"
서울달리기코스,[달리기코스 정기구독(94)] 서울 메트로 런(37) 청계산입구... ,고속터미널→강동 강동→아차산 #구독 #정기구독 #구독서비스 #정기구독서비스 #달리기코스 #러닝코스 #runningcourse #달리기코스구독 #서울달리기코스구독서비스 #서울런 #seoulrun #seoul #서울달리기 #달리기... ,https://blog.naver.com/shjazz/222714524588,,시간미상,"정기,메트로,청계산,입구,고속,터미널,강동,강동,아차산,모든,지하철역,박빙,국어사전,근소,차이,비유,된장찌개,만들기,맛집,맛집"
서울달리기코스,[달리기코스 정기구독(77)]서울 달리기 코스 BEST9(8)홍제천... ,응암역 근처 불광천 입구 북한산 View 월드컵경기장 #구독 #정기구독 #구독서비스 #정기구독서비스 #달리기코스구독 #서울달리기코스구독 #서울달리기코스베스트9 #seoulrunningcoursebest9 #best9 #서울런 #seoulrun... ,https://blog.naver.com/shjazz/222696939915,불광동,시간미상,"정기,홍제천,응암역,불광천,입구,북한,월드컵경기,한강,남산,여의도,경의선,숲길,경춘선,숲길,안양천,도림천,탄천,양재천,중랑천,우이천"
서울달리기코스,[달리기코스 정기구독(72)] 서울 메트로 런(26) 하남검단산~마천,역들 #구독 #정기구독 #구독서비스 #정기구독서비스 #달리기코스 #달리기코스구독 #서울달리기코스구독서비스 #서울런 #seoul #서울달리기 #달리기 #run #running #marathon #마라톤 #서울... ,https://blog.naver.com/shjazz/222691265925,,시간미상,"정기,메트로,하남,검단산,마천,모든,지하철역,러너,로서,가장,고민,순간,바로,경우,우중,주가,번의,동안,우중,엄지"
서울달리기코스,[달리기코스 정기구독(98)] 서울 메트로 런(39) 광운대-고려대... ,모양 #구독 #정기구독 #구독서비스 #정기구독서비스 #달리기코스 #러닝코스 #runningcourse #달리기코스구독 #서울달리기코스구독서비스 #서울런 #seoulrun #seoul #서울달리기 #달리기 #run #running #marathon #마라톤... ,https://blog.naver.com/shjazz/222718397880,청량리,시간미상,"정기,메트로,광운대,고려대,모양,모든,지하철역,오월,사랑,김현철,춘천,기차,호반,도시,춘천,가을,춘천,린다,한국,메이저"
서울달리기코스,러닝일지 240413 서울달리기 하프코스 준비 04일차,운동기록 240413 스피드훈련 8set 요근래 계속 러닝을 하는데 그래도 퍼지지 않고 달리기하는게 수월해지는 듯해서 괜한 욕심으로 스피드 훈련 해보기로 결심을 했다 작년 풀코스 준비하면서는 부상을... ,https://blog.naver.com/oshow0626/223423946313,하면서,"오전,밤","일지,하프,기록,스피드,근래,계속,욕심,스피드,결심,작년,부상,기록,스피드,근래,계속,욕심,스피드,결심,작년,부상"
서울달리기코스,[달리기코스 정기구독(76)] 서울 메트로 런(28) 도봉산~을지로3가,지나간 지하철 역들 #구독 #정기구독 #구독서비스 #정기구독서비스 #달리기코스 #달리기코스구독 #서울달리기코스구독서비스 #서울런 #seoulrun #seoul #서울달리기 #달리기 #run #running #marathon #마라톤 #서울... ,https://blog.naver.com/shjazz/222696369877,,시간미상,"정기,메트로,도봉산,을지로,지하철,모든,지하철역,모두,모두,즐거움,만인,만인,대한,투쟁,영국,철학자,토마스,홉스,자연,상태"
서울달리기코스,[달리기코스 정기구독(45)] 인서울 대학교 탐방 런 (6) 숭실대... ,서달산 서달산에서 바라본 한강의 야경 숭실대학교(그리고 달) 중앙대학교 국립현충원 #구독 #정기구독 #구독서비스 #정기구독서비스 #달리기코스구독 #서울달리기코스구독 #서울런 #seoulrun... ,https://blog.naver.com/shjazz/222666374453,"러닝의,동작",시간미상,"정기,대학교,탐방,숭실대,달산,달산,한강,야경,숭실대,학교,중앙,대학교,국립현충원,고등학교,교련,과목,군사학,교련,교련,베레모"
서울달리기코스,[달리기코스 정기구독(84)] 서울 메트로 런(32) 구로~고속터미널,역들 #구독 #정기구독 #구독서비스 #정기구독서비스 #달리기코스 #러닝코스 #runningcourse #달리기코스구독 #서울달리기코스구독서비스 #서울런 #seoulrun #seoul #서울달리기 #달리기 #run #running #marathon #마라톤... ,https://blog.naver.com/shjazz/222704083111,,아침,"정기,메트로,구로,고속,터미널,모든,지하철역,언어,인생,마찬가지,줌파,최근,줌파,그녀,영국,런던,벵골,출신,이민자,가정"
서울달리기코스,러닝일지 240528 서울달리기 하프코스 준비 14회차,울며 겨자먹기로 일단 100km 은 넘겨보자는 마인드로 냅다 달리러 고고~ 근데 거리채우기 달리기가 너무 지루한거야... 달리기만 하니까 재미도 없는 거야... 달리는게 힘든 건 아닌데 그냥 멍~하니 있는... ,https://blog.naver.com/oshow0626/223463761025,,밤,"일지,하프,겨자,먹기,일단,마인드,고고,재미,그냥,하니,기록,접촉,진입,목표,앞서,언급,누적,목표,비도,관계"
서울달리기코스,[달리기코스 정기구독(9)] 서울 메트로 런(4) 구파발~종로3가,사진출처: ko.aliexpress.com #구독 #정기구독 #구독서비스 #달리기코스구독 #서울달리기코스구독 #서울런 #seoul #seoulrun #서울지하철런 #서울메트로런 #서울의모든지하철역을달려서가보자 #서울 #서울달리기... ,https://blog.naver.com/shjazz/222633711225,구파발역을,시간미상,"정기,메트로,구파발,종로,출처,모든,지하철역,크게,생활,방식,이유,건강검진,당뇨병,진단,비만,체형,선천,부모님,모두,당뇨"
서울달리기코스,"달리기 좋은 가을, 서울 속 원하는 코스 따라 6km 달렸어요!","망원한강공원 풍경, 한강공원에는 달리기 좋은 코스가 많다. ⓒ서울관광아카이브 ‘내년, 너의 달리기가 그리워’라는 메시지와 함께 지난 25일 달리기 대회는 막을 내렸다. 대회를 주최한 서울시와... ",https://blog.naver.com/120seoulcall/222555023825,,저녁,"가을,망원,한강,풍경,한강,관광,아카이브,내년,메시지,대회,대회,주최,서울시,가을,계절,이마,바람,가을,대회,린다"
서울달리기코스,러닝일지 240815 서울달리기 하프코스 준비 48회차,운동기록 240815 지면접촉시간 250ms대 달리기 전날 인터벌 빡세게 했으니 당연히 뭉친 근육 풀어주기... 대로 달리기를 용맹스럽게 계획!!! 뿜뿜 치솟은 자신감을 가지고 광복런 고고~~~~ 240815 8.15km 광복런 와.... ,https://blog.naver.com/oshow0626/223570121173,,밤,"일지,하프,기록,지면,접촉,전날,인터,빡세,근육,대로,용맹,계획,뿜뿜,자신감,가지,광복,고고,광복,기록,지면"
서울달리기코스,경기마라톤 D-4 서울식물원 16km 코스 건강 달리기 (26.4.15),조금 달리다 보니 어둠이 깔려 오히려 아침 시간대 보다 달리기 좋았다. 서울식물원을 크게... 금일 훈련 내용 - 서울식물원 일원 16.04km 코스/서울물공원&amp;센터-서울식물원 일원 - 훈련시간... ,https://blog.naver.com/junopark0929/224254305524,,"아침,저녁","경기,식물원,건강,조금,달리,어둠,오히려,아침,시간대,식물원,크게,금일,식물원,일원,센터,식물원,일원,금일,소감,일본"
서울달리기코스,[달리기코스 정기구독(12)] 서울 메트로 런(5) 약수~고속터미널,이야기&gt; #구독 #정기구독 #구독서비스 #정기구독서비스 #달리기코스구독 #서울달리기코스구독 #서울런 #seoulrun #서울달리기 #달리기 #run #running #마라톤 #marathon #춘천마라톤 #마라톤준비물... ,https://blog.naver.com/shjazz/222635846766,"대회,라인",시간미상,"정기,메트로,약수,고속,터미널,이야기,모든,지하철역,작가,무라카미,하루키,야구장,외야,야구,경기,불현듯,소설,소설,소설,재능"
서울달리기코스,[달리기코스 정기구독(68)] 서울 벚꽃 런(안양천·도림천),by @changhailee #구독 #정기구독 #구독서비스 #정기구독서비스 #달리기코스구독 #서울달리기코스구독 #서울런 #seoul #서울달리기 #달리기 #run #running #marathon #마라톤 #서울 #크루고스트 #crewghost # #여행 #운동... ,https://blog.naver.com/shjazz/222687968862,,시간미상,"정기,벚꽃,안양천,도림천,버스커버스커,노래,벚꽃,엔딩,해이,서태지,아이,데뷔,한지,주년,해이,벚꽃,엔딩,수록,앨범,꽃송이"
서울달리기코스,"서울러닝코스_10km, 양재천... 러닝코스 달리기~ 도곡역... ",#양재천_탄천러닝코스_10km #양재천_탄천달리기코스_10km #양재천_타워팰리스 #양재천_탄천만나는곳_등용문 #서울러닝코스_10km #서울달리기코스_10km 서울을 워킹하자. 워킹하면 서울이 보인다. 서울걷기는... ,https://blog.naver.com/pccidjyj/223921528532,,시간미상,"양재천,도곡역,워킹,워킹,걷기,워킹,양재천,탄천,도곡역,타워팰리스,양재천,탄천,등용문,여기,그늘,양재천,탄천,한강,탄천,상류"
서울달리기코스,"서울레이스(서울달리기) 레이스팩 수령후기(대회정보, 코스)",여튼 몇일전 인스타그램을 통해 공개된 2025 서울레이스(서울달리기)의 11km 코스입니다. [ 하프 코스 ] 이 코스가 제가 참가하는 하프코스에요. 시작점은 11km와 하프코스가 동일하게 청계광장 앞 세종도로이고... ,https://blog.naver.com/dongmin8601/224025348539,,"아침,오전","레이스,레이,스팩,수령,대회,일전,인스타그램,통해,공개,레이스,하프,참가,하프,하프,청계,광장,세종,도로,스포츠,블로거"
서울달리기코스,[달리기코스 정기구독(44)] 서울 달리기 코스 BEST 9 (6) 탄천... ,탄천(봄) 탄천(여름) 탄천(가을) #구독 #정기구독 #구독서비스 #정기구독서비스 #달리기코스구독 #서울달리기코스구독 #서울달리기코스베스트9 #seoulrunningcoursebest9 #best9 #서울런 #seoulrun #서울달리기... ,https://blog.naver.com/shjazz/222665574876,,밤,"정기,탄천,탄천,탄천,여름,탄천,가을,한강,남산,여의도,경의선,숲길,경춘선,숲길,안양천,도림천,탄천,양재천,중랑천,우이천"
서울달리기코스,[달리기코스 정기구독(64)] 서울 메트로 런 (22) 중앙보훈병원... ,역들 #구독 #정기구독 #구독서비스 #정기구독서비스 #달리기코스구독 #서울달리기코스구독 #서울런 #seoul #서울달리기 #달리기 #run #running #marathon #마라톤 #서울 #서울지하철런 #seoulmetrorun... ,https://blog.naver.com/shjazz/222684229903,,시간미상,"정기,메트로,중앙,보훈,병원,모든,지하철역,어둠,촛불,호선,연장,개통,종합,운동장,중앙,보훈,병원,동아마라톤,중앙,일부"
서울달리기코스,"서울 러닝, 달리기 코스 추천! 북서울 꿈의 숲","있는 코스예요. 달린 후, 북서울 꿈의 숲 즐길 거리 출처 : 플리커 flickr.com/photos/digitalarch 북서울 꿈의 미술관은 달리기를 하기도 좋지만 다양한 즐길거리를 갖추고 있어 가족끼리 나들이, 혹은 커플로... ",https://blog.naver.com/traveldesigner/222141729532,,시간미상,"출처,플리커,미술관,가족,끼리,나들이,커플,출처,북서울꿈의숲,홈페이지,날씨,부쩍,러너,추위,아랑곳,제대로,여러,겨울,매력,바람"
서울달리기코스,"서울 달리기 코스 추천, 크루즈를 닮은 노들섬","org 서울 도심을 달리는 시티 러너들은 늘 새롭고 자신의 마음에 쏙 드는 러닝 코스를 찾기... 하지만 무엇보다도 노들섬 달리기는 서울의 중심인 용산, 노들섬에서 보는 한강뷰가 압도적이라 할 수 있어요.... ",https://blog.naver.com/traveldesigner/221899136933,,시간미상,"크루즈,노들섬,도심,시티,러너,자신,마음,찾기,무엇,노들섬,중심,용산,노들섬,한강,압도,출처,노들섬,공식,홈페이지,도심"
서울달리기코스,[달리기코스 정기구독(82)] 서울 메트로 런(31) 김포공항~서울역,역들 #구독 #정기구독 #구독서비스 #정기구독서비스 #달리기코스 #러닝코스 #runningcourse #달리기코스구독 #서울달리기코스구독서비스 #서울런 #seoulrun #seoul #서울달리기 #달리기 #run #running #marathon #마라톤... ,https://blog.naver.com/shjazz/222701593917,국내선,시간미상,"정기,메트로,김포공항,서울역,모든,지하철역,인생,연극,세계,무대,산울림,극장,입구,셰익스피어,고스톱,명절,간혹,한번,인터넷,게임"
서울달리기코스,러닝일지 240723 서울달리기 하프코스 준비 36회차,천천히 달리다보면 심박2존 안착하겠지 라는 마인드였으면 10k 달릴 뻔 누적거리 : 089 km #러닝 #달리기 #러닝일지 #기록일기 #운동일기 #7월러닝 #가민 #피닉스6s #러닝다이나믹포드 #RD #천변러너... ,https://blog.naver.com/oshow0626/223551236116,,밤,"일지,하프,달리,심박,안착,마인드,누적,기록,심박수,전날,리커버리,차례,프로그램,타이밍,심박,바로,대체,역시,타이밍,싸움"
서울달리기코스,2023 서울달리기 서울마라톤 동아마라톤 굿즈 코스소개... ,2023서울달리기 코스소개 2023 서울달리기 행사 개최 장소는 하프코스는 청계광장에서 시작하며 11k 코스는 서울광장에서 시작합니다. SEOUL RACE 하프코스는 오전 8시에 출발하며 11km 코스는 오전 8시 10분에... ,https://blog.naver.com/kiukiu911/223228508557,"청계광장,행사일정,분에,서울광장,시에","아침,오전","동아마라톤,행사,개최,장소,하프,청계,광장,광장,하프,오전,오전,대회,정표,지점,물품,보관,대해,설명,행사,개최"
서울달리기코스,[달리기코스 정기구독(20)] 인서울 대학교 탐방 런(3) 고려대... ,GPS Art(고양이) #구독 #정기구독 #구독서비스 #정기구독서비스 #달리기코스구독 #서울달리기코스구독 #서울런 #seoulrun #서울달리기 #달리기 #run #running #마라톤 #marathon #서울 #seoul # #크루고스트 #crewghost... ,https://blog.naver.com/shjazz/222642034536,대중교통으로,저녁,"정기,대학교,탐방,고려대,고양이,울안,모든,대학교,대학교,탐방,설계,기본,원칙,대학교,정문,고려대,성신여대,정문,날짜,학교"
서울달리기코스,서울마라톤 동아마라톤 42195 풀코스 달리기 완주후기 (영상... ,자세한 이야기는 #러닝해영 유튜브에 상세히 나와있어요! 생생한 영상으로 함께보시죠. 완주기념품 #러닝해영 #풀코스 #달리기 #달리기효과 #마라톤대회 #동아마라톤 #서울마라톤 #마라톤기록 #유산소운동,https://blog.naver.com/godud4132/223399103782,"광화문광장,순으로",새벽,"동아마라톤,완주,이야기,유튜브,상세,보시,완주,기념품,상세,유튜브,크리에이터,일요일,우리나라,하나,도전,벌써,도전,이제,완주,목표"
서울달리기코스,2016 서울달리기대회(SEOUL RACE) 하프코스 완주했습니다.,2016 서울달리기대회(SEOUL RACE) 하프코스 완주했습니다. 미즈노에서 후원하는 서울달리기대회에 참가하였습니다. 3년전 이곳에서 10km를 완주하고 메달을 받은 후 조금 더 장거리를 도전하기 위해서 하프코스에... ,https://blog.naver.com/kkil89/220840352314,"뒤에서,일제히,하프코스,찍고,뛰다보니,나중에,시에",오전,"대회,하프,완주,대회,하프,완주,미즈노,후원,대회,참가,완주,메달,조금,장거리,도전,위해,하프,대회,하프,완주"
서울달리기코스,마라톤 일정 접수 러닝 코스 기념품 하프마라톤 10km 5km 달리기,서울 라이프 마라톤 일정 접수 러닝 코스 기념품 하프마라톤 10km 5km 달리기 서울 라이프 마라톤은 전 세대가 함께 즐기고 경쟁하는 특별한 서울 마라톤 대회입니다. 오는 2024년 11월 17일 서울... ,https://blog.naver.com/qhadldhaus98/223586172136,"그룹,인근,기록은",시간미상,"일정,접수,기념품,하프마라톤,일정,접수,기념품,하프마라톤,세대,경쟁,대회,일정,접수,기념품,하프마라톤,세대,경쟁,대회,여의도,한강"
서울달리기코스,러닝일지 240418 서울달리기 하프코스 준비 06회차,일단 지금까지는 괜찮고 여름에 비가 많이 안오길 바라면서 오늘의 달리기 고고! 240418 회복주 14km... 누적거리 : 053 km #러닝 #달리기 #러닝일지 #기록일기 #운동일기 #가민 #피닉스6s #러닝다이나믹포드 #RD... ,https://blog.naver.com/oshow0626/223432194502,,밤,"일지,하프,일단,지금,여름,고고,회복,누적,기록,다리,회복,조깅,리기,위해,조금,다리,매일,습관,하루,전환"
서울달리기코스,[달리기코스 정기구독(39)]서울 달리기 코스 BEST 9 (5)... ,#구독 #정기구독 #구독서비스 #정기구독서비스 #달리기코스구독 #서울달리기코스구독 #서울달리기코스베스트9 #seoulrunningcoursebest9 #best9 #서울런 #seoulrun #서울달리기 #달리기 #run #running #마라톤 #marathon... ,https://blog.naver.com/shjazz/222661010883,점부터,밤,"정기,한강,남산,여의도,경의선,숲길,경춘선,숲길,안양천,도림천,탄천,양재천,중랑천,우이천,홍제천,불광천,청계천,정릉천,성북천,도림천"
서울달리기코스,[달리기코스 정기구독(59)] 인서울 대학교 탐방 런(8) 한성대... ,(창덕궁길) #구독 #정기구독 #구독서비스 #정기구독서비스 #달리기코스구독 #서울달리기코스구독 #서울런 #seoulrun #서울달리기 #달리기 #run #running #마라톤 #marathon #서울 #seoul #크루고스트 #crewghost #여행... ,https://blog.naver.com/shjazz/222679785296,,"오전,오후","정기,대학교,탐방,한성대,창덕궁,점심,식사,산책,오거,거의,걷기,식사,낮잠,오전,업무,기도,각종,스트레스,자고,머리"
서울달리기코스,[달리기코스 정기구독(40)] 인서울 대학교 탐방 런 (5) 동국대... ,#구독 #정기구독 #구독서비스 #정기구독서비스 #달리기코스구독 #서울달리기코스구독 #서울런 #seoulrun #서울달리기 #달리기 #run #running #마라톤 #marathon #서울 #seoul #크루고스트 #crewghost #여행... ,https://blog.naver.com/shjazz/222661819475,동국대학교를,시간미상,"정기,대학교,탐방,동국대,모든,대학교,대학교,탐방,설계,원칙,대학교,정문,재미,더하기,위해,가지,미션,수행,확행,행복"
서울달리기코스,[달리기 코스 정기구독(1)]서울 메트로 런(1)신설동~을지로 3가,#구독 #정기구독 #구독서비스 #달리기코스정기구독 #서울달리기코스정기구독 #서울런 #seoulrun #seoul #서울지하철런 #서울메트로런 #서울의모든지하철역을달려서가보자 #크루고스트 #crewghost #서울 #seoulmetrorun... ,https://blog.naver.com/shjazz/222627249551,신설동역을,시간미상,"정기,메트로,신설,을지로,모든,지하철역,모든,지하철역,매력,도시,구석,구석,어디,가도,즐거움,재미,과연,전철역,따라서,달리"
서울달리기코스,서울러닝코스_10km... 러닝코스 달리기~ 편도 4km정도 된다.... ,#송정제방길러닝코스_10km #송정제방길달리기코스_10km #송정제방길_벚꽃명소 #송정제방길_은행나무단풍명소 #수퍼주니어_성수팝업 #서울러닝코스_10km #서울달리기코스_10km 서울을 워킹하자. 워킹하면 서울이... ,https://blog.naver.com/pccidjyj/223991441829,성동교,시간미상,"편도,워킹,워킹,워킹,송정,제방,지난주,중랑천,송정,제방,편도,달린다,뚝섬역,군자,성동구,영역,실제,편도,광진구,장평"
서울달리기코스,복된 삶 누리시기 빕니다. &lt;서울의 달리기 코스 베스트9&gt;,#마라톤 #달리기코스 ◇달리기 코스 : 서울 달리기 코스 베스트 9◇ (1) 한강 (2) 남산 (3) 여의도 (4) 경의선 숲길 &amp; 경춘선 숲길 (5) 안양천-도림천 (6) 탄천-양재천 (7) 중랑천-우이천 (8) 홍제천-불광천 (9) 청계천... ,https://blog.naver.com/dream21pkh/223279889646,,"아침,저녁","누리,시기,베스트,베스트,한강,남산,여의도,경의선,숲길,경춘선,숲길,안양천,도림천,탄천,양재천,중랑천,우이천,홍제천,불광천,청계천"
서울달리기코스,러닝일지 240531 서울달리기 하프코스 준비 16회차,아웃솔 붙여서 출시해주시면 2컬레 무조건 구매합니다요~~~~ 달리기를 여유롭게 뛴만큼 쿨다운... 달성^^;) #러닝 #달리기 #러닝일지 #기록일기 #운동일기 #가민 #피닉스6s #러닝다이나믹포드 #RD #천변러너... ,https://blog.naver.com/oshow0626/223466816245,,"저녁,밤","일지,하프,아웃,출시,컬레,무조건,구매,다운,달성,기록,리커버리,저녁,창밖,문득,우산,맑은,날씨,우산,크게,의치"
서울달리기코스,러닝일지 240616 서울달리기 하프코스 준비 22회차,"01km 국군의날런 타이밍 좋게 10월 01일 국군의날, 10km 달리기 안성맞춤 몸이 가볍다 싶었는데 역시나... 빠이띵이야~ 누적거리 : 58 km #러닝 #달리기 #러닝일지 #기록일기 #운동일기 #가민 #피닉스6s... ",https://blog.naver.com/oshow0626/223484941934,,밤,"일지,하프,국군의날,타이밍,국군의날,안성맞춤,역시,빠이띵,누적,기록,호국,보훈,린지,주로,무척,워밍업,스트레칭,과정,얼마,상태"
서울달리기코스,러닝일지 240618 서울달리기 하프코스 준비 23회차,다음 러닝화로 찜꽁했다가 잠시 멘붕이 오기는 했지만 프리덤4는 정말 명작이었던 걸로~ 누적거리 : 77 km #러닝 #달리기 #러닝일지 #기록일기 #운동일기 #가민 #피닉스6s #러닝다이나믹포드 #RD #천변러너... ,https://blog.naver.com/oshow0626/223486125090,마치고,밤,"일지,하프,다음,화로,잠시,멘붕,오기,프리덤,정말,명작,누적,기록,호국,보훈,린지,국군,이제,년도,차례,잠시"
서울달리기코스,서울마라톤 대회 하프마라톤 서울달리기 후기 코스 정보,"서울달리기 하프코스, 11km 정보 11km 코스 11km는 광화문 경복궁을 한 바퀴 돌고 쭉 내려와서 을지로 1가-5가 쪽을 계속 뛰고 복귀. 하프 코스 하프코스는 을지로 1-5 가는 동일 거기서 청계천을 따라서 쭉 따라... ",https://blog.naver.com/shorty_/223578129470,"맡기고,그리고,모여서,서울광장","아침,오전","대회,하프마라톤,하프,광화문,경복궁,바퀴,을지로,계속,복귀,하프,하프,을지로,동일,거기,청계천,따라서,예지,대회,대회,하프마라톤"
서울달리기코스,[달리기코스 정기구독(65)] 서울 메트로 런(23) 북한산우이... ,성북천 #구독 #정기구독 #구독서비스 #정기구독서비스 #달리기코스구독 #서울달리기코스구독 #서울런 #seoul #서울달리기 #달리기 #run #running #marathon #마라톤 #서울 #서울지하철런 #seoulmetrorun... ,https://blog.naver.com/shjazz/222685061955,,시간미상,"정기,메트로,북한,우이,성북천,모든,지하철역,소나무,송이버섯,송진,송충이,헌법재판소,백송,정이품송,남대문,경복궁,금강송,하나,단어,연상"
서울달리기코스,러닝일지 240613 서울달리기 하프코스 준비 21회차,km #러닝 #달리기 #러닝일지 #기록일기 #운동일기 #가민 #피닉스6s #러닝다이나믹포드 #RD #천변러너 #야간러너 #갱런 #갱런6기 #바이탈솔루션 #브이솔 #브이솔런클럽4기 #VSOL #미드풋러너 #쿠션화 #써코니... ,https://blog.naver.com/oshow0626/223483539252,,밤,"일지,하프,기록,호국,보훈,린지,이제,슬슬,마음,대한,양보,계단,기도,간간이,보강,조깅,최대한,만큼,예전,조깅"
서울달리기코스,[달리기코스 정기구독(32)] 인서울 대학교 탐방 런(4) 경희대... ,#구독 #정기구독 #구독서비스 #정기구독서비스 #달리기코스구독 #서울달리기코스구독 #서울런 #seoulrun #서울달리기 #달리기 #run #running #마라톤 #marathon #서울 #seoul #크루고스트 #crewghost #여행 #runanywhere... ,https://blog.naver.com/shjazz/222654718636,,시간미상,"정기,대학교,탐방,경희대,모든,대학교,대학교,탐방,설계,원칙,대학교,정문,정릉천,크루,동생,날짜,학교,경희대,한국,외국어대"
서울달리기코스,러닝일지 240626 서울달리기 하프코스 준비 28회차,운동기록 240626 45분 달리기 호국보훈러닝챌린지를 하면서 이제 본격적으로 대회를 준비하기... 45분 달리기 45분 달리기인데 페이스는 나에게 편안한 조깅페이스 대신 마지막 10분은 템포런 사실 이게 될줄... ,https://blog.naver.com/oshow0626/223506045320,,밤,"일지,하프,기록,호국,보훈,린지,이제,본격,대회,조깅,대신,마지막,템포,사실,기록,호국,보훈,린지,이제,본격"
서울달리기코스,달리기 최고의 코스는 바로 가평,무엇보다도 가평의 달리기 코스는 그 자체로 보상이다. 자라섬을 수놓은 계절의 꽃들 북한강변을 따라 펼쳐진 아름다운 풍경 옛 철길을 개조한 자전거 전용도로 가평 체육관의 400m 정식 트랙까지 서울에서는... ,https://blog.naver.com/otmtech/223985445821,,아침,"최고,바로,가평,무엇,가평,자체,보상,자라섬,계절,북한,강변,풍경,철길,개조,자전거,전용,도로,가평,체육관,정식"
서울달리기코스,"서울러닝코스_10km, 잠수교... 러닝코스 달리기~ 잠수교에서... ",#잠수교_한남동_옥수동러닝코스_10km #잠수교_한남동_옥수동달리기코스_10km #반포대교_무지개분수 #상의탈의러닝 #서울러닝코스_10km #서울달리기코스_10km 서울을 워킹하자. 워킹하면 서울이 보인다. 서울걷기는... ,https://blog.naver.com/pccidjyj/223994164681,"잠수교에서,잠수교",저녁,"잠수교,잠수교,워킹,워킹,걷기,워킹,잠수교,한남동,옥수동,달린다,습도,그늘,달린다,잠수교,옥수동,동호대교,아래,동호대교,잠수교,저녁"
서울달리기코스,러닝일지 240829 서울달리기 하프코스 준비 51회차,누적거리 : 103 km #러닝 #달리기 #러닝일지 #기록일기 #운동일기 #가민 #피닉스6s #러닝다이나믹포드 #RD #천변러너 #야간러너 #갱런 #갱런6기 #바이탈솔루션 #브이솔 #브이솔런클럽4기 #VSOL #8월러닝... ,https://blog.naver.com/oshow0626/223578289320,,밤,"일지,하프,누적,기록,변속,날씨,별수,주일,단순,조금,들것,뭔가,다른,고민,계획,조금,달리,조금,파틀렉,주일"
서울달리기코스,2026 지구런 접수 서울 마라톤 일정 5km 10km 달리기 러닝 대회,"한강과 도심을 함께 볼 수 있는 서울 러닝 코스라서 풍경도 좋고요. ✔️ 자전거길과 산책로 혼용 ✔️ 병목 구간 발생 가능 5km 달리기 코스는 좀 더 짧고 단순한 반환 코스라서 러닝 입문자, 가족이나... ",https://blog.naver.com/00dkfmal/224244320637,여의도공원을,"아침,오전,저녁","지구,접수,일정,대회,한강,도심,풍경,자전거,산책로,혼용,병목,발생,가능,반환,입문,가족,일정,지구,접수,요즘"
서울달리기코스,"퇴원 36일차, 서울 남산 달리기+제이쎄노 코스팀 그룹 미팅","2024년 7.13.(토) 사고 60일째(수술 54일째), 퇴원 36일차, 서울 남산 달리기+제이쎄노 코스팀 그룹 미팅 아침 4시 기상. 제이쎄노 코스팀 그룹 미팅을 위해 5:33분 ktx 타고 서울행. 서울역 도착... ",https://blog.naver.com/ddoddina/223511785011,,아침,"퇴원,남산,제이,그룹,미팅,사고,수술,퇴원,남산,제이,그룹,미팅,아침,기상,제이,그룹,미팅,위해,타고,서울역"
서울달리기코스,"서울러닝코스_10km, 관악산, 서울대 러닝코스 달리기~ 서울대... ",#관악산_서울대러닝코스_10km #관악산_서울대달리기코스_10km #관악산정상이동매점 #관악산_서울대왕복트레일5km #서울러닝코스_10km #서울달리기코스_10km 서울을 워킹하자. 워킹하면 서울이 보인다. 서울걷기는... ,https://blog.naver.com/pccidjyj/224014407046,서울대입구,시간미상,"관악산,서울대,서울대,워킹,워킹,걷기,워킹,관악산,서울대,서울대,교정,관악산,자꾸,관악산,버스,타고,서울대,건설,환경,종합"
서울달리기코스,[달리기코스 정기구독(49)] 서울 달리기 코스 BEST 9 (7)... ,"(출처: New마라톤 교본, 가와고에 마나부 저, 삼호미디어) #구독 #정기구독 #구독서비스 #정기구독서비스 #달리기코스구독 #서울달리기코스구독 #서울달리기코스베스트9 #seoulrunningcoursebest9 #best9 #서울런... ",https://blog.naver.com/shjazz/222669746705,,시간미상,"정기,출처,교본,마나,미디어,한강,남산,여의도,경의선,숲길,경춘선,숲길,안양천,도림천,탄천,양재천,중랑천,우이천,홍제천,불광천"
서울달리기코스,2024 서울레이스(서울달리기) 기념품 택배 언박싱,서울레이스 (서울달리기) 코스 하프 &amp; 11km 광화문 경복궁 남대문 을지로 다 도는데 어케 참죠??? 이 러닝붐이 언제까지 이어질지 모르겠지만.. 내년에 또 신청할 수 있다는 보장이 없기에 혼자라도 참가하기로... ,https://blog.naver.com/dardal2/223597744282,,시간미상,"레이스,기념품,택배,언박싱,레이스,하프,광화문,경복궁,남대문,을지로,어케,언제,내년,신청,보장,참가,개최,레이스,기념품,신청"
서울달리기코스,[달리기코스 정기구독(73)] 인서울 대학교 탐방 런(10)동덕여대... ,우이역) #구독 #정기구독 #구독서비스 #정기구독서비스 #달리기코스구독 #서울달리기코스구독 #서울런 #seoulrun #서울달리기 #달리기 #run #running #마라톤 #marathon #울트라마라톤 #ultramarathon... ,https://blog.naver.com/shjazz/222692295586,서울꿈의숲을,오전,"정기,대학교,탐방,동덕여대,우이,양적,축적,질적,확대,헤겔,울트라,특정,대회,특정시,공식,대회,한국,제주,국제,울트라마라톤"
서울달리기코스,"[달리기코스 정기구독(117)] 트랙런 Track Run(2)_서울,경기... ","서울, 경기, 인천광역시 트랙 달리기 #구독 #정기구독 #구독서비스 #정기구독서비스 #달리기코스구독 #서울달리기코스구독 #달리기 #서울달리기 #서울런 #seoulrun #트랙달리기 #트랙런 #트랙 #육상트랙 #track... ",https://blog.naver.com/shjazz/222817221880,"마포구청,효창공원앞,공릉,성균관대","아침,오전,저녁","정기,트랙,경기,경기,인천광역시,트랙,제대로,대회,춘천,선착순,추첨,접수,코로나,상황,악화,주로,춘천,달리,대회,참가"
서울달리기코스,[서울달리기 11K] 코스착각한 바보가 있다,"작년 오프라인 첫대회가 서울달리기 하프였는데, 이번엔 11K로 신청을 했다. 어찌보면 대회 복귀신고!... 개인적으로 코스는 서울하프마라톤과 오늘 달린 서울달리기 코스를 좋아한다! 특히 서울달리기... ",https://blog.naver.com/jaeukzzang/223231126201,"우르르,시점이다",시간미상,"착각,바보,작년,오프라인,대회,하프,신청,어찌,대회,복귀,신고,개인,하프마라톤,작년,오프라인,대회,하프,신청,어찌,대회"
서울달리기코스,[달리기코스 정기구독(13)] 인서울 대학교 탐방 런(2) 서강대... ,달리기 #구독 #정기구독 #구독서비스 #정기구독서비스 #달리기코스구독 #서울달리기코스구독 #인서울대학교정문터치런 #인서울대학 #서울런 #seoulrun #서울달리기 #달리기 #run #running #마라톤 #marathon #서울... ,https://blog.naver.com/shjazz/222636233414,,"오전,저녁","정기,대학교,탐방,서강대,명상,역시,고등학교,시절,입시,스트레스,스트레스,농구,게임,일종,정신,스트레스,육체,해소,정신과,육체"
서울달리기코스,러닝일지 240506 서울달리기 하프코스 준비 11회차,km #러닝 #달리기 #러닝일지 #기록일기 #운동일기 #가민 #피닉스6s #러닝다이나믹포드 #RD #광주천변달리기 #천변러너 #야간러너 #갱런 #갱런6기 #바이탈솔루션 #브이솔 #브이솔런클럽4기 #VSOL #미드풋러너... ,https://blog.naver.com/oshow0626/223451865776,,밤,"일지,하프,기록,욕심,크게,달성,일단,간이,목표,도달,그거,만족,욕심,괜시리,분명,지금,부상,재활,의학,방문"
서울달리기코스,러닝일지 240415 서울달리기 하프코스 준비 05일차,아껴서 달리기로~ 날씨가 조금씩 더워지는 느낌이 벌써부터 걱정이다 잘 먹고 잘 회복해서 장거리 러닝도 준비해보자~~~~ 누적거리 : 039 km #러닝 #달리기 #러닝일지 #기록일기 #운동일기 #가민 #피닉스6s... ,https://blog.naver.com/oshow0626/223431180157,,밤,"일지,하프,날씨,느낌,벌써,걱정,장거리,누적,기록,리기,인스타그램,스피드,단순,속주,계속,절대로,마음,이제,크게,의치"
서울달리기코스,[달리기코스 정기구독(7)] 인서울 대학교 탐방 런(1)-서울대학교,(35km 지점에서 마시는 콜라 맛은 드셔 본 분만 압니다) #구독 #정기구독 #구독서비스 #달리기코스구독 #서울달리기코스구독 #인서울대학교정문터치런 #인서울대학 #서울대학교 #달리기 #서울달리기... ,https://blog.naver.com/shjazz/222632214496,,시간미상,"정기,대학교,탐방,서울대학교,지점,콜라,분만,압니,호선,도림천역,도림천,안양천,합류,지점,도림천,상류,거슬러,신도림역,도림천,철도"
서울달리기코스,러닝일지 240611 서울달리기 하프코스 준비 20회차,일단 RD 배터리부터 교체해보기로 누적거리 : 32 km #러닝 #달리기 #러닝일지 #기록일기 #운동일기 #가민 #피닉스6s #러닝다이나믹포드 #RD #천변러너 #야간러너 #갱런 #갱런6기 #바이탈솔루션 #브이솔... ,https://blog.naver.com/oshow0626/223480985366,,밤,"일지,하프,일단,배터리,교체,누적,기록,호국,보훈,린지,잠시,린지,사실,목표,달리,추가,달리,사실,깨달,린지"
서울달리기코스,러닝일지 240907 서울달리기 하프코스 준비 55회차,위한 달리기를 계획했던 것인데 약간 욕심이 과했던 모양 ㅎㅎㅎ 날도 좋지 못한 탓에 이래저래 몸만 더 무거워지는 거 아닌가 몰라 그래도 달리기로 무거워진 몸 상태이기 때문에 조금더 가볍게 달려주면... ,https://blog.naver.com/oshow0626/223589280305,,밤,"일지,하프,계획,약간,욕심,모양,무거워,상태,이기,조금,기록,휴식,휴식,조금,날씨,무리,나름,나름,풀기,계획"
서울달리기코스,서울달리기 (Seoul Race) 하프코스 첫 도전후기,Half코스 참여자 부터 앞으로 달리기 완주 후 폭신한 의자에서 쉬어가기 누워서 나눠준 빵 간식을 먹었다. 트로트 가수 박군님의 축하 공연 달리다 보니 20대에 알바하던 SK텔레콤 건물 #서울마라톤 #seoulrace... ,https://blog.naver.com/grace3674/222896284130,,오전,"하프,도전,참여자,부터,완주,신한,의자,간식,트로트,가수,박군,축하,공연,달리,알바,텔레콤,건물,여명,참여,레이스"
서울달리기코스,[달리기코스 정기구독(80)] 서울 메트로 런(30) 온수... ,v=d-xDvCr6nxM 무모한 도전(2021) 지나간 지하철 역들 #구독 #정기구독 #구독서비스 #정기구독서비스 #달리기코스 #달리기코스구독 #서울달리기코스구독서비스 #서울런 #seoulrun #seoul #서울달리기 #달리기... ,https://blog.naver.com/shjazz/222699588198,,시간미상,"정기,메트로,온수,도전,지하철,모든,지하철역,도전,시즌,전철,인간,고등학교,체력장,대입,점수,반영,만점,종목,미터,제자리"
서울달리기코스,[달리기 코스 정기구독(116)] 트레일런(11) 서울에 있는... ,팔각당 #구독 #정기구독 #구독서비스 #정기구독서비스 #달리기코스구독 #서울달리기코스구독 #서울런 #seoulrun #서울달리기 #달리기 #run #running #marathon #마라톤 #서울 #seoul #트레일러닝 #trailrunning #팔각정... ,https://blog.naver.com/shjazz/222805726760,,"아침,오전","정기,트레일,팔각당,조선,독립국,조선인,주민,선언,기미독립선언서,지하철,호선,객차,호선,타고,명소,안내,판넬,종로,탑골,탑골"
서울달리기코스,러닝일지 240926 서울달리기 하프코스 준비 64회차,운동기록 240926 조깅 및 페이스주 3+1 km 달리기 때 아닌 감기로 인해서 온몸이 약기운에 지배를 받는... km #러닝 #달리기 #러닝일지 #기록일기 #운동일기 #가민 #피닉스6s #러닝다이나믹포드 #RD #천변러너... ,https://blog.naver.com/oshow0626/223610722702,,밤,"일지,하프,기록,조깅,페이,스주,감기,온몸,기운,지배,기록,조깅,페이,스주,감기,온몸,기운,지배,상황,며칠"
서울달리기코스,서울러닝코스_10km... 러닝코스 달리기~ 군대 제대를 앞둔... ,#올림픽공원_몽촌토성러닝코스_10km #올림픽공원_몽촌토성달리기코스_10km #몽촌토성나홀로나무 #서울러닝코스_10km #서울달리기코스_10km 서울을 워킹하자. 워킹하면 서울이 보인다. 서울걷기는 보물찾기다.... ,https://blog.naver.com/pccidjyj/223956552893,씩씩하게,시간미상,"군대,제대,워킹,워킹,걷기,보물찾기,워킹,올림픽,몽촌토성,남부,지방,폭우,피해,땡볕,다음주,말년,병장,조카,바리,자신감"
서울달리기코스,[달리기코스 정기구독(66)] 인서울 대학교 탐방 런(9)... ,서울시립대학교 세종대학교 건국대학교 한양대학교 한양대학교 노천극장 중랑천 살곶이 다리 #구독 #정기구독 #구독서비스 #정기구독서비스 #달리기코스구독 #서울달리기코스구독 #서울런 #seoulrun... ,https://blog.naver.com/shjazz/222685970281,,시간미상,"정기,대학교,탐방,시립대,학교,세종대,학교,건국,대학교,학교,학교,노천,극장,중랑천,살곶,다리,여성,당신,난로,그게"
서울달리기코스,러닝일지 240529 서울달리기 하프코스 준비 15회차,그리고 이럴 땐 짧은 거리보다는 조금 길게 달려야 앞서 느꼈던 발구름을 다시 기억해낼 수 있기에 멍~하니 달리기보다는 전날의 러닝을 되새기면서 달리기 고고~~ 240529 접촉시간 줄이기 14km 페이스에... ,https://blog.naver.com/oshow0626/223465658682,,밤,"일지,하프,조금,앞서,구름,다시,기억,하니,전날,고고,접촉,기록,접촉,정복,요소,하나,하루,허벅지,조금,느낌"
서울달리기코스,[달리기코스 정기구독(54)] 인서울 대학교 탐방 런(7) 서울여대... ,경춘선숲길공원 #구독 #정기구독 #구독서비스 #정기구독서비스 #달리기코스구독 #서울달리기코스구독 #서울런 #seoulrun #서울달리기 #달리기 #run #running #마라톤 #marathon #서울 #seoul #크루고스트 #crewghost #여행... ,https://blog.naver.com/shjazz/222674283718,,시간미상,"정기,대학교,탐방,여대,경춘선,숲길,요즘,스물,다섯,스물,하나,드라마,보고,나희,김태리,펜싱,국가대표,선수,아버지,말씀"
서울달리기코스,러닝일지 240425 서울달리기 하프코스 준비 07회차,어째 우리나라 기후가 열대성으로 넘어가는 느낌적인 느낌 이러면 달리기하기에 좋은 날씨가 아닌게... 결론은 4분대페이스까지 끌어올리는데는 실패 했다는 현실 누적거리 : 069 km #러닝 #달리기 #러닝일지... ,https://blog.naver.com/oshow0626/223436524721,분명,밤,"일지,하프,어째,우리나라,기후,대성,느낌,느낌,날씨,결론,실패,현실,누적,기록,리기,자꾸,발목,어째,우리나라,기후"
서울달리기코스,러닝일지 240731 서울달리기 하프코스 준비 40회차,7월 마지막날 즐겁게 빌드업 깔끔히 마무리하고 그저 8월엔 부디 폭염이 없기를 바라는 마음 누적거리 : 130 km #러닝 #달리기 #러닝일지 #기록일기 #운동일기 #7월러닝 #가민 #피닉스6s #러닝다이나믹포드 #RD... ,https://blog.naver.com/oshow0626/223559572964,맞춰진,밤,"일지,하프,마지막,빌드업,마무리,부디,폭염,마음,누적,기록,빌드업,슬슬,프로그램,강도,미션,빌드업,간간이,제대로,느낌,부터"
서울달리기코스,2025.10.12 서울달리기 하프코스 (알트라 베니쉬카본1),2025.10.12 서울 달리기 하프코스 참가. . 선착순마감 대회신청은 참 잘해서. 연습없이 늘 나가고 있는 요즘. . 그래도 오늘의 목표는 걷지 않기. 6분 페이스로 달리기 괜찮다면 2시간 5분 언더 목표 이게 나의... ,https://blog.naver.com/qw21er43/224043426905,,시간미상,"하프,알트,베니,카본,하프,참가,선착순,마감,대회,신청,연습,요즘,목표,목표,하프,참가,선착순,마감,대회,신청"
서울달리기코스,[달리기코스 정기구독(28)] 서울 달리기 코스 BEST 9(1)한강... ,안양천-한강 합수부 (9)한강을 달리는 모습 #구독 #정기구독 #구독서비스 #정기구독서비스 #달리기코스구독 #서울달리기코스구독 #서울달리기코스베스트9 #seoulrunningcoursebest9 #best9 #서울런 #seoulrun... ,https://blog.naver.com/shjazz/222651461633,,밤,"정기,한강,안양천,한강,한강,모습,베스트,한강,가장,즐거움,하나,춘하,사계절,동영상,혜은이,가수,강교,노래,강물,강교"
서울달리기코스,러닝일지 240411 서울달리기 하프코스 준비 03일차,근래들어 내가 달리기를 하지 못하게 된 근본적인 원인은 비오는 날이 너무 잦아졌다는 사실 원래... 일단 나부터 조금은 조심해서 착용해보기로...^^ 누적거리 : 024 km #러닝 #달리기 #러닝일지 #기록일기... ,https://blog.naver.com/oshow0626/223421155396,,밤,"일지,하프,근래,근본,원인,사실,원래,일단,조금,착용,누적,기록,조깅,간만,만큼,빌드업,조깅,조금,살이,타이즈"
서울달리기코스,축제 신청 방법 뚝섬한강공원 수영 자전거 달리기 코스 총정리,https://www.sium-sium.com/ #한강3종축제 #쉬엄쉬엄한강3종축제 #뚝섬한강공원 #한강수영대회 #서울6월축제 #한강자전거코스 #한강달리기 #따릉이축제 #서울축제추천 #네이버예약,https://blog.naver.com/0111khh/224235523963,"뚝섬한강공원,한강공원에서",오후,"축제,신청,뚝섬,한강,수영,자전거,정리,서울시,주최,쉬엄쉬엄,한강,축제,뚝섬,한강,일대,축제,수영,자전거,본인,체력"
서울달리기코스,"[달리기코스 정기구독(57)] 트랙런 Track Run(1)_서울,경기... ","6) 서울,경기,강원 9개 트랙 달리기 #구독 #정기구독 #구독서비스 #정기구독서비스 #달리기코스구독 #서울달리기코스구독 #달리기 #트랙달리기 #트랙런 #트랙 #trackrun #서울대트랙 #한양대트랙... ",https://blog.naver.com/shjazz/222677149306,,시간미상,"정기,트랙,경기,경기,강원,트랙,즐런,한강,훈런,트랙,장거리,목표,기록,체계,기적,트랙,인터,속주,가속,최적"
서울달리기코스,[달리기코스 정기구독(27)] 서울 달리기 코스 BEST 9 (1) 한강... ,#구독 #정기구독 #구독서비스 #정기구독서비스 #달리기코스구독 #서울달리기코스구독 #서울달리기코스베스트9 #seoulrunningcoursebest9 #best9 #서울런 #seoulrun #서울달리기 #달리기 #run #running #마라톤 #marathon... ,https://blog.naver.com/shjazz/222650293280,"합정역,당산역,마포대교를,당산역을",밤,"정기,한강,여러,가장,선정,한강,남산,여의도,경의선,숲길,경춘선,숲길,안양천,도림천,탄천,양재천,중랑천,우이천,홍제천,불광천"
서울달리기코스,[달리기코스 정기구독(36)] 서울 달리기 코스 BEST 9 (4)... ,숲길 #구독 #정기구독 #구독서비스 #정기구독서비스 #달리기코스구독 #서울달리기코스구독 #서울달리기코스베스트9 #seoulrunningcoursebest9 #best9 #서울런 #seoulrun #서울달리기 #달리기 #run #running #마라톤 #marathon... ,https://blog.naver.com/shjazz/222658723657,,오전,"정기,숲길,베스트,한강,남산,여의도,경의선,숲길,경춘선,숲길,안양천,도림천,탄천,양재천,중랑천,우이천,홍제천,불광천,청계천,정릉천"
서울달리기코스,[달리기코스 정기구독(95)] 서울 달리기 코스 BEST9(9)청계천... ,6 성북천 #구독 #정기구독 #구독서비스 #정기구독서비스 #달리기코스구독 #서울달리기코스구독 #서울달리기코스베스트9 #seoulrunningcoursebset9 #best9 #서울런 #seoulrun #서울달리기 #달리기 #run #running... ,https://blog.naver.com/shjazz/222715434472,"북악산,정릉동",저녁,"정기,청계천,성북천,한강,남산,여의도,경의선,숲길,경춘선,숲길,안양천,도림천,탄천,양재천,중랑천,우이천,홍제천,불광천,청계천,정릉천"
서울달리기코스,26-35회차 서울식물원 17km 코스 건강 달리기 (26. 3.5),금일 훈련 소감 달리기는 특별한 일이 없는한 항상 격주로 운동하는 편이다. 한참 때에는 부담... 금일 훈련 내용 - 서울식물원 17.09km - 코스/서울물공원&amp;센터-서울식물원 일원 - 훈련 시간 / 07:15∼08... ,https://blog.naver.com/junopark0929/224205652103,,아침,"식물원,건강,금일,소감,항상,격주,편이,한참,부담,금일,식물원,센터,식물원,일원,금일,소감,항상,격주,편이,한참"
서울달리기코스,러닝일지 240720 서울달리기 하프코스 준비 34회차,운동기록 240720 가볍게 달리기 7km 미친듯한 폭염이 반복되고 앞이 안보일정도로 쏟아지는 폭우와... 누적거리 : 061 km #러닝 #달리기 #러닝일지 #기록일기 #운동일기 #7월러닝 #가민 #피닉스6s... ,https://blog.naver.com/oshow0626/223548141862,,밤,"일지,하프,기록,폭염,반복,안보,일정,도로,폭우,누적,기록,폭염,반복,안보,일정,도로,폭우,머리,소나기,한창"
서울달리기코스,"서울 달리기 코스 추천! 봄엔 유채꽃, 가을에는 메밀꽃 피는... ",출처 : 한국관광공사 홈페이지 서울은 달릴 수 있는 매력적인 공간이 참으로 많습니다. 평소에... 부여하는 달리기 코스이기도 하죠. 섬이라 보든 면이 바다로 둘러 싸여 있는 환경이 바다 위에 떠 있는... ,https://blog.naver.com/traveldesigner/221970335748,"어디서나,러닝코스의,구반포",밤,"유채꽃,가을,메밀,출처,한국,관광,공사,홈페이지,매력,공간,참으로,평소,부여,바다로,환경,바다,출처,한국,관광,공사"
서울달리기코스,2023 서울레이스(서울달리기) 하프 코스 완주,주관적 2023서울달리기 평가 보급: 굿 통제: 굿 코스난이도: 쉬움 페이스메이커: 잘 안보임 ㅠㅠ 완주 간식 힘쓴 내 다리 어쨌든 잘 완주해서 기분이 너무 좋다!! 남편 기록 가민 페이스 기록도 한번... ,https://blog.naver.com/limonada143/223231088131,,"아침,오전","레이스,하프,완주,주관,평가,보급,통제,난이도,쉬움,페이스메이커,완주,간식,다리,어쨌든,완주,기분,남편,기록,기록,한번"
서울달리기코스,[달리기코스 정기구독(34)] 트레일런(4)JTBC트레일서울157K... ,(도착지) #구독 #정기구독 #구독서비스 #정기구독서비스 #달리기코스구독 #서울달리기코스구독 #서울런 #seoulrun #서울달리기 #달리기 #run #running #마라톤 #marathon #서울 #seoul #트레일러닝 #trailrunning... ,https://blog.naver.com/shjazz/222656962474,없으므로,시간미상,"정기,트레일,트레일,둘레길,트레일,대면,신청,오픈,일인,신청,도성,트레일,러너,한번,로드,다른,매력,둘레길,트레일,날짜"
서울달리기코스,보스턴 영웅 마라톤 서울 코스... 덜가는 코스 런닝 달리기 접수,보스턴 영웅 마라톤 서울 코스 무릎에 무리가 덜가는 코스 런닝 달리기 접수 이 글의 핵심 접수 마감: 2026년 2월 19일(목)까지 (선착순 마감 주의) 대회 일시: 2026년 2월 28일(토) 오전 9시 상암 월드컵공원 신청... ,https://blog.naver.com/the_od/224181662661,찾다가,"아침,오전","보스턴,영웅,런닝,접수,보스턴,영웅,무릎,무리,런닝,접수,핵심,접수,마감,선착순,마감,주의,대회,일시,오전,상암"
서울달리기코스,[달리기코스 정기구독(48)] 트레일런(6) JTBC트레일서울157K... ,한강 #구독 #정기구독 #구독서비스 #정기구독서비스 #달리기코스구독 #서울달리기코스구독 #서울런 #seoulrun #서울달리기 #달리기 #run #running #marathon #마라톤 #서울 #seoul #트레일러닝 #trailrunning #서울둘레길... ,https://blog.naver.com/shjazz/222668756529,,밤,"정기,트레일,트레일,한강,둘레길,대가,인생,전환,가지,사건,하나,평생,정해진,하나,독서,별로,금방,며칠,금방,회복"
서울달리기코스,[달리기코스 정기구독(41)] 트레일런(5)JTBC트레일서울157K... ,스탬프 #구독 #정기구독 #구독서비스 #정기구독서비스 #달리기코스구독 #서울달리기코스구독 #서울런 #seoulrun #서울달리기 #달리기 #run #running #마라톤 #marathon #서울 #seoul #트레일러닝 #trailrunning... ,https://blog.naver.com/shjazz/222662756447,,시간미상,"정기,트레일,트레일,스탬프,둘레길,둘레길,트레일,날짜,둘레길,북한,도봉산,강북구,도봉구,성북구,은평구,종로구,북한,둘레길,이용,통과"
서울달리기코스,2023서울달리기 하프코스 마라톤을 완주했습니다.,"다행히도 천천히만 달리면 그래도 달리기에 참여해도 되지 않을까 싶은 정도로 여겨졌기에 아침 일찍 서울로 나섰습니다. 처음 뛰어본 하프코스 마라톤이었고, 몸 컨디션도 좋지는 않았음에도 다행히 무사히... ",https://blog.naver.com/braincomfort/223231443622,"하프코스,점이었습니다","아침,오전,저녁","하프,완주,달리,참여,아침,일찍,처음,하프,컨디션,동아일보사,주최,참가,제일,멀리,라모,청계,광장,하프,지점,오세훈"
서울달리기코스,[서울 한강 러닝 코스 추천]... 더위 피하는 대교 밑 그늘 달리기,♀️♂️ #한강러닝코스추천 #여의도러닝코스 #한강그늘러닝 #더운날러닝코스 #여름한강달리기 #주말러닝코스 #부부러닝 #하프마라톤후기 #마인드컨트롤러닝 #러닝기분전환 #한강다리밑그늘 #초보러닝코스... ,https://blog.naver.com/h_story84/224265903293,"그리고,부근,부근에서",시간미상,"한강,더위,피하,대교,그늘,일상,에너지,기운,만끽,한낮,요즘,야외,사랑,러너,햇빛,슬슬,가장,복병,시기,사실"
서울달리기코스,서울달리기 Seoul Race 하프코스 46 ... 18/10/14,"서울달리기 하프코스를 달리고 왔습니다. 코스는 예년과 동일합니다. 시청앞 광장 출발, 광화문, 동대문 거쳐 청계천, 한강주로로 나가서 반환후 뚝섬 골인하는 코스입니다. 전반 서울 대로를 달리는... ",https://blog.naver.com/smhw0114/221377921548,"맡기고,광장,광화문이,시청","아침,오전,오후,저녁","하프,하프,달리,예년,시청,광장,광화문,동대문,청계천,한강,주로,반환,뚝섬,골인,전반,대로,하프,달리,예년,시청"
서울달리기코스,서울 5km 달리기 러닝 코스 추천 석촌호수 왜 뛰는지 알겠네♂️,부지런 매일 달리기 4일차 오늘은 원래 퇴근하고 바로 한강 공원 나가서 뛰려고 했는데 오랜만에 친한... 오늘의 러닝 추천 코스 석촌호수 석촌호수는 바닥이 푹신푹신한 탄성 좋은 소재라 발목 약하신 분들도... ,https://blog.naver.com/bbirang_/223073996239,,아침,"석촌호수,부지런,매일,원래,퇴근,바로,한강,석촌호수,석촌호수,바닥,탄성,소재,발목,부지런,매일,원래,퇴근,바로,한강,동생"
서울달리기코스,서울러닝코스_10km... 러닝코스 달리기~ 능동 어린이대공원... ,#어린이대공원러닝코스_10km #어린이대공원달리기코스_10km #어린이대공원외곽담장길 #어린이대공원안쪽둘레길 #어린이대공원놀이동산 #윤석중노래비_새나라의어린이 #서울러닝코스_10km #서울달리기코스_10km... ,https://blog.naver.com/pccidjyj/223890487174,,밤,"능동,어린이,워킹,능동,어린이,능동,어린이,외곽,담장,어린이,안쪽,둘레길,축구장,가량,트렉,어린이,워낙,재미,슬슬,여름"
서울달리기코스,러닝일지 240606 서울달리기 하프코스 준비 18회차,운동기록 240606 제5회 호국보훈 러닝챌린지 1회차 조금은 달리기 열정이 식을 뻔하던 찰나 역시... 누적거리 : 16 km #러닝 #달리기 #러닝일지 #기록일기 #운동일기 #가민 #피닉스6s #러닝다이나믹포드 #RD... ,https://blog.naver.com/oshow0626/223476310820,,밤,"일지,하프,기록,호국,보훈,린지,조금,열정,찰나,역시,누적,기록,호국,보훈,린지,조금,열정,찰나,역시,강제"
서울달리기코스,"서울러닝코스_10km, 강남... 러닝코스 달리기~ 코엑스 앞에 있는... ",#서울러닝코스_10km #서울달리기코스_10km #강남러닝코스_10km #강남달리기코스_10km #강남싸이조형물 #청담동명품거리 #컴인워시 #강남테헤란로공실 서울을 워킹하자. 워킹하면 서울이 보인다. 서울걷기는... ,https://blog.naver.com/pccidjyj/223841390929,언주,시간미상,"강남,코엑스,워킹,워킹,걷기,워킹,강남,달린다,강남,빌딩,공실이,음식,배달,각종,필요,인터넷,구매,해결,트렌드,임대료"
서울달리기코스,개화 : 벚꽃 러닝 코스 | 벚꽃 런 하는 방법 | 서울 벚꽃길 달리기,"양재천은 제법 긴 산책로가 무려 한강쪽부터 양재시민의숲과 과천까지 길게 이어지는데, 벚꽃 러닝 코스로 벚꽃런 하는 방법으로 양재천에서 달리기 하기를 추천하는 곳은 영동2교와 영동3교 사이. 이렇게... ",https://blog.naver.com/wehavefuntoday/224236100078,,저녁,"개화,벚꽃,벚꽃,벚꽃,양재천,제법,산책로,무려,한강,양재시민의숲,과천,벚꽃,벚꽃,양재천,영동,영동,사이,퇴근,양재천,어머"
서울달리기코스,운동 달리기 일기 트레일 러닝 코스 추천 서울 한양도성 씨티런... ,달리기 #달리기일기 #트레일러닝 #RCNB #네이버블로그러닝크루 #러닝크루 #러닝코스추천 #한양도성런 #씨티런 #인왕산 #북악산 #와룡공원 #낙산공원 #남산공원 #북측순환로 #서울한양도성... ,https://blog.naver.com/mintguni/224227695501,완주기념배지,시간미상,"일기,트레일,한양도성,씨티,월간,한양도성,크루,타지,고생,고향,가족,치유,기분,실제,평생,가지,고민,모두,해결,고민"
서울달리기코스,[달리기코스 정기구독(15)] 트레일런(2)JTBC트레일서울157K... ,#구독 #정기구독 #구독서비스 #정기구독서비스 #달리기코스구독 #서울달리기코스구독 #서울런 #seoulrun #서울달리기 #달리기 #run #running #마라톤 #marathon #서울 #seoul #트레일러닝 #trailrunning #서울둘레길 #3코스... ,https://blog.naver.com/shjazz/222637747614,"광나루,광나루역,광나루역에서",시간미상,"정기,트레일,트레일,둘레길,두번째,트레일,트레일,일반,아식스,카야,착용,트레일,오르막,내리막,이기,내리막,무릎,발바닥,충격,트레일"
서울달리기코스,서울 달리기 대회 하프코스 19 ... 16/10/09,서울 달리기 대회 하프코스를 달리고 왔습니다. 작년에 하프뛰고 올해 2번째 참가입니다. 가을 아침에 서울 도심을 뛸 수 있어 가능한 참가하려고 하고 있습니다. 지하철을 타고 시청앞에서 내렸습니다.... ,https://blog.naver.com/smhw0114/220832456429,앞에서,"아침,오전","대회,하프,대회,하프,달리,작년,하프,올해,참가,가을,아침,도심,참가,지하철,타고,시청,대회,하프,달리,작년"
서울달리기코스,군산새만금마라톤 D-4일 서울식물원 14km 코스 달리기 (26.4.1),요즘 날씨도 달리기엔 더 없이 좋아 가끔 러너스하이에 빠지기도 한다. 이런 계절이 오래 지속... 금일 훈련 내용 - 서울식물원 14.20km - 코스/ 서광-서울물공원&amp;서남센터- 서울식물원 습지원... ,https://blog.naver.com/junopark0929/224237836759,,시간미상,"군산,새만금,식물원,요즘,날씨,가끔,러너,하이,기도,계절,지속,금일,식물원,서광,서남,센터,식물원,습지,금일,소감"
서울달리기코스,[달리기코스 정기구독(99)] 트레일런(10)JTBC트레일서울157K... ,#구독 #정기구독 #구독서비스 #정기구독서비스 #달리기코스구독 #서울달리기코스구독 #서울런 #seoulrun #서울달리기 #달리기 #run #running #marathon #마라톤 #서울 #seoul #트레일러닝 #trailrunning #서울둘레길... ,https://blog.naver.com/shjazz/222720021499,"구파발역에서,가양역에서,구파발역,구파발,양역에서부터,가양",시간미상,"정기,트레일,트레일,둘레길,고개,마을,윤동주,둘레길,마지막,둘레길,모두,외곽,크게,둘레길,처음,걱정,오르막,약간,걸음,내리막"
서울달리기코스,"서울물공원, 서울식물원 20km 코스 건강 달리기 (26.3.26)",기온도 적당해 달리기엔 더 없이 좋은 날씨다. 항상 달리던 서남센터를 경유해 서울식물원 코스로 달렸다. 초반 부터 컨디션 체크겸 해서 천천히 달렸다. 몸은 가벼웠지만 전체적으로... ,https://blog.naver.com/junopark0929/224230781398,,시간미상,"식물원,건강,기온,날씨,항상,서남,센터,유해,식물원,초반,부터,컨디션,체크,전체,금일,소감,어제,보상,기질,초미세먼지"
서울달리기코스,러닝일지 240730 서울달리기 하프코스 준비 39회차,부상없이 이 여름 잘 보내야 할텐데 왠지 체력걱정이 앞선다 누적거리 : 120 km #러닝 #달리기 #러닝일지 #기록일기 #운동일기 #7월러닝 #가민 #피닉스6s #러닝다이나믹포드 #RD #천변러너 #야간러너 #갱런... ,https://blog.naver.com/oshow0626/223558671602,,밤,"일지,하프,부상,여름,체력,걱정,누적,기록,리버,커리,포기,인터,내심,마음,횟수,겨우,겨우,미션,마무리,정말"
서울달리기코스,[달리기코스 정기구독(25)] 트레일런(3)JTBC트레일서울157K... ,(월드컵대료 보행로는 2022년 8월 개통예정) 황금내근린공원 스탬프 #구독 #정기구독 #구독서비스 #정기구독서비스 #달리기코스구독 #서울달리기코스구독 #서울런 #seoulrun #서울달리기 #달리기 #run #running... ,https://blog.naver.com/shjazz/222648180000,"석수,석수역,가서,석수역에서",저녁,"정기,트레일,트레일,월드컵,대료,보행,개통,예정,황금,스탬프,둘레길,날짜,둘레길,안양천,강서구,구로구,금천구,영등포구,둘레길,안양천"
서울달리기코스,러닝일지 240806 서울달리기 하프코스 준비 43회차,운동기록 240806 가볍게 달리기 8km 날씨가 도와주지 않아서 바로 달리지 못하고 눈치만 슬슬 보는... 빨리 달리기는 덥고 천천히 8k 가 이제 기본이 되는 듯한 느낌적인 느낌 조만간 10k 500 이 기본이 되는... ,https://blog.naver.com/oshow0626/223564470302,,밤,"일지,하프,기록,날씨,바로,달리,눈치,슬슬,이제,기본,느낌,느낌,조만간,기본,기록,날씨,바로,달리,눈치,슬슬"
서울달리기코스,러닝일지 240501 서울달리기 하프코스 준비 09회차,본격적 달리기 시작!!!!! 누적거리 : 018 km #러닝 #달리기 #러닝일지 #기록일기 #운동일기 #가민 #피닉스6s #러닝다이나믹포드 #RD #광주천변달리기 #천변러너 #야간러너 #갱런 #갱런6기 #바이탈솔루션 #브이솔... ,https://blog.naver.com/oshow0626/223444394880,,밤,"일지,하프,본격,누적,기록,어썸,하이킹,린지,참가,잠시,거의,주일,하루,건너,하루,마인드,하이킹,의도,자꾸,간격"
서울달리기코스,"서울러닝코스_10km, 한강뚝섬... 러닝코스 달리기~ 한국을... ",#한강뚝섬_동호대교_영동대교러닝코스_10km #한강뚝섬_동호대교_영동대교달리기코스_10km #미국유튜버@nickKTravel #뚝섬능소화군락지 #서울러닝코스_10km #서울달리기코스_10km 서울을 워킹하자. 워킹하면 서울이... ,https://blog.naver.com/pccidjyj/223948086963,뚝섬,시간미상,"한강,뚝섬,한국,워킹,워킹,워킹,한강,뚝섬,동호대교,영동대교,뚝섬,강북,달린다,성수대교,지나,동호대교,건너,한강,남쪽,달린다"
서울달리기코스,러닝일지 240623 서울달리기 하프코스 준비 25회차,km #러닝 #달리기 #러닝일지 #기록일기 #운동일기 #가민 #피닉스6s #러닝다이나믹포드 #RD #천변러너 #야간러너 #갱런 #갱런6기 #바이탈솔루션 #브이솔 #브이솔런클럽4기 #VSOL #미드풋러너 #쿠션화 #써코니... ,https://blog.naver.com/oshow0626/223492394635,,밤,"일지,하프,기록,호국,보훈,린지,오락가락,날씨,마음,숭숭,점점,본격,느낌,느낌,다음주,본격,소식,마음,후반,장거리"
서울달리기코스,"한강 3종 축제, 달리기, 수영까지 한번에! 일정, 코스 안내","달리기 코스 안내 먼저 달리기 초급자 코스는 5km 코스로, 뚝섬한강공원 족구장2 부터 올림픽대교를... 뚝섬한강공원 족구장2부터 광진 정보 도서관을 반환하는 코스1과, 잠실수중보 북단부터 서울거리예술창... ",https://blog.naver.com/heei407/224222710102,,"아침,오전,저녁","한강,축제,수영,한번,일정,안내,안내,먼저,뚝섬,한강,족구,부터,올림픽대교,뚝섬,한강,족구,부터,광진,도서관,반환"
서울달리기코스,"서울러닝코스_10km, 강남... 러닝코스 달리기... ",#강남러닝코스_10km #강남달리기코스_10km #도곡근린공원 #매봉산자락길2.5km #역삼청동기유적 #서울러닝코스_10km #서울달리기코스_10km 서울을 워킹하자. 워킹하면 서울이 보인다. 서울걷기는 보물찾기다. 이제는... ,https://blog.naver.com/pccidjyj/223702858594,"언주,선정릉,선릉","오전,밤","강남,워킹,워킹,걷기,보물찾기,이제,워킹,강남,날씨,달린다,역삼,지나,도곡,매봉산,자락,산책길,언제,그냥,보기,산속"
서울달리기코스,러닝일지 240620 서울달리기 하프코스 준비 24회차,어설프구만ㅋㅋㅋ (기억이 가물가물) 조금 더 연습해서 익숙해지면 유료 구독을 해봐야겠다 꾸미기는 역시 포샵이지 ㅋㅋㅋ 누적거리 : 83 km (이번달은 목표한 150km 할 수 있을래나) #러닝 #달리기 #러닝일지... ,https://blog.naver.com/oshow0626/223488077299,,밤,"일지,하프,기억,조금,연습,유료,역시,포샵,누적,목표,기록,호국,보훈,린지,오기,장거리,오지,일기,예보,잔뜩"
서울달리기코스,"2023 서울달리기 11km... 완주 이야기 [주의사항, 코스, 준비물]","책자에는 2023 서울달리기 코스와 시간별 진행 될 상세 내용들이 적혀 있었다. 지금 보면 11km도 진짜... 나중에 나도 하프나 풀 코스 꼭 도전 할 수 있길..! 2023 서울달리기에서 준 간식들은 물, 콤부차... ",https://blog.naver.com/dkflfh93/223265468545,"서있다가,다가오면,부지런히,이건","새벽,아침,오전","완주,이야기,주의,사항,준비물,책자,진행,상세,지금,진짜,나중,하프,도전,간식,부차,달이,훌쩍,병아리,러너,턱걸이"
서울달리기코스,서울 달리기 코스로 추천! 보라매공원,"오늘 무빙시티에서는 어김없이 서울에서 달리기 좋은 코스를 가져와 봤습니다. 바로 보라매 공원인데요. 그럼 그지금 부터 낱낱히 소개해드리겠습니다. 보라매 공원, 공간을 알고 달려보자 출처 : 플리커... ",https://blog.naver.com/traveldesigner/222169161753,신림,"오전,저녁","보라매,무빙,시티,바로,보라매,지금,부터,낱낱,보라매,공간,출처,플리커,출처,플리커,가장,가장,올해,풍경,예년,달라"
서울달리기코스,20191013 서울달리기 : 하프코스 첫 경험 (feat. KAIST... ,"달리기에 취미를 붙였던 지난 5월쯤 학교에서 하프마라톤 프로그램(KAIST Bene-FIT Challenger)을 진행한다고 하였다. 서울 숙소를 제공해준다는 말에 혹해서 ㅋㅋ신청하게 되었는데, 신청하지 않았더라면, 내... ",https://blog.naver.com/start89/221686602085,남기고,"아침,오전","하프,경험,취미,학교,하프마라톤,프로그램,진행,숙소,제공,신청,신청,취미,학교,하프마라톤,프로그램,진행,숙소,제공,신청,신청"
서울달리기코스,"서울공원사랑 마라톤 (희순, 영국 풀코스 300회 완주... ","2024 10 09 (수) 서울 공원사랑 마라톤 (희순, 영국 풀코스 300회 동반주) 42, 39 Km 4. 49. 57 ☆달리기일지 24~105☆ 계 2, 614 Km 풀코스 868회 오늘은 친구 희순, 영국 친구의 풀코스 300회 달성하는 날이다. 졸지에... ",https://blog.naver.com/tjk517/223612841267,,시간미상,"사랑,영국,완주,사랑,영국,반주,일지,영국,달성,졸지,사랑,영국,반주,일지,영국,달성,졸지,축하,행사,추진"
서울달리기코스,"서울러닝코스_10km, 한강... 러닝코스 달리기~ 영동대교... ",#한강강러닝코스_10km #한강강달리기코스_10km #뚝섬능소화명소 #영동대교_성수대교_동호대교_한남대교_잠수교_달리기 #잠수교_뚜벅뚜벅축제_차없는거리 #서울러닝코스_10km #서울달리기코스_10km #워킹서울... ,https://blog.naver.com/pccidjyj/223915079453,한꺼번에,시간미상,"한강,영동대교,워킹,한강,영동대교,남단,북단,성수,동호,한남대교,지나,잠수교,남단,오후,무렵,거의,그늘,더위,밀물,시점"
서울달리기코스,서울 달리기 대회 (Seoul Race) 하프코스 10 ... 15/10/18,서울 달리기 대회 하프를 달리고 왔습니다. 3월 동마이후로 다시 종로와 청계천을 뛰어볼 수 있게 되었네요.. 6.5 키로부터 중랑천을 달리다가 한강주로로 나와서 뚝섬으로 골인하는 코스네요... 버스타고... ,https://blog.naver.com/smhw0114/220512916060,"하프,키로","아침,오전","대회,하프,대회,하프,달리,마이,다시,종로,청계천,로부터,중랑천,한강,주로,뚝섬,골인,버스,타고,대회,하프,달리"
서울달리기코스,제주 5일치 달리기코스 러닝코스 (남원읍 위미리 위미해안로... ,5일차 / 비레이지 - 태웃개 #접대하기좋은코스 금요일에 서울에서 협이형 수진이네가 놀러 왔다. 수진이도 달리기를 좋아했기에 1일차~4일차 달렸던 곳 중 제일 좋았던 곳을 한 번 더 달리기로 했다. 내가 정한... ,https://blog.naver.com/hongyeo_bee/223923479462,,새벽,"제주,남원읍,미리,해안로,레이지,태웃,금요일,이형,수진,수진,제일,레이지,제주,특별자치도,서귀포시,남원읍,해안로,번길,제주도,서귀포"
서울달리기코스,"서울러닝코스_10km, 한강... 러닝코스 달리기~ 동작대교 위에서... ","잠수교달리기코스 #서래섬_인공섬 #서래섬_낚시 #서래섬_유채꽃 #서울러닝코스_10km #서울달리기코스_10km 서울을 워킹하자. 워킹하면 서울이 보인다. 서울걷기는 보물찾기다. 이제는 워킹투어, 컬쳐투어이다.",https://blog.naver.com/pccidjyj/223825154760,동작,시간미상,"한강,동작대교,잠수교,워킹,워킹,걷기,보물찾기,이제,워킹,투어,컬쳐,투어,워킹,한강,동작대교,잠수교,동작역,동작대교,앞뒤,남산"
서울달리기코스,디즈니 달리기 접수 코스 일정 홈페이지 서울 여의도공원... ,"디즈니런 서울 신청 마라톤 러닝 2025 디즈니 달리기 접수 코스 일정 홈페이지 서울 여의도공원 프로그램 메달 티셔츠 사이즈 디즈니의 마법 같은 러닝 이벤트, 디즈니런 서울 2025가 돌아옵니다! 이번... ",https://blog.naver.com/miha1023/223950306397,,오전,"디즈니,접수,일정,홈페이지,여의도,디즈니,신청,디즈니,접수,일정,홈페이지,여의도,프로그램,메달,티셔츠,사이즈,디즈니,마법,이벤트,디즈니"
서울달리기코스,"서울러닝코스_10km, 한강... 러닝코스 달리기~ 잠실대교 잠실보... ",#한강_잠실철교_영동대교_러닝코스 #한강_잠실철교_영동대교_달리기코스 #잠실대교_잠실보 #한강낚시_강태공 #서울러닝코스_10km #서울달리기코스_10km #워킹서울 #서울걷기 서울을 워킹하자. 워킹하면 서울이... ,https://blog.naver.com/pccidjyj/223164558596,"뚝섬유원지,뚝섬유원지역",시간미상,"한강,잠실대교,잠실보,워킹,워킹,워킹,한강,잠실철교,영동대교,폭우,한강,복구,진흙뻘,곳곳,정비,뚝섬유원지역,잠실철교,지나,영동대교,달린다"
서울달리기코스,"서울러닝코스_10km, 뚝섬 서울숲 러닝코스 달리기~ 서울숲에... ",#뚝섬서울숲러닝코스_10km #뚝섬서울숲달리기코스_10km #뚝섬서울숲군마상 #뚝섬서울숲_뚝도정수장... 경마장 #서울숲_변우석 #서울러닝코스_10km #서울달리기코스_10km 서울을 워킹하자. 워킹하면 서울이 보인다.... ,https://blog.naver.com/pccidjyj/223870287199,,시간미상,"뚝섬,서울숲,서울숲,경마장,워킹,워킹,워킹,뚝섬,서울숲,서울숲,조깅,바퀴,달린다,수도,박물관,서울숲,초록,서울숲,입구,군마"
서울달리기코스,♂️ 서울에서 달리기 좋은... 5km &amp; 10km 코스 완벽 가이드,야경과 한강 분수 쇼 평일 밤 #️⃣ #서울러닝코스 #러닝코스추천 #5km러닝 #10km러닝 #한강러닝 #여의도러닝 #상암러닝 #반포러닝 #러닝입문 #러닝초보 #마라톤준비 #운동하는남자 #서울달리기 #러닝명소 #오운완,https://blog.naver.com/economic1994/224191787992,"공원에서,여의나루역,여의나루,한강공원,의나루역에서,한강공원에서","오전,저녁,밤","완벽,가이드,야경,한강,분수,평일,최근,위해,성지,가지,명소,엄선,정리,초보자,성지,여의도,한강,샛강,생태,여의도"
서울달리기코스,"&lt; 2023 서울달리기 하프코스 완주하다(2023년 10/8,일욜) &gt;","&lt; 2023 서울달리기 하프코스 완주하다(2023년 10/8,일욜) &gt; ■ 2023 서울달리기 하프코스 완주 ◆ 코스맵(하프코스) · START 청계광장 앞 세종대로 START(08:00) → 광화문 광장 → 삼청로(역주행)... ",https://blog.naver.com/k0ks0/223231314530,,오전,"하프,완주,일욜,하프,완주,일욜,하프,완주,하프,청계,광장,세종,광화문,광장,삼청로,역주행,하프,완주,일욜,하프"
서울달리기코스,전국마라톤일정 추천 월드비전 글로벌 6K 10km 달리기 코스... ,위에 언급한대로 올해는 10km 달리기 코스까지 추가되어 마라톤대회에 참가해 기록을 남기고 싶은 러너분들에게도 추천하는 서울마라톤일정이에요. 대회 참가 신청을 위해서는 개인정보를 입력하게... ,https://blog.naver.com/allaboutcanada/223848890761,,"오전,밤","전국,일정,월드비전,글로벌,언급,대로,올해,추가,대회,참가,기록,러너,일정,대회,참가,신청,개인정보,입력,월드비전,활동"
서울달리기코스,서울러닝코스_10km... 러닝코스 달리기~ 매헌윤봉길의사기념관... ,#매헌시민의숲_양재천러닝코스_10km #매헌시민의숲_양재천달리기코스_10km #매헌윤봉길의사기념관 #삼풍사고_대한항공사고_우면산사고_희생자추모비 #서울러닝코스_10km #서울달리기코스_10km 서울을 워킹하자.... ,https://blog.naver.com/pccidjyj/223927777851,,시간미상,"윤봉길,기념관,워킹,워킹,시민,양재천,지난주,주도,양재천,달린다,시민,윤봉길,의사,기념관,윤봉길,의사,일찍,글씨,엘리,기념관"
서울달리기코스,동아일보 서울달리기 하프코스 마라톤 기념품 패키지 수령... ,이상으로 서울달리기 하프코스 기념품팩 수령후기 끝! #서울달리기 #서울달리기하프코스 #서울달리기코스 #서울달리기기념품 #서울달리기패키지 #서울달리기기념품후기 #서울달리기장소 #서울달리기하프마라톤,https://blog.naver.com/yun3392/223222523904,"세종대로에서,세종대로",시간미상,"동아일보,하프,기념품,패키지,수령,하프,기념품,수령,이량,지난주,뉴발란스,우선,먼저,동아일보,하프,기념품,패키지,동아일보,주최,동아일보"
서울달리기코스,"서울러닝코스_10km, 한강... 러닝코스 달리기~ 노들섬 한바퀴 1.... ",#서울러닝코스_10km #서울달리기코스_10km #한강러닝코스_10km #한강달리기코스_10km #노들섬러닝코스_10km #노들섬달리기코스_10km #노들섬한바퀴 #노들섬가는길 서울을 워킹하자. 워킹하면 서울이 보인다.... ,https://blog.naver.com/pccidjyj/223848465211,,시간미상,"한강,노들섬,바퀴,워킹,워킹,워킹,한강,노들섬,달리,노들섬,노들섬,바퀴,가량,바퀴,달린다,여의도,잔디밭,피크닉,여자,세상"
서울달리기코스,러닝일기332_서울 달리기 후기,"서울달리기. 코스가 아주 한국적이고, 서울 특히 종로 일대를 아주 삿삿히 둘러보는 코스. 대회 전날 서울에 올라가서 을지로에서 대학교 선배커플이랑 놀았다. 청첩장 전달 겸 겸 모임 그리고 호텔로 돌아와서... ",https://blog.naver.com/sunjoy1010/223232168541,,"아침,오전,저녁","일기,아주,한국,종로,일대,아주,삿삿히,대회,전날,을지로,대학교,선배,커플,청첩장,전달,모임,호텔,고수,여자친구,신청"
서울달리기코스,26-34회차 서울식물원 20km 코스 건강 달리기 (26. 3.3),마냥 달리기에 푹 빠져 실천을 하기 힘들다. 그렇게 무리해서 달리다 보면 몸의 데미지를 키우는듯 후회 아닌 후회를 하게 된다. 금일 훈련 내용 - 서울식물원 20.17km - 코스/서울물공원&amp;센터... ,https://blog.naver.com/junopark0929/224204292939,,시간미상,"식물원,건강,마냥,실천,달리,데미지,후회,후회,금일,식물원,센터,금일,소감,주말,공훈,빡세,느낌,피로,회복,기간"
서울달리기코스추천,서울 5KM 달리기 러닝 코스 추천 어린이대공원 붕어빵런,[서울 5km 달리기 코스 '어린이대공원'] ♀️ 코스: 2회전 왕복 (약 5km 달리기) ✔️공원 운영시간: 05:00~22:00 ✔️회전에 따라 km를 조절해 러닝 가능 (1회전 2.5km ~ 4회전 10km) ✔️오르락내리락 경사가 있어요... ,https://blog.naver.com/sinnyarea/224199498633,,"오전,밤","어린이,붕어빵,어린이,왕복,운영,회전,조절,가능,오르락내리락,경사,어린이,붕어빵,광진구,서포터즈,산시,요즘,날씨,바로,광진구,어린이"
서울달리기코스추천,2026 서울 하프 마라톤 일정 러닝 코스 하프 10km 달리기,2026 서울 하프 마라톤 일정 러닝 코스 하프 10km 달리기 2026 서울하프마라톤은 4월 26일 서울 도심... 2026서울하프마라톤 #서울러닝 #하프마라톤 #러닝대회 #마라톤코스 #러닝정보 #러닝대회추천... ,https://blog.naver.com/qhadldhaus98/224258685947,"광화문광장,화문광장에서,광화문",오전,"하프,일정,하프,하프,일정,하프,하프마라톤,도심,하프마라톤,하프,일정,하프,하프마라톤,도심,일대,개최,광화문,광장,여의도,상암동"
서울달리기코스추천,2026 서울하프마라톤 &amp; 광명 건강달리기 코스 및 자전거도로... ,"동안(서울 측)으로 우회하시거나, 여유 있게 오후 늦게 출발하시는 것을 강력히 추천드려요!  총평... #2026서울하프마라톤 #서울하프마라톤 #광명건강달리기 #광명마라톤 #주말마라톤일정 #마라톤코스... ",https://blog.naver.com/yeepi01/224259888645,"늦게,찬빛광장을","아침,오전,저녁,밤","하프마라톤,광명,건강,자전거,도로,동안,우회,여유,오후,업힐,서녕,완연,기운,라이딩,야외,요즘,주말,일요일,경기,권역"
서울달리기코스추천,[서울 한강 러닝 코스 추천]... 더위 피하는 대교 밑 그늘 달리기,♀️♂️ #한강러닝코스추천 #여의도러닝코스 #한강그늘러닝 #더운날러닝코스 #여름한강달리기 #주말러닝코스 #부부러닝 #하프마라톤후기 #마인드컨트롤러닝 #러닝기분전환 #한강다리밑그늘 #초보러닝코스... ,https://blog.naver.com/h_story84/224265903293,"그리고,부근,부근에서",시간미상,"한강,더위,피하,대교,그늘,일상,에너지,기운,만끽,한낮,요즘,야외,사랑,러너,햇빛,슬슬,가장,복병,시기,사실"
서울달리기코스추천,4월 서울 벚꽃 러닝 코스 추천 여의도 말고 달리기 좋은 곳,↑ ↑ ↑ ↑ ↑ ↑ 더 다양한 상품들 확인하세요 ↑ ↑ ↑ ↑ ↑ ↑ #서울러닝코스 #벚꽃러닝 #4월러닝 #여의도말고 #서울벚꽃명소 #서울러닝 #서울달리기 #러닝코스추천 #서울봄나들이 #서울벚꽃코스... ,https://blog.naver.com/daily__with_dan/224242580582,있어서,"아침,오전,저녁","벚꽃,여의도,상품,확인,벚꽃,벚꽃,여의도,다시,아침,공기,벚꽃,언제,기분,자주,가게,여의도,벚꽃,피하,정리,바퀴"
서울달리기코스추천,보스턴 영웅 마라톤 서울 코스... 덜가는 코스 런닝 달리기 접수,보스턴 영웅 마라톤 서울 코스 무릎에 무리가 덜가는 코스 런닝 달리기 접수 이 글의 핵심 접수 마감... 가급적 지하철 6호선 월드컵경기장역을 이용하시는 것을 추천해 드립니다. 대중교통이 체력 안배에도... ,https://blog.naver.com/the_od/224181662661,찾다가,"아침,오전","보스턴,영웅,런닝,접수,보스턴,영웅,무릎,무리,런닝,접수,핵심,접수,마감,지하철,호선,월드컵경기장역,이용,대중교통,체력,안배"
서울달리기코스추천,포켓몬 런 2026 서울 완벽 정리 | 잉어킹 한강 달리기 코스... ,"목차 포켓몬 런 2026 서울, 이것만 알면 된다 코스 완전 정리 | 5km vs 8km 차이점 역대급 굿즈 키트 구성... 가능) 추천 대상: 어린 자녀와 함께 오는 가족, 처음 참가하는 러닝 입문자 &quot;달리기가 부담스러운... ",https://blog.naver.com/jobdream119/224204388706,,"아침,오전","포켓몬,완벽,정리,잉어킹,한강,목차,포켓몬,완전,정리,차이점,역대,키트,구성,가능,대상,자녀,가족,처음,참가,입문"
서울달리기코스추천,서울 북부 러닝 코스 - 5km 달리기,서울시 노원구 공릉동. 제가 상당한 기간 동안 머물렀던 곳입니다. 이곳을 떠나서 이번 주에 저는 다른... 5km를 뛰겠다!하는 분들께 특히 추천드립니다. 저는 런데이 어플의 매일 30분 달리기 코스로 뛰었습니다.... ,https://blog.naver.com/tamaraciel/223899149425,트랙,저녁,"북부,서울시,노원구,공릉동,기간,동안,다른,데이,어플,매일,서울시,노원구,공릉동,기간,동안,다른,도시,이사,다만,부근"
서울달리기코스추천,2024 서울 달리기 대회 코스 일정 무료신청 준비물 양도,강력추천드려요 ~~!! 다들 접수 신청일 잘 확인하시고 즐거운 런데이 가졌으면 합니다~! 아래... com/carry_on_me/223445545373 #서울달리기 #서울레이스 #2024서울달리기 #서울달리기코스 #서울달리기일정... ,https://blog.naver.com/carry_on_me/223466889828,,오전,"대회,일정,무료,신청,준비물,양도,강력,접수,신청,확인,데이,아래,캐리,초보,러너,런닝대회,재미,레이스,행사,잇님들"
서울달리기코스추천,가을에 달리기 좋은 서울 러닝코스 추천,"웰라이프 매거진에서 서울 도심 속에서 가볍게 달리기 좋은 러닝코스를 추천해 드릴게요. 추천 러닝코스 1. 노들섬 코스 노들섬은 한강에 위치한 인공섬으로, 섬을 한 바퀴 돌며 한강의 탁 트인 전경을 감상할... ",https://blog.naver.com/wellifeblog/223610091078,"백범광장,백범광장에서",시간미상,"가을,도심,노들섬,노들섬,한강,위치,인공,바퀴,한강,전경,감상,선선,바람,가을,계절,가을,대회,도전,거나,자연"
서울달리기코스추천,인천 서구 러닝 달리기 코스 추천 인천아시아드보조경기장 트랙,어찌 보면 재미없는 일상으로 보이겠지만 오히려 달리기를 하는 지금이 이전보다 더 행복하고 재밌게... 봤는데 서울이나 그 어느 지역에 내놔도 손색이 없는 러닝 추천 코스입니다. 이용 가능한 접근 거리에... ,https://blog.naver.com/farandnc/223569452330,,"새벽,아침,오전,저녁","인천,서구,인천,아시아드,보조,경기장,트랙,어찌,일상,오히려,지금,이전,지역,손색,이용,접근,요즘,전시회,매일,어찌"
서울달리기코스추천,서울 러닝 추천 코스 양재천 4km달리기 후기와 겨울철 런닝... ,#양재천러닝 #겨울러닝 #러닝코스추천 #양재천4km #겨울러닝준비물 #러닝크루 #서울달리기좋은곳 추운 날씨지만 몸도 풀 겸 양재천에서 4km 러닝을 하고 왔어요. 겨울이라 공기는 차갑지만 오히려 상쾌해서... ,https://blog.naver.com/phj13jms13/224149029804,,오전,"양재천,겨울철,런닝,날씨,양재천,겨울,공기,오히려,양재천,서울특별시,강남구,대치동,시즌,키친,양재천,서울특별시,서초구,양재,마누,테라스"
서울달리기코스추천,서울 초보 러닝 코스 추천 어린이대공원 붕어빵런 5KM 달리기,"서울 초보 러닝 코스 어린이대공원 붕어빵런 5KM 달리기 안녕하세요, 산시니입니다 :) 요즘 러닝을... 어린이대공원 서울 러닝 코스를 강력 추천합니다. 여러분도 이번 주말, 귀여운 붕어 한 마리 그리러... ",https://blog.naver.com/sinnyarea/224131004045,"후문,정문",밤,"초보,어린이,붕어빵,초보,어린이,붕어빵,산시,요즘,어린이,강력,여러분,주말,붕어,마리,초보,어린이,붕어빵,산시,요즘,노력"
서울달리기코스추천,"서울도심 러닝코스 추천 청계천-광화문-경복궁 5K 달리기, 러닝... ","고고 서울 러닝 코스 추천 청계천~광화문~경복궁 런 경복궁 런은 션과함께 유튜브에서도 달리기 좋은 코스로 소개되기도 한 러너들의 명소 중 하나인데, 한바퀴 돌면 2.5KM라서 넘 짧아서 나는 청계천부터... ",https://blog.naver.com/bebetobearsskyblue/223888771472,,시간미상,"도심,청계천,광화문,경복궁,고고,청계천,광화문,경복궁,경복궁,유튜브,기도,러너,명소,하나,바퀴,라서,청계천,요즘,살짝,날씨"
서울달리기코스추천,"러닝 후기, 도심 속 호수뷰 서울 달리기 명소 러닝코스 추천",#석촌호수 #석촌호수러닝 #석촌호수코스 #서울러닝코스 #잠실러닝 #서울달리기 #러닝코스추천 #서울러너 #호수뷰러닝 #도심러닝 **종아리 압박 회복에 최고! 러닝용품 추천,https://blog.naver.com/yeepi01/223999691424,러닝을,"저녁,밤","도심,호수,명소,종아리,압박,회복,최고,용품,업힐,서녕,얼마,저녁,지인,석촌호수,도심,한가운데,호수,만족도,여러분,석촌호수"
서울달리기코스추천,서울 달리기 코스 추천 : 홍제천 ~ 망원한강공원 7km 코스,야경두 보구 컵라면에 맥주마시고 돌아오기도 한다. 이 코스를 달리며 찾은 맛집도 꽤 있다. 다음엔 홍제천 ~ 망원한강공원 코스 맛집을 정리해보기로 미래의 나와 약속하며... 서울 달리기 좋은 코스 추천 끝!!!,https://blog.naver.com/abadolp/223920446350,,"아침,저녁","홍제천,망원,한강,야경,보구,컵라면,맥주,달리,맛집,다음,홍제천,망원,한강,맛집,정리,미래,약속,홍제천,망원,한강"
서울달리기코스추천,운동 달리기 일기 트레일 러닝 코스 추천 서울 한양도성 씨티런... ,달리기 #달리기일기 #트레일러닝 #RCNB #네이버블로그러닝크루 #러닝크루 #러닝코스추천 #한양도성런 #씨티런 #인왕산 #북악산 #와룡공원 #낙산공원 #남산공원 #북측순환로 #서울한양도성... ,https://blog.naver.com/mintguni/224227695501,완주기념배지,시간미상,"일기,트레일,한양도성,씨티,월간,한양도성,크루,타지,고생,고향,가족,치유,기분,실제,평생,가지,고민,모두,해결,고민"
서울달리기코스추천,서울 마라톤 일정 5월 나는 솔로런 10km 달리기 코스와 기념품,"10km 달리기는 생각보다 긴 거리라 처음 도전하는 분이라면 한두 달 준비해두는 걸 추천해요. 기념품... 마라톤은 서울 여의도에서 진행되는 10km 달리기 이벤트로 참가신청은 선착순, 참가비는 7만 원, 코스는... ",https://blog.naver.com/00dkfmal/224224918642,"공원에서,천천히,이벤트라,동시에","아침,오전","일정,솔로,기념품,처음,도전,기념품,여의도,진행,이벤트,참가,신청,선착순,참가,일정,솔로,라라,사이,이색,행사,바로"
서울달리기코스추천,삼청동 달리기 코스 댕댕런 추천 | 뉴발란스 북촌 런허브 카본... ,이렇게 귀여운 강아지 모양의 달리기 코스 가능! 카카오맵 댕댕런 gpx 파일 첨부파일 댕댕런 8km.gpx... 귀여운 달리기 하시길!! 서울 전시 추천 | 국립현대미술관 서울 - 소멸의 시학: 삭는 미술에 대하여... ,https://blog.naver.com/hyunofta/224210374773,,"아침,오전,오후","삼청동,댕댕,뉴발란스,북촌,허브,카본,강아지,모양,가능,카카오,댕댕,파일,첨부파일,댕댕,전시,국립,현대,미술관,소멸,시학"
서울달리기코스추천,♂️ 서울에서 달리기 좋은... 5km &amp; 10km 코스 완벽 가이드,야경과 한강 분수 쇼 평일 밤 #️⃣ #서울러닝코스 #러닝코스추천 #5km러닝 #10km러닝 #한강러닝 #여의도러닝 #상암러닝 #반포러닝 #러닝입문 #러닝초보 #마라톤준비 #운동하는남자 #서울달리기 #러닝명소 #오운완,https://blog.naver.com/economic1994/224191787992,"공원에서,여의나루역,여의나루,한강공원,의나루역에서,한강공원에서","오전,저녁,밤","완벽,가이드,야경,한강,분수,평일,최근,위해,성지,가지,명소,엄선,정리,초보자,성지,여의도,한강,샛강,생태,여의도"
서울달리기코스추천,서울에서 달리기 좋은 러닝 코스 추천,"서울에서 달리기 좋은 러닝 코스 추천 ♂️✨ 건강과 라이프스타일을 동시에 챙길 수 있는 운동으로 달리기만큼 좋은 것이 있을까요? 특히 서울은 강변, 도심 하천, 공원, 산책로까지 다양한 러닝 코스가 있어... ",https://blog.naver.com/chacott0518/223991150342,,"저녁,밤","건강,라이프스타일,동시,강변,도심,하천,산책로,건강,라이프스타일,동시,강변,도심,하천,산책로,러너,사랑,초보자,숙련,대표,정리"
서울달리기코스추천,보스턴 정착 &amp; 달리기 코스 추천 (feat. 보스턴 마라톤),그래서 한국에서 있을 때도 매일 5-10 km 달리기를 계속 해왔습니다. 서울도 계속 정비되어 이제... 따라 달리기하고 있습니다. MIT에 방문하시는 분께 추천드릴 수 있는 조깅 코스는 하버드 브리지(아래... ,https://blog.naver.com/longtermmind/224259739251,"곳에서부터,먼저,선수들이,곳에서",오전,"보스턴,정착,보스턴,한국,매일,계속,계속,정비,이제,방문,드릴,조깅,하버드,브리지,아래,보스턴,정착,한지,일주일,다시"
서울달리기코스추천,봄에 달리기 좋은 수도권/서울 러닝 코스 추천 Best 9,출처 : 올림픽 공원 홈페이지 특히 봄에는 공원 내 꽃들과 나무들이 만개해 경치를 즐기며 달리기 좋습니다. 서울 봄맞이 러닝 코스 추천! 5. 남산 순환로 남산을 둘러싸고 있는 순환로는 도심 속 숲을 느끼며... ,https://blog.naver.com/nwoongwin/223765529610,,시간미상,"수도권,출처,올림픽,홈페이지,나무,경치,봄맞이,남산,순환로,남산,순환로,도심,봄맞이,수도권,산책,날씨,자연,장소,모두,수도권"
서울달리기코스추천,"서울 러닝코스 추천, 경복궁 돌담길 달리기 후기",다음엔 서촌이나 부암동까지 이어지는 코스도 도전해봐야겠어요! #서울러닝코스 #경복궁러닝코스 #돌담길달리기 #북촌러닝 #광화문러닝 #서울달리기 #감성러너 #도심러닝 #러닝코스추천 #클립챌린지 #클립챌린저,https://blog.naver.com/kirruazz/223838689919,,"오후,저녁","경복궁,돌담,다음,부암동,도전,요즘,동네,루틴,조금,뉴발란스,북촌,화랑,대여,겸사겸사,도심,도전,북촌,감성,경복궁,돌담"
서울달리기코스추천,한강 러닝코스 추천 서울 잠실 6km 코스 달리기,오늘은 서울에서 여름에도 달리기 좋은 시원한 그늘이 많은 잠실 한강 6km 러닝코스를 추천드려요. 서울 잠실 한강 러닝코스 한강 버스 잠실 선착장 출발 : 한강 버스 잠실 선착장 (잠실 5주차장) 잠실 5주차장이... ,https://blog.naver.com/suninmotion/223981088168,"에서,선착장에서,같은,선착장,좋은","저녁,밤","한강,잠실,여름,그늘,잠실,한강,잠실,한강,한강,버스,잠실,선착장,한강,버스,잠실,선착장,잠실,주차장,잠실,주차장"
서울달리기코스추천,"2024 서울달리기 서울레이스 마라톤,주차,접수,일정 기념품 코스","2024 서울레이스 (서울달리기) 24.10.13 (일요일) 오전 8시 대회 시작 2024 서울달리기는 하프코스 7만원, 11K... 러닝 컴프레션 삭스 추천 치열하게 달리는 러너를 위해 개발된 made in korea , 오스 컴프레션 삭스를... ",https://blog.naver.com/ossmove/223588554686,"그룹에서,안내,청계광장,세종대로에서,코스는,세종대로,그룹","아침,오전","레이스,주차,접수,일정,기념품,레이스,일요일,오전,대회,하프,프레,삭스,러너,위해,개발,오스,프레,삭스,레이스,참여"
서울달리기코스추천,전국마라톤일정 추천 월드비전 글로벌 6K 10km 달리기 코스... ,위에 언급한대로 올해는 10km 달리기 코스까지 추가되어 마라톤대회에 참가해 기록을 남기고 싶은 러너분들에게도 추천하는 서울마라톤일정이에요. 대회 참가 신청을 위해서는 개인정보를 입력하게... ,https://blog.naver.com/allaboutcanada/223848890761,,"오전,밤","전국,일정,월드비전,글로벌,언급,대로,올해,추가,대회,참가,기록,러너,일정,대회,참가,신청,개인정보,입력,월드비전,활동"
서울달리기코스추천,서울 무한도전 마라톤 일정 굿즈 공연 러닝 코스 10KM 달리기,"서울 무한도전 마라톤 일정 굿즈 공연 러닝 코스 10KM 달리기 5월 25일, 여의도에서 무한도전이... 마라톤코스 #여의도마라톤 #굿즈추천 #공식MD #무도리티셔츠 #한정판굿즈 #쿠팡단독 #서울10KM런... ",https://blog.naver.com/qhadldhaus98/223867145553,방향으로,"아침,오전","무한도전,일정,공연,무한도전,일정,공연,여의도,무한도전,무한도전,일정,공연,여의도,무한도전,무한도전,쿠팡,플레이,주년,기념,이벤트,박명수"
서울달리기코스추천,"[퇴근런] 서울 달리기 코스 추천, 남산 북측 순환로","번째부터는 국립극장 쪽부터 시작해서 왕복하는 코스로 달리고 있다. 왕복 6.8km, 우리는 지하철역까지 가기 위해 800m 정도 더 달린다. 남산 북측 순환로 달리기 후 맛집을 찾고 있다면? (동국대학교 방향 하산)",https://blog.naver.com/abadolp/223853135796,,"저녁,밤","퇴근,남산,순환로,국립극장,왕복,달리,왕복,지하철역,가기,위해,달린다,남산,순환로,맛집,동국대학교,하산,러너,성지,남산,순환로"
서울달리기코스추천,초급 코스 추천 관악산 둘레길 서울 구간 편도 보급 편의점 2곳,러닝 #달리기 #달리기일기 #트레일러닝 #트레일러닝크루 #러닝크루 #저스트레일 #JUSTRAIL #트레일러닝코스 #러닝코스추천 #업힐 #다운힐 #관악산 #관악산둘레길 #서울둘레길 #초급코스 #편도코스,https://blog.naver.com/mintguni/223981382023,,시간미상,"관악산,둘레길,편도,보급,편의점,일기,트레일,관악산,둘레길,저스트,레일,트레일,크루,관악산,둘레길,사당,석수,편도,스마트워치,인스팅트"
서울달리기코스추천,서울 10km 러닝 코스 추천... 초보 러너도 가능한 달리기 명소,서울 10km 러닝 코스 추천✨ 초보 러너도 가능한 달리기 명소 총정리! #서울러닝코스 #10km러닝 #러닝추천 #한강러닝 #서울숲러닝 #올림픽공원러닝 #뚝섬유원지 #경의선숲길 #연남동러닝 #초보러너 #러닝입문... ,https://blog.naver.com/0111khh/223984508049,"서울숲,서울숲에서,여의도공원",시간미상,"초보,러너,명소,초보,러너,명소,정리,사랑,허니,요즘,날씨,계절,직접,보고,초보,러너,부담,참고,한강,시민"
서울달리기코스추천,"추천! 서울, 강릉, 경주, 부산-러닝 코스부터 소요시간, 달리기... ",오늘은 런트립의 매력에 이제 막 눈을 뜬 새내기 런린이들을 위해 달리기에 최적화된 국내 런트립 도시를 소개해 드릴게요. 서울 도심 - 고궁 추천코스: 덕수궁 → 광화문 → 경복궁 → 북촌 → 종묘 거리: 약 8.... ,https://blog.naver.com/allthingsbox/224165206191,가평,"새벽,오전,밤","강릉,경주,부산,소요,런트립,매력,이제,새내기,런린이들,위해,최적화,국내,런트립,도시,도심,고궁,덕수궁,광화문,경복궁,북촌"
서울달리기코스추천,2025 서울달리기대회 코스·일정 교통통제 안내,"있는 코스가 서울달리기만의 매력 포인트입니다. 대회 개요 ▶대회명 - 2025 서울달리기 (SEOUL RACE)... 참여자 꿀팁 ▶복장 - 가을 아침엔 기온이 쌀쌀하니, 얇은 바람막이 또는 기능성 티셔츠 착용 추천드립니... ",https://blog.naver.com/esec1018/224036312633,"서울광장을,힘차게","아침,오전","대회,일정,교통,통제,안내,매력,포인트,대회,개요,대회,참여자,꿀팁,복장,가을,아침,기온,바람막이,기능,티셔츠,착용"
서울달리기코스추천,한강 달리기 10K  반포 노들섬 추천 코스! 러닝 혼자 시작할 때... ,#한강러닝 #이촌한강공원 #러닝코스추천 #도심러닝 #러너스하이 #한강러너 #이촌러닝 #노들섬러닝 #한강대교 #반포대교 #잠수교 #서울러닝코스 #한강달리기 #한강뷰 #도심힐링 #러닝하는날 #주말러닝 #러닝일상,https://blog.naver.com/minsanity-/224016935745,"촌주차장에서,이촌주차장",시간미상,"한강,반포,노들섬,대회,대회,무릎,포기,세월,과학,다시,지금,달리,과학,저자,크리스,네이피어,출판,사이언스,북스,발매"
서울달리기코스추천,서울 가을 초급·중급·고급 러닝코스 추천 (Feat. 달리기 매너... ,오늘은 서울에서 달리기 좋은 가을 러닝코스를 소개해보려고 합니다. 러닝 초보부터 고수까지! 모두 다... #러닝 #러닝코스 #서울러닝 #러닝크루 #러닝동호회 #동호회 #코스추천 #코스 #서울 #서울러닝코스 #남산... ,https://blog.naver.com/pac3083/224005260785,,저녁,"가을,고급,매너,가을,초보,고수,모두,가을,초보,고수,모두,가을,지금,가을,풍경,가지,대표,남산,순환로,남산"
서울달리기코스추천,달리기 코스 추천 / 서울 마포구 월드컵 경기장 외곽 코스 이야기,달리기 코스 추천 서울 마포구에 위치한 서울 월드컵 경기장 코스 추천. 동서남북 어디든 체크포인트 서울 월드컵 경기장 코스를 소개합니다. 경기장 안쪽을 뛰는게 아니라 경기장 외곽 부분을 뛰는 코스!... ,https://blog.naver.com/jeongssulee/223631864846,,밤,"마포구,월드컵,경기장,외곽,이야기,마포구,위치,월드컵,경기장,동서남북,어디,체크,포인트,월드컵,경기장,경기장,안쪽,경기장,외곽,부분"
서울달리기코스추천,동아마라톤 풀코스 대비 체계적 시즌2 달리기 러닝 세션 추천,이루시길 추천드려요. 체계적인 풀코스 대비 훈련 프로그램 커뮤니티 기반 조별 훈련 및 10명의... 제공 #동아마라톤 #동아마라톤풀코스 #서울마라톤 #마라톤 #달리기 #풀코스대비 #풀코스훈련 #러닝 #컴포트,https://blog.naver.com/godud4132/224082195061,,시간미상,"동아마라톤,대비,체계,시즌,세션,체계,대비,프로그램,커뮤니티,기반,명의,제공,동아마라톤,대비,가요,갑자기,날씨,비니,장갑,필수"
서울달리기코스추천,성수 러닝코스 추천 뉴발란스에서 러닝화 대여 후 서울숲 달리기,뉴발란스 런허브가 성수에도 생겼다고 해서 지인들과 러닝화를 빌려 서울 숲 달리기를 했어요. 북촌... 하루를 직접 경험해 보시길 바랍니다. #성수 #성수러닝코스 #러닝코스추천 #서울러닝코스 #남짐릇 #LOOOP,https://blog.naver.com/kirruazz/224253136142,,시간미상,"성수,뉴발란스,대여,서울숲,뉴발란스,런허브,성수,지인,북촌,하루,직접,경험,뉴발란스,런허브,성수,지인,북촌,런허브,성수,허브"
서울달리기코스추천,서울레이스 2024 서울달리기 코스 상세안내 교통통제 안내,"것을 추천드립니다. 2024 SEOUL RACE 배번호와 출발 그룹 안내 2024 서울레이스는 하프코스, 11KM 코스 기록 제출자 &gt; 하프코스 기록 미제출자 &gt; 11KM 기록 미제출자 순으로 출발합니다. 본인이 속한 배번호... ",https://blog.naver.com/valerita/223614584181,"그룹에서,그룹,배번호와,순으로",오전,"레이스,상세,안내,교통,통제,안내,번호,그룹,안내,레이스,하프,기록,제출,하프,기록,미제,출자,기록,미제,출자"
서울달리기코스추천,있는 서울 런닝 명소 BEST 7... 위한 달리기 코스 추천 ♀️,#서울런닝 #런닝코스추천 #서울러닝 #한강공원러닝 #올림픽공원달리기 #서울숲산책 #북서울꿈의숲 #양재천런닝 #남산공원달리기 #난지한강공원 #러닝초보자추천 #도심속힐링 #주말운동 #건강한라이프... ,https://blog.naver.com/buleqor25/223665513213,,"아침,오전","런닝,명소,런닝,명소,건강,관심,주말,기분,전환,지금,한강,여의도,반포,시민,사랑,듬뿍,한강,도심,풍경,장소"
서울달리기코스추천,"서울 달리기 코스 추천| 나에게... 서울, 달리기, 코스, 추천... ","자전거 도 서울 달리기 코스 추천| 나에게 맞는 달리기 코스 찾기 | 서울, 달리기, 코스, 추천, 마라톤, 러닝 에 대해 자주 묻는 질문 TOP 5 질문. 서울에서 달리기 좋은 코스는 어디인가요? 답변. 서울에는 다양한... ",https://blog.naver.com/gaepanda/223542350780,,밤,"자전거,찾기,대해,자주,질문,질문,어디,답변,찾기,천국,매력,빌딩,고층,아파트,사이,녹색,숨결,푸른,한강,매력"
서울달리기코스추천,서울 달리기 코스 추천... 다리 밑 ~ 잠수교 ~ 옥수역 7km 코스,요즘엔 남산 북측 순환로 달리기 코스를 애정하고 있지만 원래 최애 코스는 한강이다. 한남대교 아래에서 시작해 잠수교를 건너 옥수역까지 7km 정도 되는 코스이다. 슬로우슬로우 조거의 속도로 50분~1시간 정도... ,https://blog.naver.com/abadolp/223874397778,아래,오전,"다리,잠수교,옥수역,요즘,남산,순환로,애정,원래,최애,한강,한남대교,아래,잠수교,건너,옥수역,슬로우,슬로우,조거,속도,한지"
서울달리기코스추천,"서울 러닝코스 추천, 러너들이 가장 좋아하는 서울 달리기 코스",#서울러닝코스 #서울달리기코스 #서울조깅코스 #한강러닝코스 #서울숲러닝 #남산러닝코스 #올림픽공원러닝 #러닝코스추천 #율리시스러닝화 #데일리러닝화 #러닝입문 #서울러닝,https://blog.naver.com/ulyssesrunning/224217250266,,아침,"러너,가장,가장,검색,하나,바로,환경,도시,한강,남산,서울숲,장소,러너,명소,조깅,검색어,검색,러너,가장,정리"
서울달리기코스추천,서울 러닝 코스 추천 응봉산 개나리 보면서 달리기 [계절을... ,서울 러닝 코스 추천 응봉산 개나리 보면서 달리기 [계절을 즐기는 방법] 달리기도 안하고 내려오면 아쉬우니 서울숲 가는길에 보이던 응봉산에 유혹을 참지 못하고 응봉산을 뛰고 왔다. 서울 러닝 코스 추천... ,https://blog.naver.com/khb9779/223823338434,,시간미상,"응봉산,개나리,계절,응봉산,개나리,계절,서울숲,응봉산,유혹,응봉산,응봉산,개나리,계절,서울숲,응봉산,유혹,응봉산,응봉산,심지어,지금"
서울달리기코스추천,"미니언즈 런 2025 서울 / 상암... 제일 귀여운 달리기(일정, 코스)",돌아오는 코스. 10키로는 한강변을 달려서 좀 부럽다... 집결 장소는 6호선 월드컵경기장 / 마포구청역 근처 *주차가 힘드니 대중교통 추천 Q&amp;A 물품 보관함은 7시부터 시작! 마라톤 기록증은 10킬로 기준... ,https://blog.naver.com/jaimiie/223896538132,"시부터,킬로,이어서,평화광장",오전,"미니,상암,제일,일정,강변,집결,장소,호선,월드컵경기,마포구청역,주차,대중교통,물품,보관,기록,킬로,예매,지나,개최,미니"
서울달리기코스추천,"[양재천 근린공원/여의천] 달리기, 산책, 데이트 코스 추천!(ft.... ",2026양재천벚꽃축제 #양재천벚꽃축제 #양재천산책코스 #양재천데이트코스 #양재천야경 #양재천달리기 #여의천산책코스 #양재시민의숲역 #여의천벚꽃 #여의천데이트코스 #양재천카페거리 #서울데이트코스추천,https://blog.naver.com/yunseul_cpla/224243285780,양재시민의숲,밤,"양재천,여의천,산책,데이트,양재천,벚꽃,축제,윤슬,퇴근,양재천,하늘,바람,인상,양재천,기본,진짜,강남,살이,진짜,양재천"
서울달리기코스추천,석촌호수 러닝 코스 달리기 무릎보호대 신세이 무릎아대 추천,"특히 도심 속에서 운동하는 분들에게는 달리기 시 무릎 관절을 지지해주는 무릎보호대, 즉 무릎아대를... 서울 도심 러닝 코스 추천 여의도 한강공원 여의도는 한강을 따라 펼쳐지는 탁 트인 풍경과 잘 정비된... ",https://blog.naver.com/ohayo11/223932353017,,"아침,저녁","석촌호수,무릎,보호대,신세,무릎,아대,도심,무릎,관절,지지,무릎,보호대,무릎,아대,도심,여의도,한강,여의도,한강,풍경"
서울달리기코스추천,달리기 딱 좋은 날씨! 서울 러닝 코스 &amp; 아웃도어리서치 남자... ,가벼운 달리기를 즐기기에 딱 좋은 날씨! 오늘은 서울 도심 속 러닝 코스와 함께 아웃도어리서치의 스타일리쉬한 아이템들로 매치한 남녀 러닝룩 스타일링을 추천드리고자 합니다! 그럼 지금부터 바로... ,https://blog.naver.com/or_korea/223846252499,"덕수궁,덕수궁에서",시간미상,"날씨,아웃도어,리서치,남자,날씨,도심,아웃도어,리서치,스타,일리,아이템,매치,남녀,스타,일링,지금,바로,햇살,봄바람,향기"
서울달리기코스추천,달리기 코스 추천 / 서울 신촌 연세대학교 대운동장 트랙 이야기,달리기 코스 추천 서울 신촌에 위치한 연세대학교 내 대운동장 트랙을 방문했습니다. 접근성 서울 신촌에 위치한 연세대학교는 대중교통 접근성이 굉장히 좋은 곳입니다. 특히 오늘 소개해드릴 연세대... ,https://blog.naver.com/jeongssulee/223623801977,,시간미상,"신촌,연세대학교,운동장,트랙,이야기,신촌,위치,연세대학교,운동장,트랙,방문,접근성,신촌,위치,연세대학교,대중교통,접근성,연세대,신촌,위치"
서울달리기코스추천,서울 러닝 코스 추천 BEST 7!... 인생 달리기를 찾아봐!,서울 러닝 코스 추천 BEST 7! 초보부터 마라톤까지 인생 달리기를 찾아봐!#서울러닝 #러닝코스 #서울달리기 #한강러닝 #남산둘레길 #서울숲 #올림픽공원 #여의도한강공원 #반포한강공원 #뚝섬한강공원 #청계천... ,https://blog.naver.com/0111khh/223999833496,,"아침,밤","인생,초보,인생,선선,바람,계절,아침,맞이,정말,최고,인생,초보,러너,숙련,토너,모두,주목,한강,러너,성지"
서울달리기코스추천,서울 러닝코스 추천 달리기 좋은 보라매공원,오늘은 서울에서 달리기 좋은 서울 러닝코스를 추천해 드리려고 합니다! 10월에 신청했었던 마라톤 대회가 끝나고 요새는 가벼운 조깅을 즐겨하고 있는데요. 요새 같은 가을 날씨에는 정말 달리기 좋은 것... ,https://blog.naver.com/uclasscompany/223656456099,,시간미상,"보라매,신청,대회,요새,조깅,요새,가을,날씨,정말,신청,대회,요새,조깅,요새,가을,날씨,정말,보라매,서울특별시,동작구"
서울달리기코스추천,&quot;서울 러닝 명소 5선! 도심 속 달리기 힐링 코스 모음&quot;,#서울러닝 #러닝코스추천 #서울운동하기좋은곳 #한강러닝 #석촌호수 #올림픽공원 #서울숲 #북악산둘레길 #달리기좋은곳 ♀️ 서울 러닝 명소 5선  도심 속에서도 ‘달리는 즐거움’을 느낄 수 있는 곳들!... ,https://blog.naver.com/times_minton/224067631348,,"아침,밤","명소,도심,힐링,모음,명소,도심,즐거움,명소,도심,즐거움,계절,고민,러너,곳곳,자연,도시,매력,명소,직접,러너"
서울달리기코스추천,개화 : 벚꽃 러닝 코스 | 벚꽃 런 하는 방법 | 서울 벚꽃길 달리기,"양재천은 제법 긴 산책로가 무려 한강쪽부터 양재시민의숲과 과천까지 길게 이어지는데, 벚꽃 러닝 코스로 벚꽃런 하는 방법으로 양재천에서 달리기 하기를 추천하는 곳은 영동2교와 영동3교 사이. 이렇게... ",https://blog.naver.com/wehavefuntoday/224236100078,,저녁,"개화,벚꽃,벚꽃,벚꽃,양재천,제법,산책로,무려,한강,양재시민의숲,과천,벚꽃,벚꽃,양재천,영동,영동,사이,퇴근,양재천,어머"
서울달리기코스추천,달리기 일기 트레일 러닝 코스 추천 관악산공원 청룡산 서울둘... ,운동 달리기 일기 트레일 러닝 코스 추천 청룡산+서울둘레길12코스 관악구청-청룡산-관악산공원-호압사-호암산 석수역(반환) 호암산-호압사-관악산공원-청룡산-관악구청 ♂️♀️ 17.47km... ,https://blog.naver.com/mintguni/223869691282,,시간미상,"일기,트레일,관악산,청룡,일기,트레일,청룡,둘레길,관악,구청,청룡,관악산,호압사,호암산,석수역,반환,호암산,호압사,관악산,청룡"
서울달리기코스추천,러닝코스 추천 보라매 공원에서 달리기하기,♀️♀️♀️ 달리기 하기 좋은 공원 보라매 공원입니다. 사람이 많았는데 ! 삼성폰 짱 ! 사람 다... #서울러닝코스추천 #보라매공원러닝트랙 #보라매공원러닝 그래도 다행이 페이스는 잘 유지하고 뜀... ,https://blog.naver.com/jh1989j/224188424287,,오전,"보라매,보라매,삼성,다행,유지,런닝,보라매,하프,레이스,뉴발란스,추가,당첨,하프,레이스,추가,당첨,뉴발란스,하프,뉴발란스,하프"
서울달리기코스추천,요즘 핫한 한강 10km 코스 뛰어봤다 (동작역 출발) 러닝/달리기,"(가로수길 추천) 동작대교 밑 Go~ go~  달리다 보니 어느새 반포대교 밑 잠수교!!! 사진으로만 보던 그... 이번 주도, 잘 다녀왔다. #서울 #한강 #한강대교 #반포대교 #잠수교 #러닝 #달리기 #동작역 #코스 #여행",https://blog.naver.com/moong-log/224258906603,"동작역,이촌한강공원,한강공원에서,다시",저녁,"요즘,한강,동작역,가로수길,동작대교,달리,반포대교,잠수교,주도,요즘,인스타,한강대교,잠수교,순환,자주,가야,한강,날씨,근접,올해"
서울달리기코스추천,"‘쉬엄쉬엄 한강 3종 축제’ 수영, 자전거, 달리기 코스 정보 및... ",참가자가 “달리기에서 가장 힘들다”고 느끼는 이유는 이미 수영과 자전거로 체력이 소진됐기 때문입니다. 코스 선택 기준 (중요) 쉬엄쉬엄 한강 3종 축제 초급자 코스 초급 추천 대상 운동 처음 시작... ,https://blog.naver.com/spring_morning/224241078816,"뚝섬한강공원,바로,구조,한강공원에서","아침,오전,오후,저녁,밤","쉬엄쉬엄,한강,축제,수영,자전거,참가자,가장,이유,수영,자전거,체력,소진,선택,중요,쉬엄쉬엄,한강,축제,대상,처음,한강"
서울달리기코스추천,제주 5일치 달리기코스 러닝코스 (남원읍 위미리 위미해안로... ,길이는 10km를 살짝 못 채우는 길인데 이 길을 추천하는 이유는 여유가 된다면 중간에 남원읍... 태웃개 #접대하기좋은코스 금요일에 서울에서 협이형 수진이네가 놀러 왔다. 수진이도 달리기를 좋아했기에... ,https://blog.naver.com/hongyeo_bee/223923479462,,새벽,"제주,남원읍,미리,해안로,길이,살짝,이유,여유,중간,남원읍,태웃,금요일,이형,수진,수진,레이지,제주,특별자치도,서귀포시,남원읍"
서울달리기코스추천,서울 러닝 코스 추천 '석촌호수 5km' 초보자 달리기 좋은 장소... ,석촌은 서울이라 그런지 러닝 패션들이 다들 좋으시더군요 하하. 그냥 후줄근하게 갔으면 부끄러울뻔 했습니다. 한참을 달리는데 비가 왈칵 쏟아 지던데 러너에게 비는 축복이죠 ㅎ 시원하고 좋았습니다. 코스... ,https://blog.naver.com/todaytrading/223990973572,,시간미상,"석촌호수,초보자,장소,석촌,패션,하하,그냥,한참,왈칵,러너,축복,동네,갑자기,어차피,장소,달리,러너,달리,공통,트립"
서울달리기코스추천,"숲 | 춘천 로컬 추천 코스 | 자전거,수영,달리기 운동 여행","달리기5k, 올림픽기념국민생활관수영장 바우옹심이메밀칼국수, 카페테리아 오이트 북스테이... 하룻밤 | 서울 서촌 가성비, 뚜벅이 북스테이 추천 : 호모북커스 심야서재 1인 후기 | 이솝 북익스체인지 여름... ",https://blog.naver.com/hyunofta/224088605995,아침에,"아침,오전,저녁,밤","춘천,로컬,자전거,수영,여행,올림픽,기념,국민,생활관,수영장,옹심이,메밀,칼국수,카페테리아,오이,스테이,하룻밤,가성,뚜벅,스테이"
서울달리기코스추천,달리기 코스 추천 / 고양시 일산 호수공원 한바퀴 러닝 이야기,경기 북부 쪽 서울 근교 러닝 코스를 찾고 계신다면 일산 호수공원을 적극 추천드립니다. #일산호수공원 #일산호수공원달리기 #일산호수공원러닝 #일산러닝 #일산달리기,https://blog.naver.com/jeongssulee/223617534601,,시간미상,"고양시,일산,호수,바퀴,이야기,경기,북부,근교,일산,호수,적극,고양시,일산신도시,위치,일산,호수,일산,호수,산책로,바퀴"
서울달리기코스추천,달리기 코스 추천 / 서울 여의도 고구마 러닝 코스 이야기,달리기 코스 추천 서울 여의도 대표 러닝코스 고구마 러닝 이야기 출발 여의도 공원 광장 여의도 공원 광장에서 시작하는 고구마런 짐보관은 IFC몰 코인락커를 이용추천! 대략 8~9km 정도 되는 코스라서... ,https://blog.naver.com/jeongssulee/223635422860,"이야기,광장",시간미상,"여의도,고구마,이야기,여의도,대표,고구마,이야기,여의도,광장,여의도,광장,고구마,보관,코인,락커,이용,대략,여의도,대표,고구마"
서울달리기코스추천,축제 신청 방법 뚝섬한강공원 수영 자전거 달리기 코스 총정리,https://www.sium-sium.com/ #한강3종축제 #쉬엄쉬엄한강3종축제 #뚝섬한강공원 #한강수영대회 #서울6월축제 #한강자전거코스 #한강달리기 #따릉이축제 #서울축제추천 #네이버예약,https://blog.naver.com/0111khh/224235523963,"뚝섬한강공원,한강공원에서",오후,"축제,신청,뚝섬,한강,수영,자전거,정리,서울시,주최,쉬엄쉬엄,한강,축제,뚝섬,한강,일대,축제,수영,자전거,본인,체력"
서울달리기코스추천,달리기 코스 추천 / 서울 남산 북측순환로 LSD 훈련 이야기,달리기 코스 추천 서울 남산 북측순환로에서 LSD 훈련 이야기입니다. 남산 북측순환로 남산 북측순환로 도착. 스트레칭 후 요헤미티 하나 미리 먹고 바로 북측순환로 LSD 훈련 시작. 왔다 갔다 LSD 훈련인 만큼... ,https://blog.naver.com/jeongssulee/223625338300,,시간미상,"남산,순환로,이야기,남산,순환로,이야기,남산,순환로,남산,순환로,스트레칭,미티,하나,미리,바로,순환로,만큼,남산,순환로,이야기"
서울달리기코스추천,2025 한강 쉬엄쉬엄 3종 축제 후기 | 상급자코스 수영 달리기... ,2025 한강 쉬엄쉬엄 3종 축제 후기 | 상급자코스 수영 달리기 자전거 피크닉 작년에 다녀온 한강... 그 짐을 줄서서 찾아서 대충 천막에서 옷 뒤집어 입고 (그래서 나시같은거 추천! 그냥 편하게 갈아입고 물기도... ,https://blog.naver.com/yeahappy00/224224101461,횡단은,"아침,오전,저녁","한강,쉬엄쉬엄,축제,상급자,수영,한강,쉬엄쉬엄,축제,상급자,수영,자전거,피크닉,작년,한강,서서,대충,천막,나시,그냥,물기"
서울달리기코스추천,러닝 달리기 코스 추천 한양도성 런 경복궁 인왕산 경복고 트랙... ,러닝 달리기 코스 추천 한양도성 런 경복궁 인왕산 가는 방법 서울 한양도성 순성길 인왕산 정상 서울 한양도성 순성길 인왕산 정상에서 창의문 방향으로 서울 한양도성 순성길 러닝 창의문에서... ,https://blog.naver.com/mintguni/223575940751,"출구,경복궁,출구에서",시간미상,"한양도성,경복궁,인왕산,경복고,트랙,한양도성,경복궁,인왕산,한양도성,인왕산,정상,한양도성,인왕산,정상,창의문,한양도성,창의문,한양도성,경복궁,인왕산"
서울달리기코스추천,서울 마라톤 일정 추천 11월 버거강정런10km 달리기,"서울 마라톤 일정 추천 11월 버거강정런 강남구청장배육상대회 10km 달리기 버거강정런은 강남구... 186-6) ◆ 코스: 10KM 달리기 단일코스 ◆ 인원: 2,500명(선착순) ◆ 참가비: 5만원 ◆ 기념품: 컴포트... ",https://blog.naver.com/allaboutcanada/224023216195,,"아침,오전,저녁","일정,버거,강정,일정,버거,강정,강남구,청장,육상,대회,버거,강정,강남구,단일,인원,선착순,참가,기념품,포트,아침"
서울달리기코스추천,두달살기] 일로일로강(리버 에스플래나드) 달리기 코스 추천,각종 볼거리가 있어서 눈도 즐겁고 동남아의 꽃도 예쁘게 펴있고 시원한 뷰까지 서울의 한강만큼은 아니지만 일로일로강(리버 에스플래나드)도 달리기에 최고다 매일 일하는 분들이 정원을 관리해주셔서 계속... ,https://blog.naver.com/crystalet12/224154170491,,"새벽,아침,오후","살기,일로일로,리버,에스,플래나드,각종,볼거리,동남아,한강,일로일로,리버,에스,플래나드,최고다,매일,정원,관리,계속,새벽,아이"
서울달리기코스추천,도전기 #6 [서울 러닝 코스]... 무릎이 편안한 힐링 코스 추천),체력증진 #부상복귀 #복귀러닝 #동적스트레칭 #하프마라톤준비 #15km완주 #러닝목표 #성북천 #청계천 #중랑천 #러닝코스추천 #서울달리기 #성북천러닝 #한성대입구역 #석계역러닝 #서울러닝코스 #물길따라달리기,https://blog.naver.com/dudgmlqo/224265882257,"발바닥,입구,성북천,루트","오전,오후,밤","도전,무릎,힐링,체력,증진,부상,강제,휴식,다시,운동화,위로,평균,평균,심박,평균,케이,던스,복귀,가장,신경"
서울달리기코스추천,동작역 한강 러닝코스 추천 15km 서울 달리기코스,#동작역러닝코스 #서울러닝코스 #서울달리기코스추천 #서울러닝코스추천 #동작역15km러닝 #한강러닝코스 #한강달리기코스 #동작역2번출구 #동작역물품보관함 #한강러닝 #한강달리기 #마라톤... ,https://blog.naver.com/wlsgh2297/223240946132,"동작역,동작,동작역에서","오전,저녁","동작역,한강,동작역,한강,대회,위해,동작역,철인,경기,이후,제대로,이제야,연습,동작역,동작역,한강,정리,동작역,한강,호선"
서울달리기코스추천,"서울 달리기 코스 추천, 서울숲","그래서 무빙시티에서는 RUN+ 회원들이 추천 하는 서울 달리기 코스를 시리즈로 소개해드리고 있는데요. 화요일에서 남산을 뛰는 모임, 화남런의 남산 코스, 크루즈를 닮은 노들섬과 서래섬 코스에 이어... ",https://blog.naver.com/traveldesigner/221990200733,,오전,"서울숲,무빙,시티,회원,시리즈,화요일,남산,모임,화남런,남산,크루즈,노들섬,서래섬,출처,플리커,하나,개발,일이,요즘,매너리즘"
서울달리기코스추천,당신이 달리기를 시작해야 하는 이유 (서울 달리기 코스 추천),내겐 너무 빠른 그녀 앞으로도 열심히 따라갈게~!!! 글 : 정우식 사진 : @kyu_happy #서울달리기 #러닝 #서울러닝 #달리기코스 #러닝추천 #그룹러닝 #남산러닝 #남산업힐 #러닝챌린지 #남산운동 #남산 #백퍼센트,https://blog.naver.com/boksoonkoala/223045074084,한남점,"아침,오전","당신,이유,내겐,그녀,정우식,코알라,백퍼센트,진행,린지,행사,번개런,참여,남산,순이,만남,장소,남산,기분,백퍼센트,한남"
서울달리기코스추천,서울 5km 달리기 러닝 코스 추천 석촌호수 왜 뛰는지 알겠네♂️,부지런 매일 달리기 4일차 오늘은 원래 퇴근하고 바로 한강 공원 나가서 뛰려고 했는데 오랜만에 친한... 오늘의 러닝 추천 코스 석촌호수 석촌호수는 바닥이 푹신푹신한 탄성 좋은 소재라 발목 약하신 분들도... ,https://blog.naver.com/bbirang_/223073996239,,아침,"석촌호수,부지런,매일,원래,퇴근,바로,한강,석촌호수,석촌호수,바닥,탄성,소재,발목,부지런,매일,원래,퇴근,바로,한강,동생"
서울달리기코스추천,"서울 달리기 코스 추천, 크루즈를 닮은 노들섬","노들섬, 러닝 코스 무빙시티에서 추천해드리는 노들섬의 러닝 코스는 크루즈 모양의 노들섬 둘레길을 달리는 것입니다. 길쭉한 노들섬의 둘레는 1.5km. 길은 평지로 달리기가 아주 좋은 길이죠. 본인의... ",https://blog.naver.com/traveldesigner/221899136933,,시간미상,"크루즈,노들섬,노들섬,무빙,시티,노들섬,크루즈,모양,노들섬,둘레길,노들섬,둘레,평지,아주,길이,본인,출처,노들섬,공식,홈페이지"
서울달리기코스추천,"서울 달리기 코스 추천! 봄엔 유채꽃, 가을에는 메밀꽃 피는... ",출처 : 한국관광공사 홈페이지 서울은 달릴 수 있는 매력적인 공간이 참으로 많습니다. 평소에 어디를 달리고 있으신가요? 익숙한 러닝 코스도 좋지만 다른 러너들이 직접 뛰어보고 추천하는 새로운 러닝... ,https://blog.naver.com/traveldesigner/221970335748,"어디서나,러닝코스의,구반포",밤,"유채꽃,가을,메밀,출처,한국,관광,공사,홈페이지,매력,공간,참으로,평소,어디,달리,가요,다른,러너,직접,보고,출처"
서울달리기코스추천,"서울러닝코스 추천, 남산 한바퀴 달리기! 화려한 야경에... ",서울 러닝 코스 추천2 남산 둘레길 달리기 코스 저번 정릉천-성북천 코스에 이어서 제가 좋아하는 서울 런닝코스 추천해드리려고 합니다! 실내운동은 물론 야외에 나가기도 어려워지긴 했는데요 외출이 조금... ,https://blog.naver.com/njw601/222068760314,,밤,"남산,바퀴,야경,남산,둘레길,저번,정릉천,성북천,런닝,실내,야외,외출,조금,남산,둘레길,저번,정릉천,성북천,런닝,실내"
서울달리기코스추천,2026 골드러시 서울 근교 마라톤 대회 일정 코스 추천... ,달리기만 했는데 ‘금’을 준다면 믿어지시나요? 요즘 러너들 사이에서 화제인 ‘2026 골드러시... 코스 이색 마라톤으로 추천드리는 2026 골드러시의 코스는 10km 단일코스에요! 장소는 하남 미사... ,https://blog.naver.com/hhyejjin0810/224258037822,,"아침,오전","골드러시,근교,대회,일정,요즘,러너,사이,화제,골드러시,이색,골드러시,장소,하남,미사,달리,요즘,러너,사이,화제,골드러시"
서울달리기코스추천,[서울 러닝 코스 추천] 영상 5도~10도 러닝 옷차림 완벽... ,5km ~ 10km 달리기 좋은 서울 러닝 코스 BEST 5 준비가 끝났다면 이제 뛰어볼까요? 초보자도 뛰기 좋은... #영상5도러닝 #영상10도옷차림 #러닝복장추천 #서울러닝코스 #5km러닝 #10km러닝 #러닝초보 #반포한강공원... ,https://blog.naver.com/yeepi01/224214350293,,"저녁,밤","옷차림,완벽,이제,초보자,업힐,서녕,요즘,기온,사이,날씨,정말,계륵,겉옷,막상,금방,뻘뻘,처치,곤란,고수,항상"
서울달리기코스추천,서울에서 달리기 좋은 코스 8가지 추천,서울 달리기 좋은 코스 추천 1. 북서울 꿈의 섬 출처 : 플리커 flickr.com/photos/digitalarch/ 북서울 꿈의 숲은 예능 프로그램인 &lt;런닝맨&gt;의 촬영 장소이기도 합니다. 서울에서 4번째로 큰 공원인만큼 굉장히 넓은... ,https://blog.naver.com/traveldesigner/221643878039,국립극장,"아침,오전,저녁,밤","가지,출처,플리커,예능,프로그램,런닝맨,촬영,장소,원인,여행,본적,가요,기분,이색,풍경,하나,하나,그날,바람,온도"
서울달리기코스추천,2026 서울유아차런 훈련 고양시 러닝코스 성사체육공원 추천,"적당한 고저가 섞인 달리기 좋은 1km 순환코스! 사진, 글 ⓒ 미스터반 2026 서울유아차런을 1주일 앞두고 훈련으로 방문한 고양시 러닝코스 추천!... ",https://blog.naver.com/enterside/224225035937,,"오전,오후","유아차,고양시,성사,체육,고저,순환,미스터,유아차,주일,방문,고양시,고저,순환,미스터,유아차,주일,방문,고양시,성사,체육"
서울달리기코스추천,"서울 러닝, 달리기 코스 추천! 석촌호수","무빙시티에서는 좀 더 즐겁고 지속적인 달리기가 가능하게 끔 서울의 러닝 코스 추천하는 시리즈를 연재 중에 있죠. 오늘은 도심 속 안전한 러닝이 가능한 석촌호수를 소개해드릴게요. 석촌호수, 공간을... ",https://blog.naver.com/traveldesigner/222093099045,잠실,"오전,밤","석촌호수,무빙,시티,지속,시리즈,연재,도심,석촌호수,석촌호수,공간,출처,플리커,코로나,시대,달리,장마,태풍,무더위,선선,날씨"
서울달리기코스추천,서울 도심 정동길 경복궁 창덕궁 청계천 런코스! 광화문부터... ,#서울러닝코스 #서울러닝추천 #도심러닝코스 #광화문러닝 #청계천러닝 #서울10km코스 #러닝코스추천 #서울달리기 #러닝기록 #런스타그램 #러닝일상 #서울야외운동 #러닝코스공유 #하프마라톤준비 #10km러닝... ,https://blog.naver.com/minsanity-/224233535726,"예원학교,예원학교에서",시간미상,"도심,정동,경복궁,창덕궁,청계천,광화문,정동,벚꽃,피기,도심,주말,직접,대표,명소,자연,루트,동시,구경,매력,학교"
서울달리기코스추천,"서울 러닝, 달리기 코스 추천! 북서울 꿈의 숲",겨울에도 쉬지 않고 열심히 달릴 서울의 러너들을 위해 오늘 무빙시티에서는 서울 달리기 코스로... 러닝 코스가 아닐까 싶은데요. 공원 둘레를 따라 한 바퀴 크게 달리는 코스를 추천해드립니다.... ,https://blog.naver.com/traveldesigner/222141729532,,시간미상,"겨울,러너,위해,무빙,시티,둘레,바퀴,크게,출처,북서울꿈의숲,홈페이지,날씨,부쩍,러너,추위,아랑곳,제대로,여러,겨울,매력"
서울달리기코스추천,"남산 달리기 코스추천, 북측순환로","남산 북측순환로 업힐 , 다운힐이 가득 담겨져 있는 남산 북측순환로 달리기 코스로 추천드려요.... 뛰었지만 달리기 좋아하시는 분들은 훈련으로 남산3바퀴 등등 달리는 길이를 늘려서 하세요. 서울에... ",https://blog.naver.com/godud4132/222649086690,,시간미상,"남산,순환로,남산,순환로,업힐,다운,가득,남산,순환로,남산,바퀴,등등,길이,여자,겨울,점점,계절,겨울,주로,보라매"
서울달리기코스추천,"양재천 벚꽃 러닝 후기, 서울 봄 산책 러닝코스 여기 하나면 끝!",#양재천러닝 #양재천벚꽃 #서울러닝코스 #벚꽃러닝 #서울벚꽃명소 #러닝코스추천 #서울달리기 #봄러닝 #러닝일상 #런스타그램 #러닝기록 #서울운동 #야외운동 #러닝스타그램 #벚꽃명소 #서울산책코스 #운동기록... ,https://blog.naver.com/minsanity-/224241559588,"매봉,대청,매봉에서",시간미상,"양재천,벚꽃,산책,여기,하나,벚꽃,시즌,여윽시,양재천,산책,정말,양재천,전체,길이,정비,대부분,평지,초보자,유지,환경"
서울달리기코스추천,2023 서울달리기(SEOUL RACE) 대회정보 및 코스 물품보관... ,대회는 하프코스와 11km코스가 있는데 주변을 보면 대부분 하프를 신청했다.나포함. 서울레이스 2023은... 물품보관 notice 11km 집결및 탈의실 :서울광장 하프 집결 및 탈의실 :청계광장 생각외로 서울달리기 2023... ,https://blog.naver.com/realpsg/223223944530,"다녀온후,대회,먼저",오전,"대회,물품,보관,대회,하프,대부분,하프,신청,포함,레이스,물품,보관,집결,탈의실,광장,하프,집결,탈의실,청계,광장"
서울달리기코스추천,달리기 코스추천 여의도 고구마런 10km,서울로 이사를 오면서 다앙한 달리기 코스를 알게되었고 러너들에게 소개해드리는 컨텐츠를 만들고 있어요. 관심을 가지게 되니 저도 몰랐던 코스도 많이 알게되더라구요. 처음으로 시작한 코스는 남산... ,https://blog.naver.com/godud4132/222699027428,에서,시간미상,"여의도,고구마,이사,러너,컨텐츠,관심,가지,처음,남산,여자,이사,러너,컨텐츠,관심,가지,처음,남산,순환로,이전,참고"
서울달리기코스추천,[지구여행 프로젝트]질주본능 훈련/서울 핫한 달리기 코스,남산러닝코스추천 남산이 이렇게 아름다운 곳인지 처음 알았어요 케이블카 타고 올라가기 바빴는데... 보라빛의 꽃도 성곽과 어우러져 지나가는 이들에게 기쁨을 주네요 저는 질주본능과 달리기 하면서 서울의... ,https://blog.naver.com/orange207020/221536021696,,새벽,"지구,여행,프로젝트,질주,본능,남산,남산,처음,케이블카,타고,보라,성곽,기쁨,주네,질주,본능,소식,옛날,옛적,아주"
서울달리기코스추천,서울대학교 트랙에서 달리기하기 서울 러닝코스 추천,서울대는 좀 딱딱해서 충격이 있는거같다고 같이 달리기하는 친구가 말해주더라구요 그래도 가까운 서울대를 떠나서 달리기할생각은.. 저는 없습니다 ㅋ_ㅋ 오늘도 함께하는 데상트 에너자이트 슈퍼 입니다 예... ,https://blog.naver.com/how_g/222871374576,,시간미상,"서울대학교,트랙,서울대,충격,서울대,데상트,에너자이트,슈퍼,서울대학교,주소,관악구,관악로,주차장,학교,유료,주차장,운영,화장실,서울대학교,정문"
서울달리기코스추천,"서울 도심 달리기 코스 추천, 서울대학교 순환코스","자기만의 달리기 코스에서 달리는 게 좋고 주말에는 많은 사람들이 직접 뛰어보고 추천하는 매력적인... 그럼 서울대학교 달리기 코스는 어떤 매력이 있는지 함께 살펴보실까요? 서울대학교, 공간을 알고... ",https://blog.naver.com/traveldesigner/222006831004,"낙성대,입구,서울대입구",밤,"도심,서울대학교,순환,자기,주말,직접,보고,매력,서울대학교,매력,서울대학교,공간,권태,로움,권태,로움,트릴,가장,주중,패턴"
서울달리기코스추천,서울 달리기 코스로 추천! 보라매공원,오늘 무빙시티에서는 어김없이 서울에서 달리기 좋은 코스를 가져와 봤습니다. 바로 보라매... 걸 추천해드립니다. 매일 매일 달리거나 걸은 걸 어플로 인증하면 1km 당 100 크루즈 마일리지를 적립해줘서... ,https://blog.naver.com/traveldesigner/222169161753,신림,"오전,저녁","보라매,무빙,시티,바로,보라매,매일,매일,어플,인증,크루즈,마일리지,적립,출처,플리커,가장,가장,올해,풍경,예년,달라"
서울달리기코스추천,러닝 코스 추천 한강 서울 달리기 명소 TOP 6,"| 한강 러닝 코스 추천 | ♀️♂️ 여의도 잠수교 노들섬 탁 트인 한강 풍경, 여의도 공원 한강공원은 서울시민들이 가장 많이 찾는 달리기 명소 중 하나입니다. 한강공원의 길이는 서울에서 약 40km에... ",https://blog.naver.com/yezin1223/223073221666,,밤,"한강,명소,한강,여의도,잠수교,노들섬,한강,풍경,여의도,한강,시민,가장,명소,하나,한강,길이,예진,시즌,맞이,한강"
서울달리기코스추천,"달리기 좋은 가을, 서울 속 원하는 코스 따라 6km 달렸어요!","“첫 도전에 성공했다”는 이야기부터 자신이 발견한 포토 스팟을 추천하는 게시물 등 다들 ‘따로 또... 망원한강공원 풍경, 한강공원에는 달리기 좋은 코스가 많다. ⓒ서울관광아카이브 ‘내년, 너의... ",https://blog.naver.com/120seoulcall/222555023825,,저녁,"가을,도전,이야기,자신,발견,포토,스팟,게시,망원,한강,풍경,한강,관광,아카이브,내년,가을,계절,이마,바람,가을"
서울달리기코스추천,달리기 =나*파트너+날씨+코스) 서울 달리기(러닝) 코스를 추천하... ,"두말할 필요 없이 건강에 좋은 달리기지만, 재미없으면 오래 하기 어려운 건 마찬가지입니다. 달리기는... 여기서 10km를 놀며 달리며 2시간 10k 코스를 추천합니다. 올림픽 공원에서 6k, 올림픽로 왕복 1.5k... ",https://blog.naver.com/hotae1/222527739193,,"새벽,아침","파트너,날씨,필요,건강,마찬가지,여기,달리,올림픽,올림픽로,왕복,필요,건강,마찬가지,무엇,요소,보태,공식,하나,공식,파트너"
서울달리기코스추천,"하늘공원~노을공원 러닝 | 달리기 좋은 길, 서울 러닝코스 추천",이번주도 달리기 좋은 날씨 ! 토요일 아침 일찍 일어나 상암 러닝을 하기로 했다. 상암 러닝코스는... 계획이다 : ) #상암러닝코스 #서울러닝코스추천 #상암하늘공원러닝 #상암러닝 #서울러닝 #러닝코스추천... ,https://blog.naver.com/wlduddl33/223210236149,,"새벽,아침","하늘,노을,주도,날씨,토요일,아침,일찍,상암,상암,계획,주도,날씨,토요일,아침,일찍,상암,상암,하늘,노을,크게"
서울달리기코스추천,[달리기코스 정기구독(52)] 서울 메트로 런(15) 까치산~합정,T의 노래로 유명해진 양화대교를 가봅시다 먼저 문래동 지역 전문가가 추천하는 문래동의 Must-Go... #구독 #정기구독 #구독서비스 #정기구독서비스 #달리기코스구독 #러닝코스구독 #서울달리기코스구독... ,https://blog.naver.com/shjazz/222672598755,,저녁,"정기,메트로,까치산,합정,노래,양화대교,먼저,문래동,지역,전문가,문래동,모든,지하철역,대서,절기,가장,역시,오후,기온,날짜"
서울달리기코스추천,[달리기코스 정기구독(12)] 서울 메트로 런(5) 약수~고속터미널,"추워도 반팔, 반바지 착용) 양말(발가락 양말 추천) 장갑(추울 때) 힙색(스마트폰, 파워젤... 이야기&gt; #구독 #정기구독 #구독서비스 #정기구독서비스 #달리기코스구독 #서울달리기코스구독 #서울런 #seoulrun... ",https://blog.naver.com/shjazz/222635846766,"대회,라인",시간미상,"정기,메트로,약수,고속,터미널,반바지,착용,양말,발가락,양말,장갑,힙색,스마트폰,파워,이야기,모든,지하철역,작가,무라카미,하루키"
서울달리기코스추천,[달리기 코스 정기구독(1)]서울 메트로 런(1)신설동~을지로 3가,"&lt;플릿 러너&gt;에서는 발 측정과 러닝 자세를 비디오로 촬영, 분석 후에 나에게 적합한 러닝화를 추천해... #구독 #정기구독 #구독서비스 #달리기코스정기구독 #서울달리기코스정기구독 #서울런 #seoulrun #seoul... ",https://blog.naver.com/shjazz/222627249551,신설동역을,시간미상,"정기,메트로,신설,을지로,플릿,러너,측정,자세,비디오,촬영,분석,모든,지하철역,모든,지하철역,매력,도시,구석,구석,어디"
서울달리기코스추천,"서울 힐링 러닝코스 추천, 광화문에서 청계천 따라 달리기",지난주 일요일에도 청계천에서 50분 달리기를 하면서 어떻게 소개 드리면 좋을까 고민하다 이제야... 이상으로 광화문역에서 청계천을 따라 달리는 서울 러닝 코스 추천을 마치겠습니다. 감사합니다.,https://blog.naver.com/scbusiness/223326764010,"청계광장에서,광화문,청계광장","새벽,밤","힐링,광화문,청계천,지난주,일요일,청계천,고민,이제야,광화문역,청계천,광화문,청계천,광화문,청계천,가장,자주,주로,색감,힐링,장소"
서울달리기코스추천,"서울 노원 달리기 러닝 코스(당현천, 중랑천, 서울과학기술대... ",따뜻한 봄날이 오면 여기를 한 번 달리길 추천한다. 서울에 사는 누구에게라도 달리기 좋은 코스가 된다. 서울은 어느 곳이든 지하철이 잘 되어 있다. 주말에 차를 갖고 온다면 노원구청이나 바로 옆 한전에... ,https://blog.naver.com/hotae1/223354040067,"중랑천,상계,노원역,공릉,상계역에서,노원,상계역","아침,저녁","노원,당현천,중랑천,과학기술대,봄날,여기,누구,지하철,주말,노원,구청,바로,한전,둘레길,바퀴,지역,둘레길,경기도,경계,길이"
서울달리기코스추천,그늘 있는 서울 한강 런닝 추천 달리기 코스(노들나루공원 주차장),"만약 서울의 여름 한낮에 뛰고 싶다면, 뛰어야 한다면 더위 먹지 말고 주변의 #한강그늘달리기코스 를 찾아보길 추천한다. 정 모르겠으면 댓글로 물어보면 친절히 가르쳐 드리겠다~ ‘주마레로이’는 운동과... ",https://blog.naver.com/appleroi/223897513224,"다시,이곳이,때문에,잡고","새벽,아침,오전","그늘,한강,런닝,노들나루,주차장,만약,여름,한낮,더위,마레,로이,노들나루,주차장,영업,야근,새벽,출근,다행,일찍,낮잠"
서울달리기코스추천,성원장 마라톤 연습 달리기 조깅운동 코스 추천 - 서울... ,"#마라톤 개인 #연습, #조깅 #달리키운동 은 서울 양재천, 탄천, 한강공원 코스로 이용을 하고 있으니 혹시 함께 하고자 하시는 분들은 블로그 말구, 아래 인스타를 이용해서 연락을 주세요. ^^. 비가와서 그런지... ",https://blog.naver.com/ucdental2875/222293864633,,오전,"원장,연습,조깅,개인,양재천,탄천,한강,이용,혹시,아래,인스타,이용,연락,지난주,토요일,일요일,계속,기억,휴일,그날"
서울달리기코스추천,운동 달리기 일기 러닝 코스 추천 과기대 트랙 따릉이 타고 우중런,75km 운동 기록 러닝 달리기 어플 앱 런데이 RunDay #운동기록 #운동일기 #러닝일기 #러닝 #달리기 #달리기일기 #러닝코스 #러닝추천코스 #과기대 #서울과학기술대학교 #과기대운동장 #과기대트랙... ,https://blog.naver.com/mintguni/224037604287,,시간미상,"일기,과기대,트랙,따릉,타고,우중,기록,어플,데이,일기,과기대,트랙,우중,비옷,따릉,타고,버스,요즘,차안,따릉"
서울달리기코스추천,서울 달리기 추천 코스 남한산성 등산코스 이날은 트레킹... ,"고도 차이도 많지 않아서 편안하게 걸으면 피톤치드를 할 수 있는 코스이자, #서울달리기 추천코스 인 이유가 여기 있습니다. 저 위의 사진은 서울을 달리는 100가 방법 중에서도 사진으로 실린 그 포토포인트... ",https://blog.naver.com/zest2121/222334516659,버튼을,오전,"남한,산성,등산,트레킹,고도,차이,피톤치드,이자,이유,여기,포토,포인트,남한,산성,등산,전경,남한,산성,성곽,북문"
서울달리기코스추천,서울 근교 러닝 코스 남양주 삼패공원 한강변 달리기,"초보 러너의 서울 근교 추천 러닝 코스. 오늘은, 남양주 덕소에 있는 삼패공원! 한강을 바로 옆에 두고... 삼패공원 달리기 11월의 가을 빛깔이 공원에 가득했다. 빨간색의 나뭇잎들이 곳곳에서 빛난다. 간단히... ",https://blog.naver.com/yanagi226/224069312594,,오전,"근교,남양주,삼패,강변,초보,러너,근교,남양주,덕소,삼패,한강,바로,삼패,가을,빛깔,빨간색,나뭇잎,곳곳,초보,러너"
서울달리기코스추천,축제 총정리 | 뚝섬한강공원 수영·자전거·달리기 코스 안내,빠르게 확인하고 싶은 분들은 공식 인스타그램 [인스타 계정] 팔로우해두는 걸 추천해요. 여기서... (09:00~18:00)  달리기 코스 초급자 5K: 뚝섬한강공원 축구장2 → 올림픽대교 반환 (09:00~18:00) 중급자 7K... ,https://blog.naver.com/x_xeohye143/224213835558,,시간미상,"축제,정리,뚝섬,한강,수영,자전거,안내,확인,공식,인스타그램,인스타,계정,팔로우,여기,뚝섬,한강,축구장,올림픽대교,반환,코기"
서울달리기코스추천,달리기 좋은 지금! 국내 BEST 드라이브코스와 코스별 추천숙소... ,[드라이브코스] 달리기 좋은 지금! 국내 BEST 드라이브코스와 코스별 추천숙소 알아볼까? 덥지도... 오늘은 국내 BEST 드라이브코스를 소개해 드리겠습니다^__^ [서울] Road. 북악스카이웨이... ,https://blog.naver.com/interpark_tour/60214351788,"당장,기분좋게",시간미상,"지금,국내,드라이브,숙소,드라이브,지금,국내,드라이브,숙소,국내,드라이브,북악스카이웨이,드라이브,지금,국내,드라이브,숙소,날씨,요즘,내일"
서울달리기코스추천,새소리로 힐링하는 달리기 코스 추천,"번째 추천 코스는 해변이나 강변입니다 바다의 파도 소리와 함께 달리면, 새로운 에너지를 얻을 수 있습니다 부산의 해운대 해변이나 서울의 한강공원은 이처럼 자연의 소리와 함께 달리기에 최적의 장소입니다... ",https://blog.naver.com/church5021/223972284921,,아침,"새소리,힐링,해변,강변,바다,파도,소리,달리,에너지,부산,해운대,해변,한강,이처럼,자연,소리,최적,장소,새소리,힐링"
서울달리기코스추천,새소리가 들리는 달리기 코스 추천,"추천 달리기 코스를 소개하겠습니다 첫 번째 추천 코스는 서울의 **한강공원**입니다 한강 주변은 다양한 조류들이 서식하는 곳으로, 특히 아침 시간대에는 새소리로 가득 차 있습니다 한강의 자전거 도로와... ",https://blog.naver.com/invent13468/223964917058,,아침,"새소리,한강,한강,조류,서식,아침,시간대,새소리,가득,한강,자전거,도로,건강,유지,스트레스,해소,매우,효과,자연,자체"
서울달리기코스추천,"서울여행 러닝코스, 남산달리기.&lt;남산둘레길을 달려보다&gt;",그래서 러닝 인플루언서들이 많이 추천했던 남산둘레길 러닝코스를 이번 여행에서 직접 달려보기로 결정하였습니다. 과연 지방 촌놈의 서울남산달리기는 어땠을까요? 충무로역에서 남산둘레길까지 숙소에서... ,https://blog.naver.com/cdman011/223756102949,"숙소,충무로,숙소에서,생각에,제가,만지다보니","새벽,저녁","여행,남산,남산,둘레길,플루,남산,둘레길,여행,직접,보기,결정,과연,지방,촌놈,남산,충무로역,남산,둘레길,숙소,주말"
서울달리기코스추천,서울달리기_서울러닝 추천코스는 100개가 넘는다. 건강인생... ,#워킹서울 #서울걷기 #러닝서울 #달리기_러닝루틴 #일본시코쿠여행_달리기 #서울달리기_서울러닝_코스추천 #서울달리기_서울러닝_추천코스 #코로나_달리기 #서울달리기대회 서울을 워킹하자.... ,https://blog.naver.com/pccidjyj/223619678691,,"새벽,오전","건강,인생,워킹,워킹,기록,대회,레이스,마치,페북,과거,기록,절뚝,면서,뚝섬,결승,라인,통과,입장,하프,보기"
서울달리기코스추천,건강을 위한 오솔길 달리기 코스 추천,"오솔길 달리기 코스를 추천하는 이유는 다양하지만, 그 중에서도 자연과의 연결, 스트레스 감소, 그리고... 선택입니다 서울의 올림픽공원이나 여의도 한강공원은 비교적 평탄한 코스로, 안전하게 달릴 수 있는... ",https://blog.naver.com/democrat797/223971333482,,시간미상,"건강,오솔길,오솔길,이유,자연,연결,스트레스,감소,선택,올림픽,여의도,한강,비교,오솔길,자연,공기,도시,숲길,오솔길,정신"
서울달리기코스추천,"청주 달리기코스 추천, 무심천과 충북대트랙","앞으로 더욱 달리기 좋은 환경이 될 것 같은 청주 무심천을 달리기코스로 추천합니다. 충북대 트랙... 사실 서울의 한강이나 부산의 해운대, 영덕의 블루로드, 제주도 해안처럼 멋진 러닝코스는 아니지만... ",https://blog.naver.com/cdman011/223018539402,,"새벽,아침,저녁,밤","청주,무심천,충북대,트랙,더욱,환경,청주,무심천,충북대,트랙,사실,한강,부산,해운대,영덕,블루,로드,제주도,해안,겨울"
서울달리기코스추천,운동 달리기 일기 저스트레일... 러닝 코스 추천 북한산성... ,운동 달리기 일기 트레일 러닝 코스 추천 북한산성 12성문 ⭐ 저스트레일 트레일 러닝 크루 JUSTRAIL... 25km 운동 기록 러닝 달리기 어플 앱 런데이 RunDay 서울레이스 하프 대회가 D-3인데 트런만 뛰고... ,https://blog.naver.com/mintguni/224035896808,,오전,"일기,저스트,레일,북한,산성,일기,트레일,북한,산성,성문,저스트,레일,트레일,크루,기록,어플,데이,레이스,하프,대회"
서울달리기코스추천,추울수록 꾸준히! 달리기 좋은 서울 러닝 코스 추천,"달리기 좋은 서울 러닝 코스 추천 내 손안에 서울 발행일 2024.12.10. 16:19 수정일 2024.12.10. 17:31 조회 815 건강관리에 관심 많은 시대. 쉽게 즐길 수 있고, 건강에도 좋은 달리기는 젊은 세대를 중심으로 크게... ",https://blog.naver.com/yamako05/223689537509,"속터미널에서,고속터미널","저녁,밤","손안,발행,정일,조회,건강,관리,관심,시대,건강,세대,중심,크게,손안,발행,정일,조회,건강,관리,관심,시대"
서울달리기코스추천,[달리기][러닝] 분당 달리기 추천  코스 - 분당천 러닝 후기 &amp; 꿀팁,오늘은 제 취미인 달리기에 대해서 적어볼까 합니다. 제가 사는 곳은 서울. 직장은 분당인데요 서울에는... (이만) #러닝 #달리기 #달리기코스추천 #러닝코스추천 #분당러닝코스 #분당러닝 #성남러닝코스추천... ,https://blog.naver.com/seongnambjj/223954018339,,오전,"분당,분당,꿀팁,취미,대해,직장,분당,존프랭클,성남,주짓수,취미,대해,직장,분당,차도,유목민,분당,분당,천이,최고"
서울달리기코스추천,2026 포켓몬 런 서울 신청 일정 정리 5km 8km 코스,"추천 대상 가족, 유모차 동반 개인 러너 구간 특성 한강공원 평탄 구간 확장 루트 서울 코스... ✅ 코스 선택 기준 옥냥 기준으로 정리해볼게요. 아이 동반 → 5km 러닝 입문자 → 5km 평소 달리기 즐김... ",https://blog.naver.com/fds6051/224202129681,체조,시간미상,"포켓몬,신청,일정,정리,대상,가족,유모차,동반,개인,러너,특성,한강,평탄,확장,루트,선택,정리,아이,동반,입문"
서울달리기코스추천,제3회 쉬엄쉬엄 한강 3종 축제 달리기 자전거 코스 완벽 정리,#쉬엄쉬엄한강3종축제 #쉬엄쉬엄한강 #제3회쉬엄쉬엄한강 #서울시 #서울시체육회 #헤이웨이 #한강달리기 #한강자전거 #마라톤대회 #자전거라이딩 #뚝섬한강공원 #런린이 #라이딩코스 #러닝코스추천... ,https://blog.naver.com/1donodo1/224246857397,"달리기와,힐링숲,섬한강공원을",시간미상,"쉬엄쉬엄,한강,축제,자전거,완벽,정리,한강,바람,축제,소식,바로,쉬엄쉬엄,한강,축제,이름,쉬엄쉬엄,만큼,기록,경쟁,대한"
서울달리기코스추천,러닝 후기 | 길음역 출발 → 청계천까지 10km 달리기 코스 추천!,"가면 오른쪽으로 건너 갈 수 있는 길이 있는데 러닝하시는 분들은 꼭 건너가서 러닝하시는 걸 추천드... sola의 작은 발자국, 툭툭 #정릉천 #정릉천러닝 #청계천 #청계천달리기 #성북천 #서울러닝코스... ",https://blog.naver.com/stblzd/224028578583,"길음,길음역,역에서부터,종암박스파크,박스파크에서,역에서,길음역에서,쪽으로","새벽,아침,오전,저녁","길음역,청계천,가면,오른쪽,건너,길이,발자국,툭툭,주말,내내,정릉천,원래,성북천,정릉천,조금,퇴근,바로,길음역,정릉,시장"
서울달리기코스추천,"서울 러닝코스 추천, 처음 시작하기 좋은 구간은 어디일까",서울은 생각보다 다양한 러닝 환경을 갖춘 도시입니다. 처음 달리기를 시작하면 가장 먼저 고민되는... 오늘은 서울 러닝코스 추천해드리도록 하겠습니다.  처음 러닝을 시작할 때 어떤 코스가 부담이 적을까... ,https://blog.naver.com/fing3rscompany/224122802761,,"저녁,밤","처음,어디,환경,도시,처음,가장,먼저,고민,처음,부담,여러분,골프,핑골,생활,선택,점점,헬스장,바깥,공기,선호"
서울달리기코스추천,서울 마라톤 일정 10K 챌린지 서울 대회 션과 함께 10km 달리기,"햇지입니다 :) 올 가을 첫 마라톤대회 경험을 위해 10km 달리기 코스를 찾는다면 션과 함께 달릴 수 있는 서울 마라톤 일정인 10K 챌린지 서울 대회 추천해요! 10월 26일 일요일, 한강 위로 번지는 석양을... ",https://blog.naver.com/allaboutcanada/223997998902,"하려면,여의도공원","아침,오전","일정,린지,대회,가을,대회,경험,위해,일정,린지,대회,일요일,한강,위로,번지,석양,가을,대회,경험,위해,일정"
서울달리기코스추천,석촌호수 모닝달리기 5km 러닝코스 추천,"러닝, 산책, 휴식까지 모두를 만족시켜줄 곳을 찾고 계신다면, 다음 아침 석촌호수에서 저와 함께 조용한 시간을 누려보시는 건 어떨까요? #석촌호수 #조깅 #석촌호수러닝 #서울달리기 #러닝코스추천",https://blog.naver.com/jwqueen1227/223759843858,"잠실,초보자",아침,"석촌호수,모닝,산책,휴식,모두,만족,다음,아침,석촌호수,보시,석촌호수,아침,공기,달달,정말,아침,여기,분위기,맑은,공기"
서울달리기코스추천,서울러닝코스 추천 [서서울호... 서울 서남권 숨은 달리기 명소... ,#서서울호수공원 #서울러닝코스 #서울달리기코스 #서울운동장소 #서울러닝추천 #서울호수공원 #서울러닝핫플 #서울조깅코스 #서울운동코스 #서울가볼만한곳 #서울숨은명소 #서울산책코스 #서울힐링장소... ,https://blog.naver.com/jjfam16/224025827479,,아침,"서남,명소,요즘,대세,제대로,서남,명소,호수,나무,전체,그늘,산책로,덕분,햇볕,한가운데,호수,달리,물결,기분,크기"
서울달리기코스추천,성북천 러닝코스 서울 달리기,걸 추천합니다 건너편 중간에 길이 없습니다 성북천 왼편은 도로가 포장이 잘 안 돼있는 곳이 은근... 달리기를 시작한 지는 얼마 안 됐지만 서울에 많은 코스를 다녀보면서 글 적어볼까 합니다. 이 글을 보시는... ,https://blog.naver.com/kokokill77/223008491832,"성북천교,용두동,패스,성북천교에서",시간미상,"성북천,건너편,중간,길이,성북천,도로,포장,은근,얼마,보시,북천교,성북천,모든,지금,기획,중이,최대한,일단,북천교,하단"
서울달리기코스추천,"2022 겨울 서울 러닝기록 일기, 차가운 공기 속 달리기의 묘미","2022 겨울 서울 러닝기록 일기, 차가운 공기 속 달리기의 묘미 2022 겨울 서울 러닝기록 일기는 계절이... 서울에서는 다양한 러닝 코스가 있는데, 겨울철에는 특히 한강 공원과 남산 둘레길이 자주 추천되었어요.... ",https://blog.naver.com/n0nt8ap0/224266235342,,"아침,저녁","겨울,기록,일기,공기,묘미,겨울,기록,일기,공기,묘미,겨울,기록,일기,계절,겨울철,한강,남산,둘레길,자주,겨울"
서울달리기코스추천,여의도 IFC몰 초등아이 서울나들이코스 추천 봄바람 맞으며... ,그리고 하나 더 추천하고 싶은 게 있어요. 여의도 한강 자전거 렌탈 가족 체험 서울나들이코스 여의도한강공원 자전거 렌탈. 대여소가 잘 되어 있어서 가족끼리 자전거 타고 강바람 맞으며 달리기 좋아요. 2인용... ,https://blog.naver.com/topaz_girl/224201584041,,"오후,저녁","여의도,초등,아이,나들이,봄바람,하나,여의도,한강,자전거,렌탈,가족,체험,나들이,여의도,한강,자전거,렌탈,대여,소가,가족"
서울달리기코스추천,달리기는 못해도 메달은 갖고 싶어! 디즈니런 서울 2025,"솔직히 말해서, 난 달리기 안 좋아한다 근데 걷기만 해도 디즈니 메달을 준다는데 이거 안 갈... 디즈니런 서울 코스의 묘미는 일반 마라톤처럼 기록 단축에 의의를 두는 것이 아닌, 즐기는 것에 있다고... ",https://blog.naver.com/iruka235/223901373987,,시간미상,"메달,디즈니,걷기,해도,디즈니,메달,디즈니,묘미,일반,기록,단축,의의,걷기,해도,디즈니,메달,이유,디즈니,캐릭터,복판"
서울달리기코스추천,달리기 일기 저스트레일 정기 훈련 트레일 러닝 코스 추천... ,관악산 연주대 / 연주암 운동 달리기 일기 트레일 러닝 코스 추천 관악산 둘레길(서울둘레길) ⭐ 저스트레일 트레일 러닝 크루 JUSTRAIL TRAIL RUNNING CREW 저스트레일에서 5월에 트레일러닝을 시작한 후... ,https://blog.naver.com/mintguni/223964989567,,"새벽,오전,저녁","일기,저스트,레일,정기,트레일,관악산,연주대,연주암,일기,트레일,관악산,둘레길,둘레길,저스트,레일,트레일,크루,저스트,레일,트레일"
서울달리기코스추천,"서울 경기 러닝 명소 TOP 5!... 5km 달리기 좋은 코스, 마라톤... ","서울 경기 러닝 명소 TOP 5! 초보 런린이가 5km 달리기 좋은 코스, 마라톤 연습장소 총정리 러닝을... 추천 코스: 여의나루역에서 출발해 국회의사당 쪽으로 돌아오는 약 5km 코스는 런린이들에게 '국룰'로... ",https://blog.naver.com/roh338/224146518755,"의나루역에서,여의나루,여의나루역","저녁,밤","경기,명소,경기,명소,초보,런린이,연습,장소,정리,여의나루역,국회의사당,런린이들,국룰,경기,명소,초보,런린이,연습,장소,정리"
서울달리기코스추천,바다 보면서 달리기 좋은 군산 고군산도 라이딩 코스 50km... ,달리는 코스라 다리도 많이 건너고 라이딩 자체가 여행 느낌이에요! 달리기만 해도 힐링 되는 이유 바닷바람이 계속 불어줘서 서울보다 온도가 훨씬 낮더라고요 가민에서 17도~19도정도 나올정도로 엄청... ,https://blog.naver.com/rider_doo/224267945035,"비응항,비응항에서",오후,"바다,군산,군산도,라이딩,다리,라이딩,자체,여행,느낌,해도,힐링,이유,바람,계속,온도,도정,바다,국내,힐링,라이딩"
서울달리기코스추천,김해수로왕릉 달리기 코스 추천[24.10.03],김해 대성동 고분 + 김수로왕릉을 돌아보는 4키로 코스로 달리기를 하고 왔다 김해 부원역 - 봉황역... 지방이다보니 서울보다는 사람이 많이 없다는 점이 편안하게 둘러볼 수 있어서 너무 좋았다 김해에 온다면... ,https://blog.naver.com/shy730/223606515633,아침,"아침,오후","김해,수로왕릉,김해,대성동,고분,김수로,왕릉,김해,부원역,봉황역,지방,김해,김해,대성동,고분,김수로,왕릉,김해,부원역,봉황역"
서울달리기코스추천,"4월 벚꽃런 성지 추천, 달리기 좋은 벚꽃 러닝 서울 명소 3곳",오늘은 서울에서 실제로 달리기 좋은 벚꽃 러닝 코스 세 곳을 골랐습니다. 서울 벚꽃러닝 명소 3곳... 키워줬던 코스 중 하나입니다. 제익훈 추천 러닝 양말 특히 안양천 일대는 야간 조명이 매우 밝게 설치되어... ,https://blog.naver.com/jaeh_studio/224239152826,매봉,"새벽,아침,오전,저녁,밤","벚꽃,성지,벚꽃,명소,실제,벚꽃,벚꽃,명소,하나,제익훈,양말,안양천,일대,야간,조명,매우,설치,벚꽃,시즌,모두"
서울달리기코스추천,겨울 러닝 서울 러닝 코스 보라매공원 트랙 달리기 리뷰,"달리기란걸 모르고 살았던 저인데, 어느순간부터 예쁜곳을 마주할때나 여행을 가서 좋은 길과 경치를... 좋았어요 서울 러닝 코스로 보라매공원 러닝 코스 추천드립니다 러닝 후 먹는 저녁믄 뭔들!! 닭까치와... ",https://blog.naver.com/nan0709/223290891255,,저녁,"겨울,보라매,트랙,란걸,순간,마주,여행,경치,보라매,저녁,뭔들,까치,겨울,보라매,트랙,지난주,정말,날씨,매일,란걸"
서울달리기코스추천,2025 서울레이스 코스 서울달리기 도심을 달리는 가을러닝 축제,"대회 기본 정보 대회명: 2025 서울달리기 (Seoul Race) 일시: 2025년 10월 12일(일) 오전 8시 출발 집결지: 청계광장 (오전 7시까지 도착 권장) 골인지점: 무교로 코스 구성: 하프마라톤(21.1km) / 정원 8,500명 11km... ",https://blog.naver.com/eggholder/223928792634,,"아침,오전","레이스,도심,가을,축제,대회,기본,대회,일시,오전,집결,청계,광장,오전,권장,골인,지점,무교로,구성,하프마라톤,정원"
서울달리기코스추천,달리기 코스 추천 국내 최고의 장소,"# 달리기 코스 추천 국내 최고의 장소 달리기는 신체 건강을 유지하고 스트레스를 해소하는 데 매우... 자연 속에서의 달리기, 몸과 마음을 치유하다 ## 1. 한강공원 서울의 한강공원은 달리기 코스로 유명한 장소... ",https://blog.naver.com/dia8950/223614394607,,시간미상,"국내,최고,장소,국내,최고,장소,신체,건강,유지,스트레스,해소,매우,자연,마음,치유,한강,한강,장소,국내,최고"
서울달리기코스추천,운동 달리기 일기 저스트레일 정기 훈련 트레일 러닝 코스 추천... ,러닝 #달리기 #달리기일기 #트레일러닝 #트레일러닝크루 #러닝크루 #저스트레일 #JUSTRAIL #트레일러닝코스 #러닝코스추천 #업힐 #다운힐 #러닝업힐훈련 #망우산 #망우산순환로 #서울100k #용마산... ,https://blog.naver.com/mintguni/223989083260,양원,시간미상,"일기,저스트,레일,정기,트레일,일기,트레일,우산,순환로,업힐,저스트,레일,트레일,크루,우산,순환로,남산,순환로,로드,우산"
서울달리기코스추천,"&lt;서울러닝코스&gt;달리기 추천, 노들섬 달리기 정보 및 리뷰",이놈에 달리기 중독자 간간히 뛰고 있지만 노들섬은 첨이기도 하고 기억을 남겨두고자 작성해 본다. 작년 초봄쯤이던가 친구랑 놀다가 애매하진 막차 덕에 잠시 들러 홀로 산책한 산책코스 그곳. 이번엔... ,https://blog.naver.com/imhyeon_/223543277390,노들섬,시간미상,"노들섬,중독,노들섬,기억,고자,작성,작년,초봄,막차,잠시,홀로,산책,산책,중독,노들섬,기억,고자,작성,노들섬,서울특별시"
서울달리기코스추천,마곡나루 서울식물원 서울러닝코스 달리기코스 추천!,"서울 마곡나루역 근처에 있는 서울식물원에 요즘 정말 많은 분들이 놀러오시더라구요. 아침이나 저녁에 러닝코스로도 좋고, 꼭 달리기가 아니더라도, 가족과 연인과 호수 산책도 좋은 것 같습니다. 호수 근처에... ",https://blog.naver.com/euni26/223602142443,집에서,"아침,저녁","마곡,나루,식물원,마곡나루역,식물원,요즘,정말,아침,저녁,가족,연인,호수,산책,호수,아침,호수,모습,요즘,건강,위해"
서울달리기코스추천,2026년 4월 3주차 서울 마라톤 대회 총정리! (+러닝 코스 주말... ,이번 주말 서울 마라톤 대회 &amp; 코스 실전 팁! 1. 제11회 서울트레일런 (초장거리 울트라 랠리!) 도심 속... 여의도 벚꽃길의 여운을 즐기며 달리기 좋아요. 대회일시: 4/18 (토) 07:30 출발 대회장소: 여의도공원... ,https://blog.naver.com/yeepi01/224253190896,"인근에서,인근,돌담길","오전,저녁,밤","주차,대회,정리,주말,주말,대회,실전,트레일,초장,울트라,랠리,도심,여의도,벚꽃,여운,대회,일시,대회,장소,여의도"
서울달리기코스추천,중랑천 러닝코스 달팽이 달리기 서울 야간 코스,"중랑천 러닝 코스의 매력 중랑천은 경기도 북부와 서울 러닝코스와 경기도 북부를 가로지르며 달리기와... 만약 야간 러닝 코스를 찾는다면 중랑천을 추천하고 싶습니다. 안전하고 평탄한 길, 조용히 흐르는 강... ",https://blog.naver.com/memorial0606/224029647388,,"저녁,밤","중랑천,달팽이,야간,중랑천,매력,중랑천,경기도,북부,경기도,북부,만약,야간,중랑천,도심,경험,최근,중랑천,상치,달팽이,달빛"
서울달리기코스추천,서울마라톤(풀코스) D-4... 트랙 달리기((200m/100m)*6회 포함),"2023년 3.15.(수) 철인 운동일지: 서울마라톤(풀코스) D-4, 폼롤러+플랭크, 풀 수영, 트랙 달리기((200m... 신발 추천해 주고, 용돈까지 보내 줘서 아식스 “메타스피드 스카이+” 주문했다. 올해 철인대회때... ",https://blog.naver.com/ddoddina/223046010815,,"아침,오전,오후,저녁","트랙,포함,철인,일지,롤러,플랭크,수영,트랙,용돈,아식스,메타,스피드,스카이,주문,올해,철인,대회,철인,일지,롤러"
서울달리기코스추천,"석촌호수 러닝코스, 도심 속 호수 뷰 서울 달리기 명소","꾸준히 달리기 좋은 생활 러닝 코스다. 접근성, 풍경, 안전성까지 고루 갖춘 곳. 서울에서 “오늘 어디서 달릴까?” 고민된다면, 한 번쯤 석촌호수로 나가보는 걸 추천한다. 러닝화 끈을 묶는 순간, 이미 절반은... ",https://blog.naver.com/castlenine209/224191735796,,"아침,저녁","석촌호수,도심,호수,명소,생활,접근성,풍경,안전성,고루,고민,석촌호수,순간,절반,단연,석촌호수,잠실,한가운데,위치,접근성,도심"
서울달리기코스추천,"서울 달리기 노들섬, 광화문, 남산, 석촌호수 한강 러닝코스 추천",안녕하세요 다양한 러닝 정보를 제공하고 있는 월든스포츠입니다 ^^ 오늘은 서울에서 달리기 좋은 코스... 리넝 코스가 많습니다. 다양한 코스를 즐기고 싶은 분들께 강력히 추천하는 서울의 리넝 코스를... ,https://blog.naver.com/walden_kr/223547744632,"덕수궁,덕수궁에서",아침,"노들섬,광화문,남산,석촌호수,한강,제공,월든,스포츠,리넝,리넝,제공,월든,스포츠,가지,도심,자연,리넝,리넝,노들섬,바퀴"
서울달리기코스추천,달리기 단축 마라톤 대회 정보 소개│서울레이스 하프코스... ,풀코스 전반부와 코스가 상당히 유사해서 추천드리는 코스입니다!! 대회개요 일시 2023-10-08 일... 11km코스 2023 서울달리기 11km코스 청계광장 앞 세종대로 출발 → 광화문광장 → 삼청로(역주행)... ,https://blog.naver.com/i4evergo/223143284893,세종대로,"오전,오후","단축,대회,레이스,하프,전반,부와,대회,개요,일시,청계,광장,세종,광화문,광장,삼청로,역주행,열정,도심,대표,대회"
서울달리기코스추천,"[러닝코스/달리기] 서울에서 러닝하기, 추천 코스 : 경복궁 둘레길",오늘은 여러분에게 러닝코스를 추천해드리려고해요. 사실 저도 집근처에서 운동을 열심히해서 '서울... 사진제공(서울특별시)-한국관광공사 특별한 달리기를 하고 싶은 날에는 경복궁 둘레길을 뛰어보는 건... ,https://blog.naver.com/dodyd77/222592001215,,오전,"경복궁,둘레길,여러분,고해,사실,제공,서울특별시,한국,관광,공사,경복궁,둘레길,어보,경복궁,서울특별시,종로구,사직로,경복궁,여러분,고해"
서울달리기코스추천,3월 한강 자전거 코스 추천 | 봄바람 맞으며 달리기 좋은... ,거예요 ♂️✨ #한강자전거 #자전거코스 #서울자전거 #3월운동 #봄라이딩 #한강공원 #자전거추천 #라이딩코스 #서울데이트코스 #운동추천 #자전거입문 #자전거여행 #한강라이딩 #야외운동 #취미생활 #자전거타기... ,https://blog.naver.com/jsh731014/224233181192,,저녁,"한강,자전거,봄바람,겨울,슬슬,해지,이제,계절,바로,지금,한강,자전거,라이딩,최고,날씨,선선,풍경,입문,숙련,모두"
서울달리기코스추천,"달리기 좋은 자전거 코스 추천/ 봄, 자전거, 로맨틱, 성공적","봄길따라 하이브리드 자전거를 타고 씽씽~ &lt; 달리기 좋은 자전거 코스 추천 &gt; “봄, 봄봄 봄이왔어요... 상쾌한 코스입니다. 물론, 과속은 금물이지만~ 서울 한강 주변 자전거도로처럼 붐비는 곳이 아니기 때문에... ",https://blog.naver.com/bauhausmall_/220364131683,,시간미상,"자전거,자전거,로맨틱,성공,하이브리드,자전거,타고,자전거,봄봄,과속,금물,한강,자전거,도로,하이브리드,자전거,타고,자전거,봄봄,콧노래"
서울달리기코스추천,2023 서울달리기(서울레이스) 하프 Half 코스 후기 ft. 완주... ,올 가을 나의 최대 목표인 2023 서울달리기 하프 코스 참가 후기. 결론부터 말하자면 무사히 완주에... '의지'를 유지하기 힘들겠다는 생각이 들면 집 근처 러닝 클래스나 러닝 크루에 드는 걸 추천한다. 일정에... ,https://blog.naver.com/yaaho_1026/223231743928,"집결해,라인,곳으로,광화문역으로,지역,그렇게","아침,오전","레이스,하프,완주,가을,최대,목표,하프,참가,결론,완주,의지,유지,클래스,크루,일정,가을,최대,목표,하프,참가"
서울달리기코스추천,순이 된다. 서울 10대공원 달리기러닝 추천코스 소개~,달리기러닝추천코스 #서울숲_달리기러닝추천코스 #서울식물원_달리기러닝추천코스 #서울어린이대공원_달리기러닝추천코스 서울을 워킹하자. 워킹하면 서울이 보인다. 서울걷기는 보물찾기다. 이제는... ,https://blog.naver.com/pccidjyj/223784072746,,시간미상,"순이,워킹,워킹,걷기,보물찾기,이제,워킹,걷기,순위,면적,순위,다음,과천,서울대,가장,다음,남산,월드컵,올림픽,순이"
서울달리기코스추천,[서울 달리기 좋은 곳] 뻔한... 숲과 역사를 품은 이색 러닝 코스 4,"서울 달리기 좋은 곳 한눈에 비교하는 서울 러닝 코스 4 코스 이름 주요 특징 추천 대상 서울숲-뚝섬한강공원 숲과 강 조망, 평탄한 코스, 접근성 우수 러닝 입문자, 힐링 러너 올림픽공원-몽촌토성길 역사/문화... ",https://blog.naver.com/awesome0254/223924622888,"서울숲,폐역,서울숲역,회현",밤,"역사,이색,한눈,비교,이름,주요,특징,대상,서울숲,뚝섬,한강,접근성,우수,입문,힐링,러너,올림픽,몽촌토성,역사,문화"
서울달리기코스추천,서울달리기 2023 하프코스 완주 후기│서울광장 경복궁 숭례문... ,"서울달리기 2023 하프코스 후기 기분 좋은 가을 바람, 하늘과 함께 서울 도심의 도로를 마음껏 달릴... 내년에도 신청해서 달리고 싶네요~ 여러분도 한번 달려보시길 추천드립니다~!! ㆍㆍㆍ 콘텐츠가... ",https://blog.naver.com/i4evergo/223295395121,"제마도,방면으로,을지로입구,하프코스,찍고",오전,"하프,완주,광장,경복궁,숭례문,하프,기분,가을,바람,하늘,도심,도로,마음껏,내년,신청,달리,여러분,한번,콘텐츠,도심"
서울달리기코스추천,제3회 시즌오프레이스(마라톤) 마지막 달리기 주차와 코스정보,"거리 + 서울 도심 뷰 조합으로 인기 높은 거리입니다. 5K 건강달리기 코스 → 가볍게 걷기, 달리기... 예정이라면 추천 3. 뚝섬역 인근 민영주차장 지하철 7호선 뚝섬유원지역 인근 요금이 비교적 높지만... ",https://blog.naver.com/beneficial-beom/224104941339,"수변광장,수변광장에서","아침,오전","시즌,오프,레이스,마지막,주차,도심,조합,인기,건강,걷기,예정,라면,뚝섬역,인근,민영,주차장,지하철,호선,뚝섬유원지역,인근"
서울달리기코스추천,"하카타에서 오호리 공원까지, 아침을 깨우는 7km 러닝 코스 추천",맑아 달리기 아주 좋았네요! 나카스 강변을 지나며 보는 후쿠오카의 아침 풍경은 덤이죠 2. 강변 코스... 좋은 코스라 추천합니다! 달리는 주로도 아주 깔끔하게 정리되어 있고 뛰는 사람이 꽤 많습니다ㅎㅎㅎ... ,https://blog.naver.com/wowterry/224262109622,에서,"아침,오전","하카타,호리,아침,아주,카스,강변,후쿠오카,아침,풍경,강변,주로,아주,정리,하프마라톤,주년,하마,사전,기념품,페이스메이커,물품"
서울달리기코스추천,[서울 한강 러닝 코스 추천] 옥수에서 뚝섬까지 달리고 스타벅스... ,"서울 한강 러닝 코스 추천 옥수에서 뚝섬까지 꽃길 달리고 스타벅스에서 누리는 안온한 주말 글,사진... 오늘은 날씨가 조금 흐렸지만, 오히려 달리기엔 더할 나위 없이 좋았던 한강 러닝 코스 추천이에요. 이번... ",https://blog.naver.com/ussu84/224260105085,"점은,우리의,에서",시간미상,"한강,옥수,뚝섬,달리,스타벅스,한강,옥수,뚝섬,꽃길,달리,스타벅스,주말,날씨,조금,오히려,나위,한강,한강,옥수,뚝섬"
서울달리기코스추천,"달리기 시작하기 전, 제가 겪은... 점, 서울 코스, 준비물까지!)","'달리기, 과연 나에게도 가능할까?' 고민하고 있다면, 이 글이 여러분의 첫 발걸음을 응원해 줄 거예요.... 제가 자주 가는 서울 러닝 코스 추천 BEST 3 ️ 러닝을 하고 싶은데 어디서 시작해야 할지 모르겠다면... ",https://blog.naver.com/temp3000/223978662224,,저녁,"준비물,과연,고민,여러분,발걸음,응원,자주,여러분,혹시,보고,헬스장,런닝머신,멍하니,한강,처음,버티고,과연,고민,여러분,발걸음"
서울달리기코스추천,"런 서울 아이와 함께 도전! 뚝섬 마라톤 일정, 가격, 코스... ","런 서울 코스 및 대상 설명처럼 느리고 서툴러도 괜찮다고! 포기하지 앋ㅎ고 한걸음 한걸음... 다양한 즐길 거리: '잉어킹 체조', '포켓몬 무대 공연' 등 달리기 외에도 아이들이 좋아할 파트너사 체험 부스가... ",https://blog.naver.com/tell_log/224187191864,,"아침,오전","아이,도전,뚝섬,일정,가격,대상,설명,포기,걸음,걸음,잉어킹,체조,포켓몬,무대,공연,아이,파트너,체험,부스,아이"
서울달리기코스추천,제주 3월 달리기 추천 여행지 유채꽃밭 5키로 러닝 코스,제주도 5키로 달리기 추천여행지 소개합니다. 네비주소 : 제주 서귀포시 월드컵로 202 러디스 카페 앞... 서울은 미세먼지 나쁨인데 제주도는 좋음 이어서 달리기 정말 좋았습니다. 3월 제주의 오전 온도는 9... ,https://blog.naver.com/imj9981/223793119519,,"새벽,오전","제주,여행지,유채꽃,제주도,여행지,주소,제주,서귀포시,월드컵,디스,카페,미세먼지,제주도,정말,제주,오전,온도,제주도,여행지,주소"
서울달리기코스추천,서울 자전거길 코스 타기좋은곳 중랑천 벚꽃 엔딩 벚꽃길 산책로,해주었던 서울 자전거길 코스 추천 하는 중랑천. 이제 가보니 비도 오고 쌀쌀해서 그런지 벚꽃이 많이... 편하게 달리기 좋다. 사실 벚꽃엔딩은 자전거 타고 가며 보는것보다 동부간선도로에서 차 타고 가는 길에... ,https://blog.naver.com/zinizio/224246036952,,시간미상,"자전거,중랑천,벚꽃,엔딩,벚꽃,산책로,자전거,중랑천,이제,비도,벚꽃,사실,벚꽃,엔딩,자전거,타고,동부,간선,도로,타고"
서울달리기코스추천,"초보 러너를 위한 러닝 Q&amp;A 49화ㅣ 처음 달리기, 어떤 코스를... ","시기별 추천 코스까지 체계적으로 안내해드립니다. 첫 러닝 코스, 왜 중요한가요? 첫 달리기 경험은... 초보자용 추천 러닝 코스 ✅ 서울: 반포 한강공원 순환 트랙 평지, 넓은 길, 수분 보급 가능, 안전등 완비... ",https://blog.naver.com/lol_run/223867618555,중요한,"새벽,아침,저녁","초보,러너,처음,기별,체계,안내,경험,초보자,반포,한강,순환,트랙,평지,수분,보급,가능,안전,완비,처음,달리"
서울달리기코스추천,서울시민마라톤] 신청 기간·코스·기념품 총정리! 달리기와... ,1월 12일 접수가 시작되자마자 신청하시는 것을 추천드려요! ️종목별 참가비 및 기념품 안내 이번... [2026 서울시민마라톤] 신청 기간·코스·기념품 총정리! 달리기와 기부를 동시에 ⓒ2025. 비니남매맘 All... ,https://blog.naver.com/sunha1011/224142643677,"물빛광장에서,총성,물빛광장","아침,오전","시민,신청,기간,기념품,정리,접수,신청,종목,참가,기념품,안내,시민,신청,기간,기념품,정리,기부,동시,비니,남매"
서울달리기코스추천,"서울레이스 2024 후기. (하프... 경복궁, 청계천 달리기!)",서울레이스 (서울 달리기)에 참가하였습니다. 요새 11월 3일에 있는 첫 풀코스 (JTBC 마라톤) 대회를... (노벨 문학상의 나비효과?) 달리기 좋아하시는 분들은 한번 읽어보시길 추천드립니다. 다시 2024... ,https://blog.naver.com/fantasistah/223617209765,서울시청광장,"아침,오전,오후","레이스,하프,경복궁,청계천,레이스,참가,요새,대회,노벨,문학상,나비효과,한번,다시,일요일,레이스,참가,요새,대회,참가,위해"
서울달리기코스추천,서울러닝코스 서울에서 달리기를 시작한다면 반드시 알아야 할... ,"가볍게 달리기 좋은 코스입니다. -서울숲 둘레 약 2.5km -내부 루프 확장 시 3~5km -성수대교 방면 확장 시... 힐링 코스로, 차분하게 달리고 싶은 날 추천. 서울대입구~관악산 둘레길 초입 초보자도 가능한 평탄... ",https://blog.naver.com/eggholder/224086051399,"실종합운동장,합운동장에서","아침,밤","반드시,서울숲,둘레,내부,루프,확장,성수대교,방면,확장,힐링,달리,서울대,입구,관악산,둘레길,초입,초보자,평탄,도심,규모"
서울달리기코스추천,"[러닝코스/달리기] 서울에서 러닝하기, 추천 코스 : 노들역... ","서울을 달리는 100가지 방법 저자 러닝전도사 안정은, 최진성 출판 디스커버리미디어 발매 2020.02.15. 책을 보시면 그 외에도 좋은 러닝 코스가 많으니 특별한 러닝을 원하시는 분들께 추천을 드립니다! 오늘... ",https://blog.naver.com/dodyd77/222594251628,,"아침,밤","노들역,가지,저자,전도사,안정은,최진,출판,디스커버리,미디어,발매,보시,잠수교,서울특별시,서초구,반포동,다시,한주,노들역,잠수교,역시"
서울달리기코스추천,운동 달리기 일기 트레일 러닝 코스 추천 한양도성런 씨티런... ,운동 달리기 일기 트레일 러닝 코스 추천 한양도성런 씨티런 ♀️♂️ 서울역 &gt; 덕수궁 &gt; 인왕산 &gt; 북악산 &gt; 와룡공원 &gt; 낙산공원/한성대입구&amp;동대문역사문화공원 &gt; 장충단공원/동대입구역 &gt; 남산공원... ,https://blog.naver.com/mintguni/223840677215,서울역,시간미상,"일기,트레일,한양도성,씨티,일기,트레일,한양도성,씨티,서울역,덕수궁,인왕산,북악산,와룡,낙산,한성대,입구,동대문역,화공,장충단,동대입구역"
서울달리기코스추천,2018 서울달리기대회 참가신청 시작!,"2018 서울달리기대회 코스맵 10km 코스 청계천과 을지로, 종로를 뛰는 코스이다 하프코스... 서울달리기대회는 서울시내를 관통하는 메리트가 있는 대회이기에 러너라면 꼭 참석했으면 좋겠다! 완전 완전 추천!",https://blog.naver.com/kingkonglegacy/221304660228,,시간미상,"대회,참가,신청,대회,청계천,을지로,종로,하프,대회,시내,관통,메리트,대회,이기,러너,라면,참석,완전,완전"
서울달리기코스추천,한강 러닝코스·야경 루트까지 | 달리기 좋은 서울 러닝 장소 7곳,한강 러닝코스 – 서울을 대표하는 달리기 공간 서울에서 가장 많은 러너들이 찾는 곳은 단연... 가족 단위 방문객도 많아 러닝과 휴식을 동시에 즐길 수 있는 서울 러닝 장소로 추천할 만합니다. 3. 남산 순환로... ,https://blog.naver.com/raymoon05/224005852466,,저녁,"한강,야경,루트,장소,한강,대표,공간,가장,러너,단연,가족,단위,방문객,휴식,동시,장소,남산,순환로,한강,대표"
서울달리기코스추천,접수 오늘 14시 | 달리기·자전거·수영 코스부터 참가 방법까지,"서울특별시, 서울특별시체육회 3종 구성 이 행사 핵심은 단순하다. 러닝 + 라이딩 + 수영 근데 난이도가 나뉘어 있어서 입문자도 충분히 참여 가능하게 설계됨. 달리기 코스 구분 거리 초급자 5km 중급자 7km... ",https://blog.naver.com/hj_lifelog/224234963714,,시간미상,"접수,자전거,수영,참가,서울특별시,서울특별시,체육회,구성,행사,핵심,라이딩,수영,난이도,입문,자도,참여,설계,구분,한강,스포츠"
서울달리기코스추천,[자전거 코스 추천] 북한강 자전거길 따라 호명산~쁘띠프랑스... ,달리기 좋은 구간이었지만 맞바람이 심해서 ㄷ ㄷ 넘 힘들었어요 늦은 점심과 고난의 복귀길 오후 1시... #북한강자전거길 #호명산라이딩 #쁘띠프랑스 #자전거코스추천 #청평열대어코스 #자전거라이딩 #서울근... ,https://blog.naver.com/yeepi01/224246965553,"서울을,다시","오전,오후,저녁,밤","자전거,북한,자전거,호명,쁘띠프랑스,바람,점심,고난,복귀,오후,업힐,서녕,주말,날씨,정말,안장,원래,토요일,고개,원산"
서울달리기코스추천,석촌호수 나이트런 달리기대회 코스 일정 기념품 티셔츠 신청방법,https://www.animallace.com/shop_view/?idx=114 https://blog.naver.com/carry_on_me/223466889828 #석촌호수나이트런 #달리기대회 #마라톤대회 #벚꽃런 #버츄얼레이스 #랜드마크런 #애니멀런 #잠실 #서울여행 #런닝 #런닝코스,https://blog.naver.com/carry_on_me/223476464887,,저녁,"석촌호수,나이트런,대회,일정,기념품,티셔츠,신청,석촌호수,나이트런,캐리,요즘,런닝,대회,요새,일정,저녁,야경,나이트런,개최,야경"
서울달리기코스추천,러닝교육 프로그램 서울마라톤 동아마라톤 풀코스 달리기 훈련,달리기 시간이 부족하고 마음도 편치않아서 체중이 늘어났지만. 서울마라톤 동아마라톤 풀코스를... www.runnerking.com 1:1 러닝교육이 필요하신분들게는 러닝머신 트레드밀을 활용한 러닝PT를 추천드립니다.... ,https://blog.naver.com/chansdio/223026340353,,"아침,오전","교육,프로그램,동아마라톤,마음,체중,동아마라톤,교육,신분,러닝머신,트레드밀,활용,찬스,찬스,디오,러너,교육,프로그램,코치,동아마라톤,대회"
서울달리기코스추천,동작역 5km 러닝 코스 추천 /서울 지하철역 근처 한강 달리기... ,지지난 주 참가했던 10km 러닝 대회를 앞두고 연습할 겸 가봤던 동작역. 2번 출구로 나가기 직전에 물품 보관함이 있어서 옷만 미리 갈아입고 간다면 짐을 보관 한 후에 바로 달리러 나갈 수 있다. 계단을... ,https://blog.naver.com/xxxday_/223882468350,,저녁,"동작역,지하철역,한강,참가,대회,연습,동작역,출구,직전,물품,보관,미리,간다,보관,바로,계단,참가,대회,연습,동작역"
서울달리기코스추천,"더레이스서울21K 마라톤 대회 일정, 코스 안내, 교통 통제... ",청계광장 #서울러닝코스 #러닝대회추천 #마라톤대회 #러닝스타그램 #러너 #러닝기록 #런스타그램... 러닝라이프 #서울러닝 #교통통제 #대회일정 #출발지 #종착지 #물품보관소 #러닝 #달리기 #마라톤,https://blog.naver.com/minsanity-/224232506239,"중심,참가자","새벽,아침,오전","레이스,대회,일정,안내,교통,통제,청계,광장,레이스,완주,올해,대회,레이스,대회,추가,모집,신청,다음,주로,레이스"
서울달리기코스추천,마블런 서울 2025 ｜ 서울광장 달리기 축제·참가비·코스... ,주변 관광지 연동 추천 덕수궁: 서울광장에서 도보 5분. 달리기 후 고궁 산책으로 힐링. 청계천: 시원한 물길 따라 걷기 좋은 코스. 러너들에게 인기 있는 회복 산책 코스. 명동거리: 쇼핑과 먹거리로... ,https://blog.naver.com/seoul-lee1m/224006914334,"서울광장을,라인,총성과","아침,오전,오후","마블,광장,축제,참가,관광지,연동,덕수궁,광장,도보,고궁,산책,힐링,청계천,물길,걷기,러너,인기,회복,산책,명동"
서울달리기코스추천,자구리공원 새연교 서귀포 러닝코스 추천 달리기 전후 스트레칭,"주변 가볼 만한 곳 주변 가볼 만한 곳, 맛집 외돌개 천지연폭포 서복전시관 새서울두루치기 자구리공원 새연교 서귀포 러닝코스 추천 러닝 전후 스트레칭 정보 였는데요! 러닝이 궁금하시다면? 하니써니의... ",https://blog.naver.com/sunny_life02/223875843546,,밤,"새연교,서귀포,전후,스트레칭,맛집,외돌,천지연폭포,서복,전시관,두루치기,새연교,서귀포,전후,스트레칭,하니,써니,서귀포,제일,새연교,전후"
서울달리기코스추천,반포한강공원 러닝코스 후기: 잠수교~동작대교 아침 4km 달리기,"15km, 총 칼로리 257kcal 오운완 #반포한강공원 #한강러닝 #러닝코스추천 #잠수교 #서울러닝 #주말운동... 운동일지 #서울핫플 #용산뷰 #노을카페 #한강뷰 #서울풍경 #도심러닝 #운동기록 #헬스로그 #주말활동 #달리기... ",https://blog.naver.com/guswlthd202/223948812767,"처음,지점까지,요약,점인","아침,오전","반포,한강,잠수교,동작대교,아침,칼로리,오운완,일지,반포,한강,서울특별시,서초구,신반포로,한강,반포,안내,센터,잠수교,서울특별시,서초구"
서울달리기코스추천,"자전거 라이딩 코스, 서울 근교 주말에 달리기 좋은 길","서울 근교 추천 라이딩 코스 5 ️ 1. 한강 자전거길 – 입문자의 기본 코스 서울 라이딩의 시작점이에요. 전 구간이 자전거 전용도로라 안전합니다. 여의도에서 반포, 잠실, 광나루까지 체력에 맞게 거리 조절이... ",https://blog.naver.com/spinbyqspu93558/224191985175,"서울숲,팔당,팔당역,한강공원,철교,서울숲에서,물왕저수지",아침,"자전거,라이딩,근교,주말,근교,라이딩,한강,자전거,입문,자의,기본,라이딩,자전거,전용,도로,여의도,반포,잠실,광나루,체력"
서울달리기코스추천,[달리기 코스 추천] 밤에 달리면 더욱 멋진 서울 도심 속 나이트... ,"여의도 한강공원 - 63빌딩 ｜출처: 플리커 ⓒstlbluesaddict 님 마지막으로 추천하는 나이트 러닝 코스는 여의도 한강공원! 마포대교, 한강대교, 동작대교 등 서울의 교량을 따라 내리닫다 보면 낮과는 또 다른... ",https://blog.naver.com/nb_performance/220575579843,국립극장을,"오전,밤","달리,더욱,도심,나이트,여의도,한강,빌딩,출처,플리커,마지막,나이트,여의도,한강,마포대교,한강대교,동작대교,교량,다른,예년,더위"
서울달리기코스추천,풀코스 대비 마라톤 훈련 달리기 좋은 LSD코스 추천!!... ,풀코스 대비 마라톤 훈련 달리기 좋은 LSD 코스 추천!! 여의도공원 31KM 달리기♀️ 파주 날씨...!!! 이 날 파주뿐만 아니라 서울도 엄~청 추웠습니당!! 그래도 달리기는 해야지? 뛰면 안춥다 황열정!! 올해 동마... ,https://blog.naver.com/hwang495700/223713786928,"여의도공원,였으나",시간미상,"대비,대비,여의도,파주,날씨,파주,열정,올해,열정,완주,대비,여의도,파주,날씨,파주,열정,올해,래야,후회,크루"
서울달리기코스추천,서울 러닝 코스 추천! 잠수교 분수런부터 귀여움 터지는... ,"없이 달리기 딱 좋음. 서울 러닝 코스 추천 리스트에 무조건 넣어야 할 코스임. 한강 6주차장은 차가 많지 않아서 주차하기도 편했음 화장실도 바로 앞에 있고 스타벅스, 이디야, 편의점까지 완벽해! ⛲ 분수... ",https://blog.naver.com/kstevie/224259848914,"센터점,달빛광장,모여,반신반의하며,달빛광장에서",저녁,"잠수교,분수런,리스트,무조건,한강,주차장,주차,화장실,바로,스타벅스,이디야,편의점,분수,발리,요즘,매력,발리,예전,기록,래야"
서울달리기코스추천,♀️ 서울 런린이를 위한 달리기 코스 추천! 거리·위치... ,오늘은 런린이들을 위한 서울 러닝 코스를 소개해보려고 합니다. 서울에는 러너들을 위한 좋은 코스가 너무나 많아서 이 장소들 외에도 너무나 많습니다~  1. 한강공원 반포지구 — 초보 러너의 천국  위치... ,https://blog.naver.com/kmp154/223826701986,,시간미상,"런린,위치,런린이들,러너,장소,한강,반포,지구,초보,러너,천국,위치,런린이들,러너,장소,한강,반포,지구,초보,러너"
서울달리기코스추천,[러닝 코스 추천] 비오는 날 달리기 좋은 코스,비오는 날 달리기 하고 싶을 때나 산책하고 싶을 때 추천하고 싶은 청계천 꿀코스가 있다..! [가는 방법] 용두역 4번 출구에서 대한적십자사 서울지사방면으로 직진해서 청계천으로 내려가기 (적십자사 앞에... ,https://blog.naver.com/ywo1992-/223093984095,,시간미상,"산책,청계천,용두역,출구,적십자사,지사,방면,직진,청계천,적십자사,산책,청계천,용두역,출구,적십자사,지사,방면,직진,청계천,적십자사"
서울달리기코스추천,러닝 앱 ~ 런데이 30분 달리기 8주차 마무리! 러닝 마스크 추천,런데이 8주차 3번째 코스를 오늘 완료하고 왔다. 어제 서울을 다녀와서 오늘 아침 달리기가 조금... https://naver.me/5qcg4ph2 #런데이 #달리기앱추천 #러닝앱추천 #달리기운동 #러닝 #러닝앱 #달리기 #달리기앱... ,https://blog.naver.com/shinanda1219/223966550320,,아침,"데이,주차,마무리,마스크,데이,주차,어제,아침,조금,쇼핑,커넥트,활동,일환,판매,발생,수수료,제공,데이,주차,어제"
서울달리기코스추천,"서울 러닝코스 추천 (서울숲, 뚝섬한강, 반포 등)",매일달리기하면 체력도 좋아지고 기분도 좋아져서 러닝에 중독된 기분입니다. 스트레스 받는 날 살살 달려보는 건 어떠신가요? 여기까지 서울러닝코스 4곳 소개를 마치겠습니다. 다음주는 속초룰 달려볼게요!... ,https://blog.naver.com/yellownoda/223981802252,후문,"새벽,저녁","서울숲,뚝섬,한강,반포,체력,기분,중독,기분,스트레스,살살,가요,여기,다음주,속초,장점,하나,다리,달리,풍경,보통"
서울달리기코스추천,"2026 서울하프마라톤 4월 26일 개최! 일정, 코스, 준비물... ",것을 추천합니다. 2. 서울하프마라톤 코스 가이드: 하프 vs 10km 이번 대회는 광화문을 시작으로 서울의... 서울하프마라톤 날씨 및 컨디션 조절법 서울하프마라톤 날씨는 보통 영상 10~15도 사이로 달리기에... ,https://blog.naver.com/ohayo11/224263551615,"광화문,순차","아침,오전","하프마라톤,개최,일정,준비물,하프마라톤,가이드,하프,대회,광화문,하프마라톤,날씨,컨디션,조절,하프마라톤,날씨,보통,사이,하프마라톤,개최,일정"
서울달리기코스추천,2026 JTBC마라톤 접수 신청 및 코스 기념품 확인하기... ,"2026 JTBC마라톤 접수 신청 및 코스 기념품 확인하기 (기록조회) 안녕하세요. 가을이 깊어지는 시기, 러너라면 한 번쯤 도전해보고 싶은 대회가 바로 JTBC 서울마라톤입니다. 단순한 달리기를 넘어 수만 명이... ",https://blog.naver.com/dp010102/224256982555,,시간미상,"접수,신청,기념품,확인,접수,신청,기념품,확인,기록,조회,가을,시기,러너,라면,도전,대회,바로,수만,접수,신청"
서울달리기코스추천,"코스 추천] 안양천에서 선유도까지, 상쾌한 주말 달리기... ",분명 최고의 러닝 경험이 될 겁니다. #안양천러닝 #한강러닝 #선유도 #선유도공원 #러닝코스 #러닝코스추천 #서울달리기좋은곳 #가을러닝 #주말러닝 #달리기 #마라톤훈련,https://blog.naver.com/ryankbh11/224008368284,"안양천,안양천에서",시간미상,"안양천,선유도,주말,분명,최고,경험,가을,러너,계절,정말,실감,요즘,흠뻑,여름,내내,무더위,선선,바람,지금,계절"
서울달리기코스추천,서울 여의도 러닝코스 | 오목교역~신목동역 안양천 달리기... ,동적스트레칭과 다양한 웜업 동작으로 몸에게 곧 달릴거라고 인지를 시켜줬어요 서서히 달리기시작!... 서울 여의도 러닝코스 추천 오목교역 물품보관함까지 걸어가면서 쿨다운을 했는데요. 하늘빛이 계속... ,https://blog.naver.com/gwangsol/223207063940,"오목교,신목동",저녁,"여의도,오목교역,신목동역,안양천,스트레칭,웜업,동작,인지,서서히,여의도,오목교역,물품,보관,다운,하늘빛,계속,전문,플루,나망솔,주말"
서울달리기코스추천,제주 대포주상절리 러닝 코스 추천｜1월 아침 해 맞으며 달리기... ,"제주의 겨울은 서울보다는 온화하지만, 아침 바닷바람은 꽤 차가웠어요. 러닝이라고 부르고 민망한... 것을 추천 드립니다^^ #제주대포주상절리 #대포주상절리 #제주러닝코스 #제주조깅코스 #제주올레길... ",https://blog.naver.com/suncoachingatrium/224184234013,,아침,"제주,대포주상절리,아침,제주,겨울,아침,바람,제주,대포주상절리,슬로우,공기,만난,제주,아침,대포주상절리,제주,서귀포,중문,관광,단지"
서울달리기코스추천,"서울 러너들의 성지, 한강과... 러너스테이션에서 달리기의 매력... ",한강은 서울을 달리는 사람들의 필요 충분 코스다. 덕분에 한강을 달리면서 러닝의 매력에 빠진 사람이 많다. 러닝 전문가들이 초보자부터 숙련자까지 달리기 좋은 장소로 한강을 추천하는 이유는 달리기에... ,https://blog.naver.com/haechiseoul/223657434433,,시간미상,"러너,성지,한강,러너,스테이션,매력,한강,필요,충분,덕분,한강,매력,전문가,초보자,숙련,장소,한강,이유,계절,음미"
서울달리기코스추천,서울 중심지 성북천~청계천(10~20km) 코스 소개 및 달리기... ,성북천~청계천코스 러닝 후기를 들고왔습니다! 가을 러닝 시작 서울 중심지 성북천~청계천(10km~20km) 코스 소개 및 달리기 후기 ✔️위치 : 성북천 출발(성신여대역 도보 5분) ✔️러닝코스추천 : 중거리(10-15km)... ,https://blog.naver.com/ak_abcd/223573454799,성북천,"아침,밤","중심지,성북천,청계천,성북천,청계천,가을,중심지,성북천,청계천,위치,성북천,성신여대역,도보,중거리,금요일,아침,모두,출근,고향,요즘"
서울달리기코스추천,서울 달리기 코스 추천 :: 봄날엔 달리기,"이미지 클릭 시, 해당영상으로 이동합니다",https://blog.naver.com/blutouch1/223074558228,,시간미상,"봄날,이미지,해당,이동,이미지,해당,이동"
서울달리기코스추천,한강 러닝 코스 추천... 석촌호수 서울웨이브 달리기 우중런... ,5km) 달리기~ 잠실대교 남단으로 되돌아와 한강변으로 내려가서 서쪽 방향으로~! 잠실대교 북단으로... 첨부파일 추천 서울 한강 러닝 코스 (동쪽).gpx 서울교대 트랙 정보 소개 https://m.blog.naver.com/i4evergo... ,https://blog.naver.com/i4evergo/223154420000,"슬로우러닝,어디서,서울웨이브",저녁,"한강,석촌호수,웨이브,우중,잠실대교,남단,강변,서쪽,잠실대교,북단,첨부파일,한강,동쪽,교대,트랙,열정,요즘,여름,더위,우중런"
서울달리기코스추천,가능한 서울 마라톤 일정 총정리 하프마라톤 5km 10km 달리기,"5km 달리기 세 종목으로 진행이 되는 서울 마라톤 일정입니다. 한강서울 하프마라톤 신청하기 참가비 하프 코스 : 50,000원 10km 코스 : 50,000원 5km 코스 : 45,000원 접수 기간 1월 18일까지 마라톤 코스는 5km, 10km... ",https://blog.naver.com/lliell/224146922160,"수변마당,점으로,평화광장을,물빛광장,다시,평화광장",시간미상,"일정,정리,하프마라톤,종목,진행,일정,한강,하프마라톤,신청,참가,하프,접수,기간,날씨,러너,열풍,식지,겨울,공기,기분"
서울달리기코스추천,서울 러닝코스 총정리! 트랙 달리기 명소 BEST 20곳!,"지루함이 걱정된다면, 런닝 크루 활동이나 인터벌 훈련을 넣어서 변화를 주는 것도 추천합니다. 러닝은 혼자 뛰어도 좋지만, 함께 하면 더 오래갑니다. 오늘 공유한 서울 러닝 코스에서 즐겁게 달리기를... ",https://blog.naver.com/zbvlxmao/224009282460,,오전,"정리,트랙,명소,지루함,걱정,런닝,크루,활동,인터,변화,공유,어디가,걱정,효율,트랙,정리,고민,장소,환경,곳곳"
서울달리기코스추천,서울 러닝코스로 좋은 남산에서 달리기 도전!,달리는 코스이고 4계절 마다 각기 다른 다채로운 모습으로 러너들의 눈과 마음을 즐겁게 해주는 곳이라고 해요. 직접 달려보니 길이 참 예쁘고 사람도 많지 않아서 정말 달리기 좋은 길이더라고요. 추천... ,https://blog.naver.com/traveldesigner/221790479759,라인에서,오전,"남산,도전,계절,마다,각기,다른,모습,러너,마음,직접,길이,정말,길이,무빙,시티,장점,이야기,크루즈,얼마나,여행"
서울달리기코스추천,러닝코스추천]초보 올림픽공원 한바퀴(2.8km) 달리기! 두바퀴... ,가까운 올림픽공원역에서 달리기 하기로 땅땅땅 ! 퇴근-&gt; 집 -&gt; 올공 달리기 -&gt; 치맥 . 퇴근하고 집... 올공러닝코스추천 #서울러닝 #서울러닝코스 #올림픽공원주차 #평화의문 #올림픽공원한바퀴... ,https://blog.naver.com/junsoo1028/224083358075,"위해서,공원으로,정해진,도착해서,딱히,올림픽공원,문쪽",시간미상,"초보,올림픽,바퀴,바퀴,올림픽공원역,땅땅,퇴근,치맥,퇴근,준수,결혼,생활,결혼,유모,살이,계속,한국,국가대표,축구,경기"
서울달리기코스추천,[서울]한강 보물찾기런... 받자-러너 달리기 및 산책코스 추천,한강데이트코스 #서울무료이벤트 #보물찾기런 #외로움없는서울 #당근이벤트 #한강산책 #서울추천이벤트 #서울야외활동 #5월이벤트 #서울데이트추천 #한강런닝 #보물상자찾기 #걷기이벤트 #친구와함께 #당근런... ,https://blog.naver.com/be-joyful-/223871709977,"코스의,모여",아침,"한강,보물찾기,러너,산책,한강,데이트,당근,해치,아이디어,요즘,한강,보물찾기,한강,보물찾기,기간,연장,서울시,당근,외로움,해결"
서울달리기코스추천,5월 마라톤 일정 초보자도 즐겁게 10km 달리기 2026 골드러시,뭔가 모두에게 공정하게 기회가 주어지는 느낌이고 10km 달리기 코스도 쉬운 난이도일거 같아... 초보자도 가능한 마라톤 코스 이번 대회가 열리는 하남미사경정공원은 주말 서울 근교 나들이나 데이트... ,https://blog.naver.com/lliell/224257940319,"새벽에,코스이고,일어나","새벽,아침,오전","일정,초보자,골드러시,뭔가,모두,기회,느낌,난이도,초보자,대회,하남,미사,정공,주말,근교,나들이,데이트,요즘,대회,소식"
서울달리기코스추천,여의도러닝코스 | 한강달리기 | 반포에서 운동해보기... ,5~7 km⭐⭐⭐ 출발점은 여의나루역 3번 출구 기준이니 거리 계산하기 쉬워요! ⸻ ️ #여의도러닝 #한강러닝 #러닝코스추천 #여의나루역 #5km러닝 #7km러닝 #한강조깅 #러닝초보 #유산소운동 #서울러닝 #달리기팁,https://blog.naver.com/abcdlita/224136152391,여의나루역,"저녁,밤","여의도,한강,반포,출발점,여의나루역,출구,계산,출처,한강,여의도,실제,여의나루역,강남,반포,포함,디테,설명,버튼,기본,포인트"
서울달리기코스추천,"서울 미술관 전시회 속으로... 뮤지엄 런, 가을 나들이 코스 추천","이 행사는 서울을 대표하는 미술관과 박물관을 하나의 루트로 연결해, 걷거나 달리기를 통해 참여하실 수 있어요. 한국의 과거와 현재, 그리고 예술과 문화가 공존하는 장소들이 코스로 선정되어 의미있는 가을... ",https://blog.naver.com/rosejam1/224064944712,"안국역,사박물관에서,국역사박물관,안국,안국역에서",시간미상,"미술관,전시회,지엄,가을,나들이,행사,대표,미술관,박물관,하나,루트,통해,참여,한국,과거,현재,예술,문화,공존,장소"
서울달리기코스추천,마라톤 서브3에 도전할 러너를 찾습니다. 달리기 훈련 추천,한계를 넘어 '서브3'에 도전할 러너를 찾는 마브서울 달리기 훈련이 왔습니다. [마브런 for 서브3... 참가비용 : 무료 &lt;참가자 선발조건&gt; ① 대상 : 2026 서울마라톤 FULL코스 접수 완료자 &amp; 서브 3에... ,https://blog.naver.com/godud4132/224087665538,,시간미상,"서브,도전,러너,한계,서브,도전,러너,마브,마브런,서브,참가,비용,무료,참가자,선발,조건,대상,접수,서브,한계"
서울달리기코스추천,"쉬엄쉬엄 한강 3종 축제 2026 — 달리기·자전거·수영, 참가... ",이쪽을 추천해요. 상급자 코스 → 상급자 코스는 1km 수영 도착 지점에서 바로 자전거를 시작하는 '제로-스톱(Zero Stop)' 동선을 운영해 참가자 편의를 높였어요. 자전거 종목은 서울시 공공자전거 따릉이... ,https://blog.naver.com/jibro_steady/224235878309,,"아침,오전,오후,밤","쉬엄쉬엄,한강,축제,자전거,수영,참가,상급자,상급자,수영,지점,바로,자전거,제로,스톱,동선,운영,참가자,편의,자전거,종목"
서울달리기코스추천,요즘 달리기가 대세. 가족과 함께하는 마라톤 추천,"조부모·부모·자녀 모두 같이 뛰기 좋고, 건강 달리기 코스 (5km)도 있다 홍성 마라톤 대회 패밀리 런 코스 있음 (6km 패밀리 런) → 아이들 또는 가족 단위 완주 가능 거리 구성됨. 서울 유아차 런 유아차... ",https://blog.naver.com/bbobbny/224009006074,,"아침,오전,저녁","요즘,대세,가족,조부모,부모,자녀,모두,건강,홍성,대회,패밀리,패밀리,아이,가족,단위,완주,가능,구성,유아차,유아차"
서울달리기코스추천,[생활체육인 배추도사] 러너들의 가을을 알리는 서울달리기... ,"서울달리기 추천 이유 2가지 서울의 엑끼스 코스만 달리고 뛰는 내내 응원을 받을 수 있다: 을지로~시청~광화문~동대문 등 서울의 주요 도심만 뛰고, 시민들도 많이 다니는 도심인 만큼 달리는 내내 시민... ",https://blog.naver.com/moveontothenextpage/223238172224,,아침,"생활,체육,배추,도사,러너,가을,이유,가지,엑끼스,달리,내내,응원,을지로,시청,광화문,동대문,주요,도심,시민,도심"
서울달리기코스추천,달리기 좋은 서울 여의도 한강 러닝 코스 추천 (LSD훈련... ,"여의도공원을 지나며 63빌딩, 샛강, 한강의 풍경을 감상할 수 있고, 평평한 코스 덕분에 꾸준한 속도로 달리기 좋습니다. 특히 저녁에는 여의도의 화려한 야경을 볼 수 있어 많은 러너들이 이 시간을 추천합니다... ",https://blog.naver.com/walden_kr/223588843701,"양화대교를,상징적인","새벽,저녁","여의도,한강,여의도,빌딩,샛강,한강,풍경,감상,덕분,속도,저녁,여의도,야경,러너,중심,한강,러너,매력,제공,한강대교"
서울달리기코스추천,[달리기코스 정기구독(70)] 트레일런(7) 북악스카이웨이,만약 달리실 분들은 날씨가 흐린날이나 기온이 10도 미만일 때 달리길 추천드립니다. 쉬운 달리기도... (NRC) #구독 #정기구독 #구독서비스 #정기구독서비스 #달리기코스구독 #서울달리기코스구독 #서울런... ,https://blog.naver.com/shjazz/222689822330,,시간미상,"정기,트레일,북악스카이웨이,만약,날씨,기온,미만,수고,눈물,나머지,행복,가수,윤종신,공일오비,객원,가수,활동,솔로,데뷔,앨범"
서울달리기코스추천,러닝코스 서울 청계천 밤낮 달리기 좋아요!,청계천 러닝코스 서울 밤낮 달리기 좋아요! 5km 10km 요 약 접근성 좋은 도심 최고의 펀런 코스로 강력 추천 편도 약 5km 로 다양한 트레이닝을 하기 좋습니다. 주변에 맛집이 많고 대중교통이 좋아서 운동 후 음주... ,https://blog.naver.com/chs153chs/223248415312,"어디,종각역에서,종각역,종각","오전,밤","청계천,밤낮,청계천,밤낮,접근성,도심,최고,펀런,강력,편도,트레이닝,맛집,대중교통,음주,청계천,밤낮,도심,이만,오지,차도"
서울달리기코스추천,(마라톤온라인) 서울지역 달리기코스 (불광천에서 한강까지),왼쪽에 마라톤에 필요한 정보와 커뮤니티가 있는데 전 달리기코스클릭!! 전국적으로 다나와있고 여행을가거나 코스가 좋은 달리고 싶은곳은 마라톤여행을 하고싶다...는 생각이 들더라구요~~ 서울지역을... ,https://blog.naver.com/angjing2/222331403501,"생각하며,려보기로하고,한것에","아침,오전,저녁","온라인,지역,불광천,한강,왼쪽,커뮤니티,전국,다나,여행,달리,여행,지역,관심,도전,관심,실장,남편,충족,응원,온라인"
서울달리기코스추천,서울에서 뛰기 좋은 야간러닝코스 (나이트런) 추천,코스로 반포 한강공원에서 시작해서 잠수교를 거쳐 반포대교 하단 순환로를 따라 가볍게 달리기... 서울러닝명소 #러닝하기좋은장소 #러닝하기좋은한강 #러닝명소추천 #러닝코스추천 #서울러닝코스추천,https://blog.naver.com/haionnet2020/224233938110,한강공원,밤,"야간,나이트런,반포,한강,잠수교,반포대교,하단,순환로,명소,출처,분위기,마천루,불빛,한강,윤슬,고궁,정취,만끽,야간,야간"
서울달리기코스추천,2026년 2월 달리기,내가 가장 좋아하는 러닝 코스 두 곳에서 넘어진 흔적이 있는 레깅스. 이건 나의 보물이 될 수밖에 없겠지? 여기서부터는 한국입니다! + 남산과 한강 달리기 한국에 도착해 잠시 머물게 된 서울. 덕분에 남산... ,https://blog.naver.com/jjeh99/224200670474,,"새벽,아침,오전","가장,흔적,레깅스,이건,보물,여기,한국,남산,한강,한국,잠시,덕분,남산,아쉬움,그리움,낯선,감각,모든,장거리,자주"
서울달리기코스추천,[서울 러닝코스 추천] 한강진–한남–반포–잠원 10km 한강... ,"요즘 날씨가 딱 달리기 좋아요 ! 그래서 서울 러닝코스 5km, 10km 코스를 소개해드릴게요 ! 한강 보면서 달리니까 넘 좋더라구요 〰️ 5km 한남역 - 이촌한강공원 - 잠수교 - 반포한강공원 - 잠원한강공원... ",https://blog.naver.com/suchae_yeon/224265684478,여기서,"아침,오전","강진,한남,반포,한강,요즘,날씨,한강,달리,한남역,이촌,한강,잠수교,반포,한강,한강,성창,수연,요즘,날씨,한강"
서울달리기코스추천,"서울 지역 초보 러너를 위한 러닝 코스 추천 - 8곳 (위치, 코스... ","서울 지역 초보 러너를 위한 러닝 코스 추천 - 8곳 (위치, 코스, 거리, 장점 정리) 항상 집앞 뚝섬역 쪽... 코스를 골고루 3. 평지 위주로 선정(초보자에게 적합하게) 4. 각 코스는 보통 4~5km 내외로 달리기 좋고... ",https://blog.naver.com/doctorgeek/223824928129,앞에서,"저녁,밤","지역,초보,러너,위치,지역,초보,러너,위치,장점,정리,항상,집앞,뚝섬역,평지,위주,선정,초보자,보통,내외,지역"
서울달리기코스추천,스케치런 코스 10km 달리기 서울 러너들이 추천하는 펀런... ,어린이대공원 10km 달리기 붕어빵 스케치런 가을볕과 바람 속 2.5km 4회전 붕어빵 스케치런 출발부터... 영상도 보고 지도도 보는데 코스가 꽤나 헷갈렸다.  보고도 어딘지 몰라 서로를 보면서 땀만 뻘뻘 흘리며... ,https://blog.naver.com/gold_gu_/223983285883,"검색해,스케치런","새벽,오전","스케치,러너,펀런,어린이,붕어빵,스케치,가을,바람,붕어빵,스케치,보고,보고,어딘,서로,뻘뻘,어린이,붕어빵,스케치,가을,바람"
서울달리기코스추천,무료 서울 달리기 행사 2025 핏땀런 정보 5Km 완주 후기 기념품,따끈따끈한 서울 달리기 대회 2025 핏땀런에 다녀왔어요. 내돈내산으로 취소표를 예매해서 5km 코스에... 혹시나 핏땀런 이벤트 부스에 참여하고 싶으시다면 일찍 오시는 걸 추천할게요. 행사장 안에는 귀여운... ,https://blog.naver.com/rkgml506/224077750816,라인으로,"아침,오전","무료,행사,핏땀런,완주,기념품,대회,핏땀런,취소표,예매,혹시,핏땀런,이벤트,부스,참여,일찍,오시,행사,오전,대회,핏땀런"
서울달리기코스추천,"안양 달리기 코스 추천 / 안양천, 안양종합운동장 달리기... ","안양에서 달리기 하기 좋은 코스들에 대해 설명을 드리고자 합니다 1. 안양천 안양천은 안양 시내를... 지나 서울 금천구, 구로구, 영등포구를 지나 서쪽 한강까지 흘러들고 남쪽으로는 군포시와 의왕시까지... ",https://blog.naver.com/laundrybox_/223513354892,,오전,"안양,안양천,안양,종합,운동장,안양,대해,설명,안양천,안양천,안양,시내,지나,금천구,구로구,영등포구,지나,서쪽,한강,남쪽"
서울달리기코스추천,박달동 10km 달리기! 삼봉초~안양감리교회 러닝 왕복 코스!,코스가 쭉쭉 뻗어 있다! 아주 길다!! 출처 : 네이버 지도 안양천을 쭈욱 따라가면 서프라이즈~ 서울을... 안양천 달리기 코스 추천!! 기회가 닿는 대로 자주 애용해야겠다!! 오늘도 만보걷기 완성! 출처... ,https://blog.naver.com/workingwalker/223889845366,,시간미상,"박달동,삼봉,안양,감리교회,왕복,쭉쭉,아주,출처,안양천,쭈욱,서프라이즈,안양천,기회,대로,자주,애용,걷기,완성,출처,안양천"
서울달리기코스추천,"2023 서울달리기(서울레이스) 마라톤 준비, 경복궁 달리기",서울달리기(서울레이스) 11키로 신청했는데 전체 코스에 광화문을 한바퀴 도는 코스가 포함되어... 경복궁 한바퀴 뛰는 것 추천추천 오운완 칭찬해 달리기 했으니 토욜 마니 먹을 수 있어요 ㅎㅎㅎㅎ #오운완... ,https://blog.naver.com/llgmldmsll/223213303054,,"아침,오전,오후,저녁","레이스,경복궁,레이스,신청,전체,광화문,바퀴,포함,경복궁,바퀴,오운완,칭찬,토욜,경복궁,공복,산소,토요일,아침,스크루,지은"
서울달리기코스추천,서울 당일치기 여행... 러닝러닝센터(달리기와 걷기좋은길 추천),서울 당일치기 여행 남산둘레길 러닝코스 달리기와 걷기좋은길 추천 1. 손기정체육공원 2. 손기정체육공원 어린이도서관 3. 손기정 기념관 4. 손기정체육문화센터 5. 손기정 선수 동상. 월계수 6. 러닝러닝센터... ,https://blog.naver.com/homibike/222475249646,서부,새벽,"당일치기,여행,센터,걷기,당일치기,여행,남산,둘레길,걷기,손기정,체육,손기정,체육,어린이,도서관,손기정,기념관,손기정,체육,문화센터"
서울달리기코스추천,서울 근교 러닝 코스 추천 | 경기 성남 탄천 5km ~ 10km 뻥뚫린... ,"서울 근교 경기 성남 러닝 코스 추천 5 : 경기도 성남 탄천 러닝 5km ~ 10km 2026. 4 달리기 안녕하세용 지난 포스팅에 이어서 오늘은 처음으로 서울이 아닌 서울 근교, 경기도 성남의 러닝 코스를 가져왔습니다... ",https://blog.naver.com/mychsworld/224263677236,,아침,"근교,경기,성남,탄천,근교,경기,성남,경기도,성남,탄천,처음,근교,경기도,성남,근교,경기,성남,경기도,성남,탄천"
서울달리기코스추천,서울 러너들이 추천하는 가을 커피&amp;러닝 코스 5,러닝 코스. 추천 메뉴 ‘러너스 하이’를 추천한다. 이온음료나 탄산수를 베이스로 에스프레소 샷을 추가해 주시는 음료. 달리기를 한 뒤 살짝 처지기 쉬운 몸에 에너지를 주입하기에 안성맞춤인 메뉴다. 네... ,https://blog.naver.com/the_edit_magazine/224071678059,집에서,"아침,오전,오후,저녁","러너,가을,커피,메뉴,러너,하이,음료,탄산수,베이스,에스프레소,추가,주시,음료,살짝,에너지,주입,안성맞춤,메뉴,안녕,마음"
서울달리기코스추천,부산달리기 부산러닝코스 광안리 해운대 왕복 서울에서 여행 온... ,인연을 소중히 안녕하세요 부산트레이너정석봉입니다 2014년 서울에 혼자 올라가서 투잡으로 동네... 강력 추천 #부산달리기코스 행님은 여자친구 줄 부산샌드?? 파도샌드? 줄 서서 겟 셀카를 마지막으로 다음... ,https://blog.naver.com/numovie0205/222885637860,,시간미상,"부산,부산,광안,해운대,왕복,여행,인연,부산,트레이너,정석봉,투잡,동네,강력,여자친구,부산,샌드,파도,샌드,서서,셀카"
서울달리기코스추천,소개하기 서울안 트랙이 좋은 길 달리기 편한 길 서울의 러닝코스,"자타 공인 러너인 블로그 주인장은 서울안 달리기 좋은 길에서 훈련도 거듭하고 있습니다. 2020년부터 달리기를 시작했는데요. 3년의 시간동안 저는 6,779km를 뛰었답니다. 역시 풀코스를 종주한 2023년이 가장... ",https://blog.naver.com/beauy_00/223470433637,"한양대,잠실,신촌","아침,밤","울안,트랙,자타,공인,러너,주인,울안,거듭,동안,역시,주한,가장,자타,공인,러너,주인,울안,거듭,동안,역시"
서울달리기코스추천,초급 러너 달리기 추천 코스 [올림픽공원] 젊음의 길 강추,3km 곰말다리 → 몽촌토성중심 → 서울역사편찬원 → 88마당 → 몽촌토성중심 → 피크닉장... 이제 다음 코스와 일정을 고민하는 행복한 시간을 가져보겠습니다 #달리기추천코스 #잠실달리기코스 #올림픽공원... ,https://blog.naver.com/noblealex/223119848751,지나,저녁,"러너,올림픽,젊음,강추,곰말,다리,몽촌토성,중심,서울역,편찬,마당,몽촌토성,중심,피크닉,이제,다음,일정,고민,불패,위해"
서울달리기코스추천,시 무릎 통증&quot; 잡는 상체 이완법? 서울 5km 벚꽃 러닝코스 추천,#러닝무릎통증 #무릎통증완화 #상체이완 #러닝자세 #달리기자세 #운동화끈묶는법 #러닝화추천 #서울러닝코스 #벚꽃러닝코스 #성내천러닝 #올림픽공원러닝 #송파러닝 #2주챌린지 #건강검진준비 #오운완... ,https://blog.naver.com/dee7781/224238913094,,아침,"무릎,통증,상체,이완,벚꽃,벚꽃,건강검진,목표,벌써,사실,침대,평소,조금,근육,피로,아침,루틴,경계,운동화,어제"
서울달리기코스추천,2026 서울신문 하프마라톤 대회 추가접수 및 후기 확인하기... ,"분들에게 추천 • 첫 마라톤 도전하는 분 • 기록 단축 목표 있는 러너 • 봄 시즌 러닝 이벤트 찾는 분 마무리 정리 2026 서울신문 하프마라톤은 코스 난이도와 운영 안정성, 그리고 완주 메달까지 균형 있게... ",https://blog.naver.com/dp010102/224263975365,"시대,실제","아침,오전","신문,하프마라톤,대회,추가,접수,확인,도전,기록,단축,목표,러너,시즌,이벤트,마무리,정리,신문,하프마라톤,난이도,운영,안정"
서울달리기코스추천,서울 청계천 산책로 종각에서 을지로 구간 데이트 코스 추천,산책하는 사람뿐 아니라 달리기하는 사람들도 종종 볼 수 있어요. 특히 외국인들~ 이날은 봄이 왔음에도... 서울데이트 #서울데이트코스 #청계천데이트 #청계천데이트코스 #서울데이트추천 #서울산책하기좋은곳,https://blog.naver.com/keummin/223838747141,,오후,"청계천,산책로,종각,을지로,데이트,산책,종종,외국,데이트,청계천,산책로,종각,을지로,데이트,빅토리아,투어,종로,가면,식후,식전"
서울달리기코스추천,서울 근교 드라이브 추천 코스 5가지,"마장호수 &amp; 이천 예스파크 드라이브 (조용하고 여유로운 힐링 코스) 거리 : 서울에서 약 50~60분 추천... 거리 : 서울에서 60~90분 추천 포인트 : 일몰 맛집 탄도항, 방아머리해수욕장, 대부도 해안도로 쭉 달리기... ",https://blog.naver.com/msk0494/224142224808,,"오전,저녁","근교,드라이브,가지,마장,호수,이천,스파크,드라이브,여유,힐링,포인트,일몰,맛집,탄도항,방아,머리,해수욕장,대부도,해안,도로"
서울달리기코스추천,서울의 이색 러닝 코스 5선! 도심 속 특별한 달리기 경험,러닝 코스입니다. 특히 야경이 아름다워 감성적인 달리기를 즐기기에 안성맞춤이에요. 코스 거리: 왕복... 안양천 러닝 코스 서울과 경기도를 잇는 안양천은 계절마다 다른 매력을 선사하는 러닝 코스입니다.... ,https://blog.naver.com/wabclub/223882817079,,밤,"이색,도심,경험,야경,감성,안성맞춤,왕복,안양천,경기도,안양천,계절,다른,매력,선사,최근,곳곳,이색,주목,도심,풍경"
서울달리기코스추천,아시아 오픈마라톤 서울시리즈 참가접수 10월 달리기,것을 추천드려요. 또는 PB를 기록할 수 있는 절호의 기회인 #마라톤 이죠. 리더스그룹 확인을 위해 완주기록 제출하는 것 잊지마세요- 기념품 기념품은 아직 준비중이라고 합니다. 코스 코스가 서울레이... ,https://blog.naver.com/godud4132/223994728758,대한민국,"오전,오후,밤","아시아,오픈,시리즈,참가,접수,기록,절호,기회,리더,그룹,확인,위해,완주,기록,제출,기념품,기념품,레이,러너,아시아"
서울달리기코스추천,"나의 달리기 대회 기록 (14년~25년, 340 풀코스 완주까지)",일자 대회명 대회 종류 /거리 기록 기록 2012년 10월 10K 나이키 위 런 서울 10K 여자친구와 참가... 만 40이 되기 전에 풀코스를 한번 뛰어내자. 25년 2월 동네 공원에서 2km 달리기로 마음먹었던 것이... ,https://blog.naver.com/magic21com/224092113646,,오전,"대회,기록,완주,일자,대회,대회,종류,기록,기록,나이키,여자친구,참가,한번,동네,정말,개인,기록,요즘,인기,대회"
서울달리기코스추천,[달리기 코스 정기구독(113)] 커피 런(6) 리사르커피 &amp; 스탠딩커피,블루 레몬 에이드 다음으로 바리스타님이 추천해 준 바닐라 라떼를 마셨습니다. 바닐라 라떼(Hot... 서서 마시는 카페 #구독 #정기구독 #구독서비스 #정기구독서비스 #달리기코스구독 #서울달리기코스구... ,https://blog.naver.com/shjazz/222789332690,"커피런의,점과",시간미상,"정기,커피,사르,커피,스탠,커피,블루,레몬,이드,다음,바리스타,바닐라,라떼,바닐라,라떼,서서,카페,세상,에스프레소,머신"
서울달리기코스추천,5월 서울 마라톤 대회 일정/ 5km 10km 달리기(접수중),제25회 여성마라톤대회 - 일시: 5.3(토) 8시 시작 - 장소: 상암 평화의공원 평화광장 - 코스: 10km... 신청하시길 추천합니다. [이미지 출처: 각 주최측 홈페이지] #봄마라톤 #봄달리기 #서울마라... ,https://blog.naver.com/uni_do/223776858382,,"새벽,아침,오전","대회,일정,접수,여성,대회,일시,장소,상암,평화,평화,광장,신청,이미지,출처,주최,홈페이지,대회,일정,접수,목차"
서울달리기코스추천,풀코스도 거뜬! 러너들이 극찬한 꿀템 (+ 2026년 3월 서울 인기... ,"서울에서도 달리기 행사들이 쭉 이어지는데, 준비만 잘 하면 풀코스도 거뜬할 거예요! 그래서 이번 포스팅에서는  2026년 3월 서울 인기 마라톤 일정  러너들이 진짜 좋아하는 마라톤용품 추천 이 두 가지를... ",https://blog.naver.com/korea_gift/224209623659,,시간미상,"러너,극찬,꿀템,인기,행사,인기,일정,러너,진짜,용품,가지,가치,판촉,고려,판촉,전문,기업,고려,기프트,봄바람"
서울달리기코스추천,청계천 러닝코스 청계천 달리기 서울러닝코스,전 대부분 특별한 일이 생기지 않는다면 매일 꾸준하게 달리기를 하고 있습니다. 오늘은 주변의 추천으... (★★★★☆) # 동대문러닝코스#청계천러닝코스#러닝#달리기#동대문DDP#운동#러닝코스#청계천... ,https://blog.naver.com/kokokill77/223001844328,,"저녁,밤","청계천,청계천,대부분,생기지,매일,동대문,청계천,동대문,청계천,전부,죽음,전부,군대,적도,처음,계기,작년,심장병,수술,수술대"
서울달리기코스추천,아침 달리기 18km (ft. 2025 JTBC 서울 마라톤 주요코스... ,마라닉TV에서 JTBC마라톤 변경된 코스 컨텐츠를 한번 보고나니 알고리즘상 계속 유사한 컨텐츠가 추천... 토요일 오늘 달리기로 10km 이상 거리는 그만 달리고 남은 기간은 짧은 거리로 유지만 하려고 한다.... ,https://blog.naver.com/bubbly100/224053364197,,아침,"아침,변경,컨텐츠,한번,알고리즘,계속,컨텐츠,토요일,달리,기간,유지,변경,컨텐츠,한번,알고리즘,계속,컨텐츠,인스타,여러,컨텐츠"
서울달리기코스추천,마라톤 근력 훈련 오르막 달리기 방법과 서울 업힐 러닝 코스 5개,서울 업힐 러닝 코스 추천 서울은 오르막 달리기를 훈련하기에 다양한 좋은 장소들로 가득합니다. 아래에는 서울에서 오르막 달리기를 즐길 수 있는 5곳을 소개합니다. 1. 북한산 국립공원 (Bukhansan National Park)... ,https://jamiplace.tistory.com/46,,시간미상,"근력,오르막,업힐,업힐,오르막,장소,아래,오르막,북한,국립공원"
서울달리기코스추천,[달리기 코스 정기구독(109)] 호수 달리기(3) 석촌호수 &amp; 세종... ,사람이 항상 많은 곳으로 아침 일찍 혹은 저녁에 달리는 것을 추천한다. 서호와 동호 1회전은 2.... 1회전은 5km #구독 #정기구독 #구독서비스 #정기구독서비스 #달리기코스구독 #서울달리기코스구독... ,https://blog.naver.com/shjazz/222765997603,,"아침,오후,저녁","정기,호수,석촌호수,세종,항상,아침,일찍,저녁,서호,동호,동경,그것,에반스,몽트뢰,재즈,페스티벌,실황,음반,성음,라이센스"
서울달리기코스추천,서울 트레일러닝 5km 연습 코스! 우이동-도선사 달리기!,그래서 등산을 하면서 여기는 그래도 달리기 좋은 코스였다고 생각이 드는 곳에 대해서는 소개를... 코스 후기 추천 준비물: 이온음료: 날씨가 매우 덥고 땀을 많이 흘리기 때문에 이온음료가 매우 중요하다.... ,https://blog.naver.com/heysan_nature/223957377402,"참고로,경사도는,이제,광장,우이역부터,만남의광장,우이,우이역",오전,"트레일,연습,우이동,도선사,등산,대해,준비물,음료,날씨,매우,음료,매우,주말,등산,요즘,트레일,목표,연습,청계산,남산"
서울달리기코스추천,상암 난지도 하늘공원 달리기 코스소개,"상암 난지도 #하늘공원 달리기 코스 소개 서울에서 자연을 느끼며 달릴 수 있는 곳을 찾고 있다면, #상암하늘공원을 추천! 탁 트인 풍경과 잘 정비된 산책로, 그리고 서울 도심 속에서 느낄 수 있는 고요함까지... ",https://blog.naver.com/sally970830/223888679319,"설명,월드컵경기장",아침,"상암,난지도,하늘,상암,난지도,자연,풍경,정비,산책로,도심,고요함,상암,난지도,자연,풍경,정비,산책로,도심,고요함,하늘"
서울달리기코스추천,가볼만한곳 강서구 강서한강공원 추천 습지생태공원 자전거코스,서울 강서구는 한강을 끼고 있어서 한강변을 따라 많은 분들이 데이트를 즐기거나 또는 달리기 운동... 서울데이트추천 #서울데이트코스 #서울데이트가볼만한곳 아래 제 네이버 여행 인플루언서 홈페이지... ,https://blog.naver.com/kspak56/224194952171,,시간미상,"강서구,강서,한강,습지,생태,자전거,강서구,한강,강변,데이트,데이트,아래,여행,플루,홈페이지,데이트,강서구,강서,한강,습지"
서울달리기코스추천,검암PT 운동공장_인천 러닝 코스 추천 TOP 5 (달리기의 계절이... ,러닝 코스 TOP5 1. 경인 아라뱃길 출처 : 네이버 아라뱃길은 서해와 한강을 잇는 뱃길로 인천-김포-서울을... 초보 러너분들에게도 강력 추천하는 좋은 트랙입니다. 3. 송도 센트럴파크 달리기 코스 출처... ,https://blog.naver.com/lucky181900/223781052795,,"아침,저녁,밤","검암,공장,인천,계절,경인,아라뱃길,출처,아라뱃길,서해,한강,뱃길,인천,김포,초보,러너,강력,트랙,송도,센트럴,파크"
서울달리기코스추천,"서울 K-마라톤 대회 코스 분석... 준비물, 마라톤 무릎보호대 추천","서울 K-마라톤 대회 코스 분석 및 교통통제 정보(광화문광장) 청계천 구간 러닝 팁과 준비물, 마라톤 무릎보호대 추천 드디어 기다리고 기다리던 러너들의 축제, '2026 서울 K-마라톤'이 코앞으로 다가왔습니다.... ",https://blog.naver.com/ohayo11/224230278859,"광화문을,광화문광장,순차적으로","아침,오전","대회,분석,준비물,무릎,보호대,대회,분석,교통,통제,광화문,광장,청계천,준비물,무릎,보호대,러너,축제,코앞,대회,분석"
서울달리기코스추천,오늘부터 달리기를 합니다 마라톤 일정 준비물 코스 추천책,"달리기에 도움 되는 APP 스트라바 런데이 가민 커넥트 마라톤 대회 종류 로드 레이스 10km, 하프코스... 풀코스 트레일 레이스 산을 달리는 대회 이색 마라톤 대회 마라톤 대회 유형 국내 3대 마라톤 대회 서울국... ",https://blog.naver.com/santakaka/223394981382,,시간미상,"일정,준비물,도움,스트,라바,데이,커넥트,대회,종류,로드,레이스,하프,트레일,레이스,대회,이색,대회,대회,유형,국내"
서울달리기코스추천,운동화끈묶는법으로 해결됨(서울 러닝 5km 코스 추천),"건강검진을 목표로 달리기 시작한 지 어느덧 3일차입니다. 어제 체득한 골반 중립과 둔근 활성화... 성내천에서 올림픽공원을 도는 이 코스는 서울에서 보기 드문 '제로(Zero) 경사' 구간이라, 오직 내 몸의... ",https://blog.naver.com/dee7781/224237639636,차분히,시간미상,"화끈,해결,건강검진,목표,어제,체득,골반,중립,활성화,성내천,올림픽,보기,제로,경사,오직,건강검진,목표,어제,체득,골반"
서울달리기코스추천,서울 19) 성북천에서... 보문역까지 조깅 러닝 달리기 코스,"지난주 토요일 숙면을 취해서 몸 컨디션이 충분히 좋은 날이라서 가민 코치는 '기초체력 양성'으로 1시간 19분, 7분 55초 페이스로 달리는 코스를 추천했습니다. 개인적으로 느끼는 컨디션도 좋았고 장거리를 뛸... ",https://blog.naver.com/the_observeriter/223700348889,"보문동에서,용답,보문,보문동,성북천","오전,밤","성북천,보문역,조깅,지난주,토요일,숙면,취해,컨디션,코치,기초,체력,양성,개인,컨디션,장거리,요즘,계속,시계,코칭,기초"
서울달리기코스추천,한파 겨울달리기 장점 마브서울 8km,좋은 코스였어요. 달리기를 진행하는 마브서울은 Me And Beyond 나와 그 너머로 라는 의미를 담고 있는... 겨울에 달리기를 시작하신다면 스트레칭과 간단한 동적움직임으로 꼭 몸에 열을 내고 출발하시기 추천드려... ,https://blog.naver.com/godud4132/223283633204,내고,시간미상,"한파,겨울,장점,마브,진행,마브서울,너머,의미,겨울,스트레칭,움직임,즐거움,알리,크리에이터,진짜,착각,영하,겨울,진짜,마브서울"
서울달리기코스추천,의정부 중랑천 러닝코스 추천,"의정부 경전철 발곡역을 중심으로 서울쪽으로 올라가셔도 좋고, 중랑천 따라서 의정부 성모병원 쪽으로 쭉 내려 가시는 코스 추천 드립니다. 여튼 오늘도 내일도 달리기는 견딤의 연속이라 봅니다.",https://blog.naver.com/cookbad/224234120976,"장암,제가",시간미상,"의정부,중랑천,의정부,경전철,발곡역,중심,중랑천,따라서,의정부,성모,병원,내일,연속,의정부,돌콩,달린다,의정부,중랑천,보통,지역"
서울달리기코스추천,제11회 동작구청장배 달리기 대회 With 가마로강정 안내... ,딱 한 강공원 코스라고 할 수 있지요. #동작구청장배 #동작구달리기대회 #서울러닝 #한강러닝 #노들나루공원 #러닝대회 #마라톤대회 #러닝이벤트 #러닝추천 #봄러닝 #러닝일상 #러너일상 #러닝스타그램... ,https://blog.naver.com/minsanity-/224238385520,구반포,"아침,오전","동작구,청장,대회,가마,강정,안내,훌쩍,참가,혜자,대회,동작구,청장,대회,대회,일정,장소,일시,오전,집결,장소"
서울달리기코스추천,서울 동아 마라톤 2024 준비 달리기 러닝 마라톤 대회 코스,저 또한 10k부터 순차적으로 마라톤 대회를 다니고 해서 이제는 풀코스도 달리고는 하네요. 아직은... 그리고 꾸준하게 운동을 찾는다면 단연 달리기 운동을 추천하고요. 전 달리기하고 나서는 정말 매년... ,https://blog.naver.com/kokokill77/223369109781,지점에서는,오전,"동아,대회,또한,부터,순차,대회,이제,단연,정말,매년,거슬러,전쟁,역사,거슬러,전쟁,역사,월계관,유래,인간,가장"
서울달리기코스추천,초급 러너 한강 10km 달리기 추천 코스 Ep.1 [이촌한강공원... ,안녕하세요 달리기 열정 한가득 품고 있는 불패입니다 이번 10km 달리기 추천 코스는 [이촌 한강 공원... 한강 서울의 중심에서 달리기를 즐겨 보았습니다 지친 한 주를 마치고 맞이하는 토요일 아침 누구나... ,https://blog.naver.com/noblealex/223137788891,다시금,"새벽,아침,밤","러너,한강,이촌,한강,열정,불패,이촌,한강,한강,중심,마치,맞이,토요일,아침,누구,열정,불패,이촌,한강,서강대교"
서울달리기코스추천,"추천/ 충북괴산 러닝하기 좋은 곳, 러닝코스, 괴산호달리기",그래서 결국 만남의광장 주차장에 차를 세우고 달리기로 했다. 외부주차를 금지하는 곳인데 나는... 자전거길을 러닝코스로 적극 추천한다. 시작은 만남의 광장부터 _ 가볍게 5K ~ 7K정도 뛰기 좋은 구간이다. . .,https://blog.naver.com/muoxi91/224042248042,광장,오후,"충북,괴산,괴산,만남,광장,주차장,외부,주차,금지,자전거,적극,만남,광장,충북,괴산,러너,라면,충북,괴산,자전거"
서울달리기코스추천,일산 서울 한강 러닝 코스 27km lsd 러닝 코스 GPX첨부,가물가물 외로운 달리기 구간이 나옵니다. 강변북로 옆쪽 길이고 약 4km 정도 달려야 합니다. 가로등이... 고민하는 코스일 거라 생각합니다. 서울 거주자분들은 한강을 크게 도는 것을 당연 추천. 일산에서... ,https://blog.naver.com/kaeback2/224109072674,,저녁,"일산,한강,첨부,강변북로,옆쪽,길이,가로등,고민,주자,한강,크게,일산,마포,일산,호공,일산,톡방,인터넷,보고,조금"
서울달리기코스추천,15km 한강 달리기 나이키런 클럽 삼성헬스로 변경 서울시청,있다면 서울시청 나들이 오는 것도 추천~ 광복절 8.15km 815런 한강 러닝 달리기 작년부터 하고 있는... 한강 달리기를 자주 하는 사람이라면 자신만의 코스가 있는데 나 같은 경우 노들역에서 출발해서 반포... ,https://blog.naver.com/sjksjg/223971252912,"노들,노들역에서,노들역",시간미상,"한강,나이키,클럽,헬스,변경,시청,시청,나들이,광복절,한강,작년,한강,자주,라면,자신,경우,노들역,반포,서울특별시,서울특별시"
서울달리기코스추천,디즈니런 서울 2025 일정·코스... 펼쳐지는 마법의 달리기,체험 #디즈니런서울2025 #디즈니런예매 #디즈니굿즈마라톤 #여의도공원마라톤 #가족달리기축제 #캐릭터코스런 #서울10월러닝이벤트 #디즈니캐릭터이벤트 #서울디즈니행사 #2025서울마라톤추천 디즈니의... ,https://blog.naver.com/dydrhkd20/223920418889,,"아침,오전,오후","디즈니,일정,마법,체험,디즈니,여의도,축제,바로,디즈니,디즈니,캐릭터,달리,완주,굿즈,포토,타임,국내,유일,디즈니,테마"
서울달리기코스추천,마라톤 러닝코스 추천 - 안양천 달리기,오늘은 마라톤 러닝코스를 추천하려고 합니다:-) 지만 유일하게 제가 뛸 수 있는 코스에요. 날이... 있는 코스가 안양천입니다. 서울에 강이나 천 주위에 뛸 수 있는 코스가 여러군데 있죠- 한강공원(옛날엔... ,https://blog.naver.com/muksoodiet/222468243210,,"저녁,밤","안양천,안양천,주위,군데,한강,옛날,편이,저녁,장거리,팬츠,흠뻑,달리,오기,안양천,주위,군데,한강,옛날,고수부지,양재천"
서울달리기코스추천,서울 종로 스시산원 궁 스시... 데이트 추천 초밥 코스요리... ,스시 오마카세 경복궁 데이트 추천 초밥 코스요리 광화문 맛집 스시산원 궁 안녕하세요 뽀랑이에요... 장거리 달리기를 위한 하나의 투자라고 생각하고 여유를 즐기는 요즘이어라 원래도 그러했지만 음식... ,https://blog.naver.com/chlqhfka86/224243989975,마치고,"오전,오후,저녁","종로,스시,스시,데이트,초밥,요리,스시,마카,경복궁,데이트,초밥,요리,광화문,맛집,스시,뽀랑,장거리,하나,투자,여유"
서울달리기코스추천,2024 서울 레이스 러닝 달리기 마라톤 일정 접수 코스 시상... ,"2024 서울 레이스 일시 / 2024.10.13. 일요일. AM 08:00 장소 / 서울 광장 (시청역 5번 출구) 코스 / 하프... 2024 서울 달리기로 인해 (남대문로, 을지로 청계천로) 교통 통제 및 불법 주. 정차 단속 실시... ",https://blog.naver.com/pearl-j/223614927344,"부문별,이동",오전,"레이스,일정,접수,시상,레이스,일시,일요일,장소,광장,시청역,출구,하프,남대문로,을지로,청계천로,교통,통제,불법,정차,단속"
서울달리기코스추천,서울사랑마라톤 12월 접수 방법 코스 2025년 확인하기,"서울사랑마라톤 12월 접수 방법 코스 2025년 확인하기 도심 한가운데에서 바람을 가르며 달리는... 서울사랑마라톤, 이런 분께 추천합니다 도심에서 가벼운 달리기를 즐기고 싶은 분 기록 측정을 통한... ",https://blog.naver.com/cocochoi_/224094398991,코스는,"아침,오전,오후,저녁","사랑,접수,확인,사랑,접수,확인,도심,한가운데,바람,사랑,도심,기록,측정,통한,사랑,접수,확인,도심,한가운데,바람"
서울달리기코스추천,[러닝에세이] 달리기는 뇌운동이다 - 한강 러닝코스 추천... ,내가 굳이 다른 러닝코스를 찾아 떠나지 않아왔던 이유도 이것으로도 충분하다고 생각했기 때문인가 싶기도 하다. 오늘의 달리기는 6.4km로 마무리했다! 누가보기엔 보잘것 없을지몰라도 나에겐 평균이상의... ,https://blog.naver.com/pjcpjd/223980979058,"흑석,부터,오늘의",시간미상,"에세이,한강,굳이,다른,이유,마무리,누가,보기,평균,욕심,고민,이제,작성,과정,문득,사색,기록,정체,출발점,신고"
서울달리기코스추천,"서울 경기 달리기 좋은 곳, 목적별 런닝 코스","#경기런닝코스 #광교호수공원 #달리기좋은곳 #러닝코스추천 #런닝초보 #반포한강공원 #서울런닝코스 #서울숲 #야간런닝 #잠실종합운동장 서울 경기 달리기 좋은 곳, 목적별 런닝 코스 런닝 초보를 위한... ",https://blog.naver.com/kirrrin/224019985193,,"저녁,밤","경기,목적,런닝,경기,목적,런닝,런닝,초보,경기,목적,런닝,런닝,초보,부담,도심,자연,풍경,경기도,런닝,즐거움"
서울달리기코스추천,신청 예약 등록 접수 일정 기간 날짜 달리기 무도 런닝코스 준비물,개최일은 2025년 5월 25일이며 장소는 서울 여의도공원에서 진행됩니다. 달리기 코스는 총 10km로... 신청 개시일에 바로 예약 등록하시는 것을 추천드립니다. 마라톤 참가자 혜택 이번 무도 20주년 달리기... ,https://blog.naver.com/mc_kwak/223814289178,여의도공원을,시간미상,"신청,예약,등록,접수,일정,기간,날짜,무도,런닝,준비물,개최,장소,여의도,진행,신청,개시,바로,예약,등록,참가자"
서울달리기코스추천,"서울 벚꽃 2박3일, 여의도·석촌호수·남산 완벽 코스",안양천 벚꽃길(약 10km)은 따릉이로 달리기에 서울 최고의 자전거+벚꽃 코스입니다. ① 추천 구간: 여의도 한강공원 물빛광장 주변 돗자리 피크닉 ② 따릉이 대여: 앱 사전 설치 후 여의나루 대여소 이용 ③... ,https://blog.naver.com/realplan_travel/224244112319,,"아침,오전,저녁,밤","벚꽃,여의도,석촌호수,남산,완벽,안양천,벚꽃,따릉이,최고,자전거,벚꽃,여의도,한강,물빛,광장,돗자리,피크닉,따릉,대여,사전"
서울달리기코스추천,테마별 서울 무료 데이트 코스 드라이브 추천  갈만한 곳... ,"7월: 시원한 폭포와 야경 (여름밤 데이트)** 낮에는 시원한 실내나 폭포, 밤에는 야경을 추천합니다.... 양평 두물머리 코스:* 서울에서 1시간 내외. 탁 트인 강뷰를 보며 달리기 좋고, 주차 후 느티나무... ",https://blog.naver.com/abcdlita/224259784391,,"오전,밤","테마,무료,데이트,드라이브,폭포,야경,여름밤,데이트,실내,폭포,야경,양평,두물머리,내외,강뷰,주차,느티나무,계절,듬뿍,지갑"
서울달리기코스추천,2024년 해맞이런 12k (마라톤 달리기 러닝 코스추천),작년에는 정동진에서 첫 해를 봤지만 올해는 서울에서 보았습니다~ 2024 해맞이런 일자 : 2024. 01.01 (월)... 있기를 #러닝 #달리기 #러닝코스 #러닝코스추천 #달리기코스 #런닝코스 #런닝 #러닝취미 #런닝취미... ,https://blog.naver.com/eternal_jung/223312570555,올림픽공원,"새벽,아침,오전","작년,정동진,올해,일자,취미,제이,새해,맞이,용의,해인,올해,아침,맞이,작년,정동진,올해,일자,올림픽,잠실,한강"
서울달리기코스추천,"코스 추천, 퇴근 후 구리 갈매천공원 5km 10km 공복 달리기... ",우레탄 코스를 밟으면서 달리고 싶으시다면 아래쪽에서 뛰는걸 추천드려요. 산 상류에서 흐리는... 서울 쪽에는 급수대가 많던데 참 많이 아쉬워요. 저 멀리 치킨집도 보이네요. 이른 시간인데 사람들이... ,https://blog.naver.com/allaboutsafety_/223853798834,"어느세,갈매","새벽,저녁,밤","퇴근,구리,갈매,공복,우레,달리,아래쪽,상류,급수,대가,멀리,치킨,집도,런린,여러분,달리,매번,보고,달리,직장"
서울달리기코스추천,김포러닝코스 추천! 초보자도 즐길 수 있는 달리기 명소,"서울 근교에서 자연과 도시를 모두 느끼며 러닝을 즐길 수 있는 곳, 바로 김포입니다. 한강과 아라뱃길... 김포 호수공원 – 가족과 함께 걷고 달리기 좋은 공간 위치: 김포시 구래동 코스 거리: 약 3km 특징: 호수... ",https://blog.naver.com/eggholder/223857722260,김포,시간미상,"김포,초보자,명소,근교,자연,도시,모두,바로,김포,한강,아라뱃길,김포,호수,가족,공간,위치,김포시,구래동,특징,호수"
서울달리기코스추천,"봄 날, 달리기 좋은 서울 도심 코스","걷기/달리기 모두 쉬움 주변 관광객 적당히 있음, 인파 피해서 이른 아침 추천 - 경복궁 돌담길 하프코스 (21.1km) 출발지: 경복궁역 4번 출구 경로: 경복궁 돌담길 10바퀴 (20km) + 광화문광장 방향 직진 1.1km 추가... ",https://blog.naver.com/pik77812/223825442016,"석촌호수,청계광장,하프코스,양재,경복궁역,남산","아침,저녁,밤","도심,걷기,모두,쉬움,관광객,인파,피해,아침,경복궁,돌담,하프,경복궁역,출구,경로,경복궁,돌담,바퀴,광화문,광장,직진"
서울달리기코스추천,서울자전거길 자전거타기좋은곳 코스 추천 중랑천,"않았지만, 서울 자전거타기좋은곳 중랑천은 달리기도 좋지만, 쉬기도 좋아서 이렇게 다 쉬다보면... 길도 잘 되어 있고 자전거도로도 넓어서 사람들과 그리 북적이지 않게 탈 수 있는 서울 자전거길 코스 추천... ",https://blog.naver.com/zinizio/223783418926,,시간미상,"자전거,자전거타기,중랑천,자전거타기,중랑천,기도,자전거,도로,북적,자전거,자전거,자전거타기,중랑천,며칠,날씨,갑자기,처럼,중랑천,자전거,한강"
서울달리기코스추천,잠실 한강공원 꿀팁&gt; 달리기코스/ 놀이터/ 벗꽃길 추천,"이제 슬슬 날씨가 풀려서 매일 달리기를 해보려고 합니다! 서울 잠실지역은 어디나 평지여서 자전거 타기도 매우 좋아요. 카카오 바이크도 여기저기 많고요, 자전거를 이용해 한강으로 들어가서 강따라 쭉... ",https://blog.naver.com/jamsil_inside/222675078264,,시간미상,"잠실,한강,꿀팁,놀이터,벗꽃,이제,슬슬,날씨,매일,잠실,지역,어디,평지,자전거,기도,매우,카카오,바이크,여기저기,자전거"
서울달리기코스추천,서울 한강 러닝 코스는... 런린이 한강변 LSD 러닝 코스 추천!!,이왕 서울까지 가서 달리는 김에 한강변 경치를 마음껏 오래오래 즐기면서 달리고 오고싶었다. 그래서 한강변 러닝 코스를 추천 받아보고자 유튜브며 인스타며 검색해봤지만 러닝 코스는 잘 나오지 않더라.... ,https://blog.naver.com/hero88y/223108052514,"새벽에,잠실,잠실에서,다시","새벽,아침,오전","한강,런린,강변,강변,경치,마음껏,오래오래,달리,강변,보고,유튜브,인스타,검색,지난주,토요일,날씨,한강,달리,강변,경치"
서울달리기코스추천,서울 러닝 코스 추천 | 여의도  고구마런 (코스 안내 + GPX 공유),서울 러닝 코스 추천 1 : 여의도 고구마런 8km 후기 + gpx 공유 2026. 4. 7 (화) 저녁 달리기 안녕하세요 지난 가을부터 러닝 시작한지 왕초보 .. 인사 박습니다 요즘 날이 풀리면서 다시 러닝을 열심히 하고... ,https://blog.naver.com/mychsworld/224246502327,가을,저녁,"여의도,고구마,안내,공유,여의도,고구마,공유,저녁,가을,한지,왕초보,인사,요즘,다시,여의도,고구마,공유,저녁,가을,한지"
서울달리기코스추천,달리기도 매너 있게! '서울 러너스데이'에서 '런티켓' 배웠어요,"여의도한강공원에서 '2024 서울 러너스데이' 행사가 열렸다. ©엄윤주 11월 16일, 여의도한강공원에서... 긴 코스를 달리기보다는 1km, 5km 등 거리별로 점차 늘려가며 자신에게 맞는 단계로 달려보는 것을 추천합니... ",https://blog.naver.com/120seoulcall/223666031695,시에,"아침,오전,오후,저녁,밤","매너,러너,데이,티켓,여의도,한강,러너,데이,행사,윤주,여의도,한강,별로,점차,자신,단계,여의도,한강,러너,데이"
서울달리기코스추천,[도전 2020 - 춘마 풀코스 도전기]5월 2주차 달리기 기록,이제 누가 러닝화 추천해달라고 하면 브룩스 글리세린 시리즈를 추천해줄 계획입니다. 519... 있는 달리기 좋은 코스가 있더라구요!!!! 오!! 유레카!!!!! 오르막 내리막도 있고 흙길 아스팔트길도 있고 뛰는... ,https://blog.naver.com/bonghong8765/221971384806,"느끼면서,점인,저의","새벽,아침","도전,도전,주차,기록,이제,누가,브룩스,글리세린,시리즈,계획,유레카,오르막,내리막,흙길,아스팔트,주차,그동안,조금,다른,차이"
서울달리기코스추천,서울 한강 러닝 코스 추천 10km 여의도공원... ,초록색이 가득해서 좋았어요 3km ~ 4km 구간 잠수교를 건너서 다시 동작대교 방향(출발점)으로 달리기... 소통해요  #한강러닝코스 #서울러닝코스 #10km러닝 #여의도러닝 #러닝코스추천 #한강운동 #러닝일기... ,https://blog.naver.com/blue_wish_/224253501513,"동작,이제","아침,저녁","한강,여의도,초록색,잠수교,다시,동작대교,출발점,소통,날씨,분명,지금,소매,감기,기온,벚꽃,야외,활동,기분,날씨,한강"
서울달리기코스추천,[서울 벚꽃 명소] 반포천... 고속터미널역부터 한강 연결 코스 추천,#서울벚꽃명소 #반포천 #피천득산책로 #서울러닝코스 #서울산책로추천 #고속터미널역가볼만한곳 #이수교차로 #모닝런 #오운완 #서울달리기 #주말산책 #봄나들이 #파랑구름 #근테크 #건강한습관,https://blog.naver.com/earth4rany/224243351551,,"아침,밤","벚꽃,명소,반포천,터미널,한강,연결,세상,모든,산책로,사랑,파랑,구름,요즘,날씨,정말,환상,출근,아주,모닝,바로"
서울달리기코스추천,오산 다이어트 &lt;서울메디의원... 부스터 '조깅(느린달리기)의 효능!,달리기를 추천한다는 점을 잘 아실텐데요 ㅎㅎ 저는 오늘 휴일아침에도 달리기를 하고 왔습니다. 오늘의 조깅코스는 제가 살고 있는 집(역삼동)에서 시작해서 테헤란로를 지나 코엑스 지하몰을 통과 다시나와... ,https://blog.naver.com/khchdoohan/223548947348,,아침,"오산,다이어트,의원,부스터,조깅,효능,휴일,아침,조깅,역삼동,테헤란로,지나,코엑스,지하,통과,여름,다이어트,시즌,다이어트,관심"
서울달리기코스추천,"(런린이, 달리기 입문, 마라톤 입문, 러닝코스 추천 제품추천 등)",레드불 - 서울 달리기 추천코스 에어비앤비 - 서울 추천 러닝 코스 달리기를 이제 막 시작하고 더 재미있게 즐기시는 분들에게 유용한 정보가 되었으면 좋겠습니다. 그럼 오늘도 즐거운 런 하세요~,https://blog.naver.com/helmnelm/222260631001,한강,시간미상,"런린,입문,입문,제품,레드불,에어비앤비,이제,모닝,달리,췔시입니,이제,재미,발견,초보,리미,런린,초보,러너,선택,관련"
서울달리기코스추천,블로그 러닝 크루? 마라톤 트레일러닝 훈련 코스 남산 달리기,"남산은 언덕과 내리막이 이어지는 달리기 추천 코스이자 서울의 중심에 있어 수도권 러너들이 달리기를 하기에 더없이 좋은 모임 장소다. 외곽을 한 바퀴 돌면 7km, 북측순환로를 왕복으로 달려도 7km 정도... ",https://blog.naver.com/hotae1/223302524249,,오전,"크루,트레일,남산,남산,언덕,내리막,이자,중심,수도권,러너,더없이,모임,장소,외곽,바퀴,순환로,왕복,종로,덕후,주최"
서울달리기코스추천,815런 2024 서울 러닝 행사 일정 코스 기념품 정보 총정리,"바닷가를 끼고 시티런을 하고 싶으신 분들께 추천드리는 코스이며, 앞에서 소개해드린 해운대 해수욕장 코스와 적절하게 조합해서 달리기를 하면 8.15km를 가볍게 채우실 수 있습니다. 815런 2024 서울 러닝... ",https://blog.naver.com/my_life_moment/223516374072,,시간미상,"행사,일정,기념품,정리,바닷가,시티런,해운대,해수욕장,조합,행사,일정,기념품,정리,모멘트,장마,여름,지금,대회,소강,상태"
서울달리기코스추천,"서울 러닝코스 추천, 국립중앙박물관 - 용산가족공원 - 용산... ",저는 주로 천천히 달리긴 합니다만 ㅋㅋ 그래도 어떤 코스를 달리냐에 따라 또 달라지긴 해요~ 오늘은 서울 러닝코스 로 왕추천 하는 코스로 가 볼 건데요~ 국립중앙박물관 에서 조인 1.국중박 관람 후 2.... ,https://blog.naver.com/badalaik/224244361793,이촌,"아침,오전,저녁","국립,중앙,박물관,용산,가족,용산,주로,건데,국립,중앙,박물관,조인,관람,국립,중앙,박물관,용산,가족,용산,장교"
서울달리기코스추천,"서울_러닝코스추천) 비 오는 날, 어린이대공원에서 가벼운 달리기","23.07.13 서울 어린이대공원 러닝 코스 ✅ 거리: 한 바퀴 대략 1.7~2.3km (길을 잘못 들어서 중간에 잘라서... 있음) ✅ 추천 포인트: 고양이, 편의시설, 도심 속 자연 ✅ 특이사항 - 이용 시간 05:00~22:00 (이른 아침 혹은... ",https://blog.naver.com/after-sports/223155401117,,"아침,밤","어린이,어린이,바퀴,대략,잘못,중간,포인트,고양이,편의,시설,도심,자연,특이,사항,이용,아침,어린이,바퀴,대략,잘못"
서울달리기코스추천,서울 도심 러닝 코스 추천 | 청계천(광화문 종로 을지로) 5km... ,"서울 러닝 코스 추천 3 : 청계천 (광화문 종로 을지로 / 청계광장 ~ 버들다리) 5km 후기 2026. 4. 8 (수) 저녁 달리기 저는 광화문역 5번출구 쪽, 청계광장 스프링(조형물)에서 출발해서 - 종각역 ~ 을지로 - 그리고... ",https://blog.naver.com/mychsworld/224250472662,에서,저녁,"도심,청계천,광화문,종로,을지로,청계천,광화문,종로,을지로,청계,광장,버들,다리,저녁,광화문역,출구,청계,광장,스프링,조형"
서울달리기코스추천,서울 러닝코스 추천 BEST 7 한강·남산·서울숲까지 초보부터... ,사람 적고 조용해서 집중해서 달리기 좋습니다.  추천 “한적한 코스 찾는 분들” ✅ 서울 러닝코스 핵심 추천 정리 ✔ 초보  여의도공원 / 서울숲 ✔ 감성 &amp; 야경  반포한강공원 / 뚝섬한강공원 ✔ 체력... ,https://blog.naver.com/sadieu/224251856757,,시간미상,"한강,남산,서울숲,초보,집중,핵심,정리,초보,여의도,서울숲,감성,야경,반포,한강,뚝섬,한강,체력,초보,감성,장거리"
서울달리기코스추천,서울 걷기코스 추천 안산 자락길 트레킹,서울 걷기코스 추천 안산 자락길 트레킹 안녕하세요 유지아빠 입니다^^ 제가 주로 하는 운동은 '달리기' 인데요 날씨가 추워지기 전에는 한달에 200km 이상 달리다가 12월 들어서는 150km 정도 그런데 12월 말인가요... ,https://blog.naver.com/jmvictoria03/223317157211,,"오전,오후","걷기,안산,자락,트레킹,걷기,안산,자락,트레킹,유지,아빠,주로,날씨,걷기,안산,자락,트레킹,유지,아빠,주로,날씨"
서울달리기코스추천,[러닝 코스 추천] 10km 완주... 힐링 러닝 명소 BEST 5 (서울/경기),잘 정비된 수변 데크길을 따라 달리기 때문에 발의 피로도가 낮습니다. 힐링 포인트: 호수에 비친... #러닝코스추천 #초보러너 #10km완주 #마라톤완주 #리커버리러닝 #힐링러닝 #러닝명소 #일산호수공원 #서울숲... ,https://blog.naver.com/playingmom/224265186174,,"아침,저녁,밤","완주,힐링,명소,경기,정비,데크,발의,피로,힐링,포인트,호수,구석,세상,보기,놀맘,얼마,인생,완주,컬처,출전"
서울달리기코스추천,2026 서울하프마라톤 대회 기념품 후기와 코스 교통통제 정보,그런지 서울이 참 예쁘다는 걸 새삼 느꼈답니다. 추천글 1) 강아지 지능순위 100 꼴찌여도 괜찮아 비숑... #2026서울하프마라톤 #마라톤완주후기 #서울달리기 #운동하는직장인 #기념품언박싱 #교통통제정보... ,https://blog.naver.com/homjts8/224265798988,,아침,"하프마라톤,대회,기념품,교통,통제,새삼,강아지,지능,순위,비숑,완주,벤치,모습,진짜,주말,다리,혹시,사실,별로,여기"
서울달리기코스추천,"달리기 후기, 여의도 러닝코스를 추천해 드릴게요.","이전에는 서울에서 가장 높은 빌딩이었는데 지금은 그 위상이 좀 떨어진 감이 있지만 그래도 여러모로... ㅎㅎㅎ 다시 본론으로 돌아가서, 실제 뛰어보니 런린이들에게 여의도 달리기코스로 추천할만 한 것... ",https://blog.naver.com/endelos/223968080704,,시간미상,"여의도,이전,가장,빌딩,지금,위상,모로,다시,본론,실제,어보,런린이들,여의도,여의나루역,러너,공간,마련,오른쪽,러너,공간"
서울달리기코스추천,[서울 러닝 코스 추천 2탄] 보라매공원 약 6.2km  우중런 후기,com/gunbbang930/223897230234 #서울러닝코스추천 #보라매공원러닝 #보라매역 #보라매공원역 #러닝후기... 한강런 #채피니스 #러닝코스 #러닝 #뛰기 #걷기 #달리기 #행복 #낭만 #러닝크루 #러너 #나혼자산다,https://blog.naver.com/gunbbang930/224179177895,신대방,"오후,저녁","보라매,우중,한강,채피,니스,라면,러버,장소,보라매,어린이,올림픽,거구,보라매로,보라매,출신,공군,진주,훈련병,보라매,필쓩"
서울달리기코스추천,"[서울 러닝코스 추천] 남산 러닝, 러닝 후 남산 카페 @콤포타블... ",다들 즐거운 러닝 하세욥 남산 북측/남측순환로 코스 정보는  https://blog.naver.com/clzlsalskfl/224016935251 #러닝 #서울러닝 #서울러닝코스추천 #서울달리기코스추천 #남산러닝 #남산순환길 #남산순환길러닝... ,https://blog.naver.com/clzlsalskfl/224042858251,시청,오후,"남산,남산,카페,콤포타블,남산,순환로,인기,요즘,남산,워낙,남산,커피,브런치,가을,단풍,남산,순환로,서울특별시,중구,남산"
서울달리기코스추천,서울 당일치기 여행코스 추천 안국 카페레이어드 갓잇 청와대... ,카페레이어드 안국 허기진 배를 달리기 위해 처음 시작한 곳은 안국역 근처에 있는 유명하나 베이커리... 청와대관람 #서울가볼만한곳 #서울데이트코스 #안국카페추천 #체부동맛집 #갓잇 #카페레이어드,https://blog.naver.com/stella692/223960213261,,"오후,저녁,밤","당일치기,여행,안국,카페,레이어,청와대,카페,레이어,안국,위해,처음,안국역,베이커리,청와대,관람,당일치기,여행,하루,충분,낭만"
서울달리기코스추천,"온 벤자민,벤자민이 사랑하는 서울의 달리기",반포한강공원 외에 달리기 코스로 추천하고 싶은 곳이 있나요? 성수동에 있는 서울숲이요. 성수동 거리부터 서울숲 둘레길까지 코스로 달려요. 서울숲 둘레길에 들어설 때 완전히 다른 풍경이 펼쳐지는 게... ,https://blog.naver.com/seoulsportal/223057973409,,"새벽,아침,저녁","벤자민,벤자민,사랑,반포,한강,성수동,서울숲,성수동,서울숲,둘레길,서울숲,둘레길,다른,풍경,세계,남아프리카공화국,벤자민,벤자민,사랑,남아프리카공화국"
서울달리기코스추천,"2026 서울K마라톤대회(하프,10.5km)완벽정리.코스,규정,기념품... ",⚠️ 실격 주요 기준 번호표 미착용 코스 이탈 타인 도움 기록칩 미사용 쓰레기 투기  하나라도 걸리면 바로 실격 2026서울 K-마라톤대회 안내 책자 사진202  이런 분들 꼭 추천 ✔ 첫 마라톤 도전 ✔ 기록... ,https://blog.naver.com/4168174/224229312734,"광화문을,대회,그룹,에서","아침,오전","대회,하프,완벽,정리,규정,기념품,실격,주요,번호,미착,이탈,타인,도움,록칩,미사,쓰레기,투기,하나,바로,실격"
서울달리기코스추천,서울 러닝 코스 올림픽공원 러닝 &amp; 단풍 -빵집 추천... ,오늘은 서울 러닝코스로 좋은 올림픽공원 단풍과 근처 함께 가면 좋은 베이커리 카페인 르보마리아쥬... 올림픽공원 러닝 코스! 공원 외곽을 크게 돌면 5km정도 나와요. 10k 달리기할 때 올림픽공원 크게 두바퀴... ,https://blog.naver.com/bigway22/224084412055,"소마미술관,동호,동호에서,석촌호수","아침,오전","올림픽,단풍,빵집,올림픽,단풍,가면,베이커리,카페인,르보마리아쥬,올림픽,외곽,크게,올림픽,크게,바퀴,토요일,모습,올림픽,단풍,르봉"
서울달리기코스추천,뚝섬한강공원 러닝 코스 추천_퇴사한 시골쥐의 서울상경 54일차,"♀️ [서울 광진] 뚝섬한강공원 러닝 코스 추천 | 자양역~잠실대교~잠실철교 봄 산책 후기  기분 전환... 등산이 하고 싶으면 바로 산에 가고, 호수공원에 가서 산책이나 달리기도 하고 좋아하는 센터들도 있어서... ",https://blog.naver.com/hyuniup_/224262903783,한강공원으로,밤,"뚝섬,한강,퇴사,시골,상경,광진,뚝섬,한강,자양역,잠실대교,잠실철교,산책,기분,전환,등산,바로,호수,산책,센터,광진"
서울달리기코스추천,[서울 러닝 코스 추천 3탄] 청계천 완전정복 9km 러닝 후기... ,그럼 행복런 합시다요 ㅎ.ㅎ #러닝후기 #서울러닝코스추천 #러닝코스 #러너 #러닝 #뛰기 #걷기 #달리기 #마라톤준비 #마라톤 #행복 #설날 #가족 &lt;러닝 코스 추천 모음&gt; 1.서울 과기대 https://m.blog.naver.com... ,https://blog.naver.com/gunbbang930/224184682897,정릉천,시간미상,"청계천,완전,정복,행복,모음,과기대,러너,채피,청계천,날씨,날씨,프로,정릉천,햇빛,그늘,경계,사이,햇빛,스트레칭,쭉쭉"
서울달리기코스추천,제주도 달리기 코스 BEST 5,이 코스인가? 해 뜨는 방향으로 달리기 때문에 자연스럽게 일출 감상 가능 이른 아침엔 차량이 거의 없어 고요한 러닝 가능 일출봉을 배경으로 뛰는 사진은 SNS에서 ‘좋아요 폭발’   추천 시간대 새벽 5:30~6:30... ,https://blog.naver.com/s0202g/224037937066,,"새벽,아침,오전,저녁","제주도,자연,일출,감상,가능,아침,차량,거의,고요한,가능,일출봉,배경,폭발,시간대,새벽,제주도,고향이,제주,추석,연휴"
서울달리기코스추천,서울 한강 러닝 코스 추천 | 양화한강공원 마포대교 여의도... ,서울 한강 러닝 코스 추천 4 : 양화한강공원 - 여의도한강공원 - 마포대교 7.5km 후기 2026. 4. 17 (금) 저녁 달리기 안녕하세요 ! 오랜만에 온 기분이네요..ㅎㅎ 지난 포스팅에 이어서 오늘은 새로운 서울 러닝 코스를... ,https://blog.naver.com/mychsworld/224262707423,"마포대교,마포대교에서",저녁,"한강,양화,한강,마포대교,여의도,한강,양화,한강,여의도,한강,마포대교,저녁,기분,한강,양화,한강,여의도,한강,마포대교,저녁"
서울달리기코스추천,2026 키움런 마라톤 신청 방법 접수 서울 여의도공원 코스... ,"2026 키움런 마라톤 신청 방법 접수 서울 여의도공원 코스 참가비 봄바람이 슬슬 불기 시작하면... 달리기 하나로 기부와 연대를 동시에 실천할 수 있는 기회는 많지 않습니다. 친구끼리, 연인끼리, 가족끼리... ",https://blog.naver.com/blogbaksa/224218408519,"화의마당에서,치어리더,최초,순차,그룹별,문화의마당,분에,같은,다시,에서","새벽,아침,오전","키움런,신청,접수,여의도,키움런,신청,접수,여의도,참가,봄바람,슬슬,불기,하나로,기부,연대,동시,실천,기회,끼리,연인"
서울달리기코스추천,서울 러닝코스 추천 사당역부터 예술의전당까지,서울 러닝코스 추천 사당역부터 예술의전당까지 새롭게 시작하는 11월 무릎 부상 때문에 아직은 몸... 정말 달리기 좋은 날씨에 너무 억을 하기도 하지만 뭐 별 수 있나 내 과오였던걸. 그래도 잘 회복해서... ,https://blog.naver.com/1manbo/224061568919,사당,시간미상,"사당역,예술의전당,사당역,예술의전당,무릎,부상,정말,날씨,과오,사당역,예술의전당,무릎,부상,상태,상태,날씨,만큼,한강,루트,사당역"
서울달리기코스추천,2017 서울달리기 대회 참가해볼까?,"8시 서울광장에서 진행된다. 모집인원은 총 1만 명, 참가비는 4만 원이다. 코스는 하프, 10k 두 가지... 2017 서울달리기 대회를 적극 추천한다! 언제 차가 통제된 상태에서 서울시내를 달려보겠는가? 물론... ",https://blog.naver.com/kingkonglegacy/221050182261,,시간미상,"대회,참가,광장,진행,모집,인원,참가,하프,가지,대회,적극,언제,통제,상태,시내"
